Date,Particulars,Vch Type,Vch No.,Debit Amount,Credit Amount
,,,,,
01-04-2025,Wages Expenses A/C,Payment,1,7500,
,Cash,,,,7500.00 Cr
01-04-2025,Convence Expensece,Payment,2,2200,
,Cash,,,,2200.00 Cr
01-04-2025,Shri Shyam Baat Bhandar (Bad Ke Bala Ji ),Receipt,1,,18148
,HDFC Bank,,,18148.00 Dr,
01-04-2025,Shri Chand Pasu Aahar Malpura,Sales,2364/25/26,83170,
,Sales Account,,,,83170.00 Cr
01-04-2025,Patel Enterprises  Rojda,Sales,2351/25/26,61900,
,Sales Account,,,,61900.00 Cr
01-04-2025,SHRI BALAJI ENTERPRISES-TIGARIYA,Sales,2352/25/26,66720,
,Sales Account,,,,66720.00 Cr
01-04-2025,Dugya Cattle Feed - Muhana,Sales,2353/25/26,44120,
,Sales Account,,,,44120.00 Cr
01-04-2025,Dugya Cattle Feed - Muhana,Sales,2354/25/26,27000,
,Sales Account,,,,27000.00 Cr
01-04-2025,Godha Enterprises (Hingoniya),Sales,2355/25/26,86825,
,Sales Account,,,,86825.00 Cr
01-04-2025,Kharwash Trading Company (Muhana ),Sales,2358/25/26,57810,
,Sales Account,,,,57810.00 Cr
01-04-2025,Mahesh Trading Company Renwal,Sales,2359/25/26,75395,
,Sales Account,,,,75395.00 Cr
01-04-2025,(cancelled),Sales,2360/25/26,,
01-04-2025,Love General Stor    Tunga,Sales,2361/25/26,58400,
,Sales Account,,,,58400.00 Cr
01-04-2025,G.K.N - Industries,Sales,2362/25/26,47992,
,Sales Account,,,,47992.00 Cr
01-04-2025,Satyenarayan Kunj Bihari  Ude,Sales,2363/25/26,37125,
,Sales Account,,,,37125.00 Cr
01-04-2025,Jain & Brothers - Muhana Mandi,Sales,2365/25/26,62215,
,Sales Account,,,,62215.00 Cr
01-04-2025,Choudhary Pashu Aahar  Parbatsar,Sales,2366/25/26,67000,
,Sales Account,,,,67000.00 Cr
01-04-2025,Pashupati Trading Company,Sales,2367/25/26,33380,
,Sales Account,,,,33380.00 Cr
01-04-2025,Kharwash Trading Company (Muhana ),Sales,2368/25/26,54564,
,Sales Account,,,,54564.00 Cr
01-04-2025,G.K.N - Industries,Sales,2369/25/26,42900,
,Sales Account,,,,42900.00 Cr
01-04-2025,Kharwash Trading Company (Muhana ),Sales,2370/25/26,57810,
,Sales Account,,,,57810.00 Cr
01-04-2025,Goyal Treders Fhagi,Sales,2371/25/26,84647,
,Sales Account,,,,84647.00 Cr
01-04-2025,Haritwal Pashu Ahar Vatika,Sales,2372/25/26,72870,
,Sales Account,,,,72870.00 Cr
01-04-2025,Kharwash Trading Company (Muhana ),Sales,2374/25/26,66764,
,Sales Account,,,,66764.00 Cr
01-04-2025,Ganesh Pashuahar Chaksu,Sales,2375/25/26,117150,
,Sales Account,,,,117150.00 Cr
01-04-2025,Rakesh Kirana Store - Khejroli,Sales,2376/25/26,18080,
,Sales Account,,,,18080.00 Cr
01-04-2025,Shri Shyam Baat Bhandar (Bad Ke Bala Ji ),Sales,2377/25/26,17535,
,Sales Account,,,,17535.00 Cr
01-04-2025,Ishwar and Company Surajpool,Sales,2378/25/26,101920,
,Sales Account,,,,101920.00 Cr
01-04-2025,Ankit Trading Company Fulera,Sales,2379/25/26,12694,
,Sales Account,,,,12694.00 Cr
01-04-2025,Prakash Enterprises - Phulera,Sales,2380/25/26,82400,
,Sales Account,,,,82400.00 Cr
01-04-2025,Shri Shyam Baat Bhandar (Bad Ke Bala Ji ),Sales,2383/25/26,18148,
,Sales Account,,,,18148.00 Cr
01-04-2025,Babulal Ji Yadav - Mahaswas,Sales,2384/25-26,83250,
,Sales Account,,,,83250.00 Cr
01-04-2025,Ankit Trading Company Fulera,Sales,2385/25-26,49708,
,Sales Account,,,,49708.00 Cr
01-04-2025,JAGMOHAN  SATISH KUMAR  MAHUWA,Sales,2386/25-26,100807,
,Sales Account,,,,100807.00 Cr
01-04-2025,G.K.N - Industries,Sales,2387/25-26,43615,
,Sales Account,,,,43615.00 Cr
01-04-2025,Vinayak Brothers - Renwal,Sales,2356/25/26,94300,
,Sales Account,,,,94300.00 Cr
02-04-2025,Tour & Travel,Payment,3,4240,
,Cash,,,,4240.00 Cr
02-04-2025,Wages Expenses A/C,Payment,4,4950,
,Cash,,,,4950.00 Cr
02-04-2025,Anjani Trading Company  -(Beawar),Receipt,2,,214924
,HDFC Bank,,,214924.00 Dr,
02-04-2025,(cancelled),Receipt,3,,
02-04-2025,PRABHA MAHILA KISSAN PRODUSER KHANDER,Receipt,4,,20000
,HDFC Bank,,,20000.00 Dr,
02-04-2025,SHRI BALAJI ENTERPRISES-TIGARIYA,Sales,2388/25-26,66970,
,Sales Account,,,,66970.00 Cr
02-04-2025,Kedar Kirana Stor Benadamod,Sales,2389/25-26,46000,
,Sales Account,,,,46000.00 Cr
02-04-2025,Shri Chand Pasu Aahar Malpura,Sales,2381/25/26,71040,
,Sales Account,,,,71040.00 Cr
03-04-2025,Wages Expenses A/C,Payment,5,6950,
,Cash,,,,6950.00 Cr
03-04-2025,Machinery Reparing,Payment,6,2450,
,Cash,,,,2450.00 Cr
03-04-2025,Machinery Reparing,Payment,7,20650,
,Punjab National Bank - New,,,,20650.00 Cr
03-04-2025,Nakoda Trading Company  Nimbaheda,Receipt,5,,13500
,HDFC Bank,,,13500.00 Dr,
03-04-2025,Ishwar and Company Surajpool,Receipt,6,,101920
,HDFC Bank,,,101920.00 Dr,
03-04-2025,Ratan Lal and Company     Khejroli,Receipt,7,,61600
,HDFC Bank,,,61600.00 Dr,
03-04-2025,Ramnarayan  Girraj Jaipur,Receipt,8,,9000
,Cash,,,9000.00 Dr,
03-04-2025,Ishwar and Company Surajpool,Sales,2390/25-26,90160,
,Sales Account,,,,90160.00 Cr
03-04-2025,Shyam Baat Bhandar - Kanwarpura,Sales,2391/25-26,63500,
,Sales Account,,,,63500.00 Cr
03-04-2025,Nakoda Trading Company  Nimbaheda,Sales,2392/25-26,13500,
,Sales Account,,,,13500.00 Cr
03-04-2025,Kharwash Trading Company (Muhana ),Sales,2394/2025-26,57810,
,Sales Account,,,,57810.00 Cr
03-04-2025,Jai Jagdamba Treding Company Nangal Bhirda,Sales,2395/25-26,67089,
,Sales Account,,,,67089.00 Cr
03-04-2025,"Kailash Chand Deen Dayal - Kasera, Shreemodhopur",Sales,2396/25-26,44925,
,Sales Account,,,,44925.00 Cr
03-04-2025,R S Oil Mils,Purchase,1,,54775
,Purchase Account,,,54775.00 Dr,
03-04-2025,S M Sales Corporation  Jaipur,Purchase,2,,22166
,Purchase Account,,,22166.00 Dr,
04-04-2025,Machinery Reparing,Payment,8,1330,
,Cash,,,,1330.00 Cr
04-04-2025,Office Expenses,Payment,9,155,
,Cash,,,,155.00 Cr
04-04-2025,Wages Expenses A/C,Payment,10,7450,
,Cash,,,,7450.00 Cr
04-04-2025,KAMAL TRADING CO Dudu,Receipt,9,,40000
,HDFC Bank,,,40000.00 Dr,
04-04-2025,Tarachand Ji -Yadav Khejroli,Receipt,10,,44900
,HDFC Bank,,,44900.00 Dr,
04-04-2025,Ramnarayan  Girraj Jaipur,Receipt,11,,9000
,Cash,,,9000.00 Dr,
04-04-2025,Dugya Cattle Feed - Muhana,Sales,2397/25-26,44100,
,Sales Account,,,,44100.00 Cr
04-04-2025,Dugya Cattle Feed - Muhana,Sales,2398/25-26,27500,
,Sales Account,,,,27500.00 Cr
04-04-2025,Uttam Agencies Sambriya,Sales,2399/25-26,50920,
,Sales Account,,,,50920.00 Cr
04-04-2025,PRABHA MAHILA KISSAN PRODUSER KHANDER,Sales,2400/25-26,63000,
,Sales Account,,,,63000.00 Cr
04-04-2025,Tarachand Ji -Yadav Khejroli,Sales,2401/25-26,44900,
,Sales Account,,,,44900.00 Cr
04-04-2025,Balaji Indastrises  Didwana,Sales,2402/25-26,65740,
,Sales Account,,,,65740.00 Cr
05-04-2025,Tour & Travel,Payment,11,1500,
,Cash,,,,1500.00 Cr
05-04-2025,Wages Expenses A/C,Payment,12,7600,
,Cash,,,,7600.00 Cr
05-04-2025,Goyal Treders Fhagi,Receipt,12,,84647
,HDFC Bank,,,84647.00 Dr,
05-04-2025,Dugya Cattle Feed - Muhana,Receipt,13,,75350
,HDFC Bank,,,75350.00 Dr,
05-04-2025,Jain & Brothers - Muhana Mandi,Receipt,14,,38289
,HDFC Bank,,,38289.00 Dr,
05-04-2025,Ramnarayan  Girraj Jaipur,Receipt,15,,2000
,Cash,,,2000.00 Dr,
05-04-2025,Shri Shyam Baat Bhandar (Bad Ke Bala Ji ),Sales,2403/25-26,23083,
,Sales Account,,,,23083.00 Cr
05-04-2025,Bayo Foods and Fids Shiv Puri,Purchase,3,,840506
,Purchase Account,,,840506.00 Dr,
06-04-2025,Maa Karni Baat Bhander Sodala,Receipt,16,,8330
,Cash,,,8330.00 Dr,
07-04-2025,Wages Expenses A/C,Payment,13,7650,
,Cash,,,,7650.00 Cr
07-04-2025,Printing & Stationary,Payment,14,1850,
,Cash,,,,1850.00 Cr
07-04-2025,Shri Hari Shanker Khandelwal,Payment,15,9000,
,Cash,,,,9000.00 Cr
07-04-2025,Nilesh Kumar Khandelwal,Payment,16,9500,
,Vijay Kumar Khandelwal,,,9500.00 Dr,
,Priyanka Devi Khandelwal,,,9500.00 Dr,
,Vishnu Gupta,,,9500.00 Dr,
,Nitesh,,,9500.00 Dr,
,Pradeep Kumar Gupta,,,9500.00 Dr,
,Raju Lal Ji,,,9500.00 Dr,
,Raju Mistri,,,9500.00 Dr,
,Cash,,,,76000.00 Cr
07-04-2025,Shri Shyam Baat Bhandar (Bad Ke Bala Ji ),Receipt,17,,23083
,HDFC Bank,,,23083.00 Dr,
07-04-2025,Shri Chand Pasu Aahar Malpura,Receipt,18,,191600
,HDFC Bank,,,191600.00 Dr,
07-04-2025,Choudhary Pashu Aahar  Parbatsar,Receipt,19,,35000
,HDFC Bank,,,35000.00 Dr,
07-04-2025,Abhishek Treding Company  Fathenegar,Receipt,20,,238700
,HDFC Bank,,,238700.00 Dr,
07-04-2025,Vinayak Brothers - Renwal,Sales,2404/25-26,92770,
,Sales Account,,,,92770.00 Cr
07-04-2025,KAMAL TRADING CO Dudu,Sales,2405/25-26,60800,
,Sales Account,,,,60800.00 Cr
07-04-2025,Abhishek Treding Company  Fathenegar,Sales,2406/25-26,238700,
,Sales Account,,,,238700.00 Cr
07-04-2025,Shri Siddhi Vinayak Industry - Palsana,Sales,2407/25-26,148980,
,Sales Account,,,,148980.00 Cr
07-04-2025,Arihant  Kumar Rahul Kumar  Medta Seety - S,Sales,2408/25-26,240807,
,Sales Account,,,,240807.00 Cr
07-04-2025,Suraj Agro - Udaipur - Maize DDGS,Purchase,4,,642408
,Purchase Account,,,611817.00 Dr,
,SGST-Tax,,,15295.50 Dr,
,CGST-Tax,,,15295.50 Dr,
07-04-2025,Om Prakash Rajesh Kumar - Jaipur,Purchase,5,,104762
,Purchase Account,,,104762.00 Dr,
08-04-2025,Electricity and Water Expenses,Payment,17,16375,
,HDFC Bank,,,,16375.00 Cr
08-04-2025,BUSINESS PROMOTION EXPENSES,Payment,18,23849,
,HDFC Bank,,,,23849.00 Cr
08-04-2025,S M Sales Corporation  Jaipur,Payment,19,22166,
,HDFC Bank,,,,22166.00 Cr
08-04-2025,R S Oil Mils,Payment,20,54775,
,HDFC Bank,,,,54775.00 Cr
08-04-2025,Rakesh Enterprises Peryagraj,Payment,21,129645,
,HDFC Bank,,,,129645.00 Cr
08-04-2025,Office Expenses,Payment,22,516,
,Cash,,,,516.00 Cr
08-04-2025,Wages Expenses A/C,Payment,23,7550,
,Cash,,,,7550.00 Cr
08-04-2025,Tour & Travel,Payment,24,1500,
,Cash,,,,1500.00 Cr
08-04-2025,J.S. Packers - Jaipur,Payment,25,14487,
,Punjab National Bank - New,,,,14487.00 Cr
08-04-2025,J.S. Packers - Jaipur,Payment,26,24428,
,Punjab National Bank - New,,,,24428.00 Cr
08-04-2025,Nilesh Kumar Khandelwal,Payment,27,9500,
,Vijay Kumar Khandelwal,,,9500.00 Dr,
,Priyanka Devi Khandelwal,,,9500.00 Dr,
,Pradeep Kumar Gupta,,,8000.00 Dr,
,Raju Lal Gupta,,,4500.00 Dr,
,Vishnu Gupta,,,9500.00 Dr,
,Nitesh,,,9500.00 Dr,
,Raju Mistri,,,4000.00 Dr,
,Cash,,,,64000.00 Cr
08-04-2025,G.K.N - Industries,Sales,2409/25-26,44330,
,Sales Account,,,,44330.00 Cr
08-04-2025,Ganesh Pashuahar Chaksu,Sales,2410/25-26,118295,
,Sales Account,,,,118295.00 Cr
08-04-2025,Sunny Industries Sitapura Jaipur,Purchase,6,,35807
,Purchase Account,,,35807.00 Dr,
09-04-2025,Brokrage,Payment,28,1260,
,HDFC Bank,,,,1260.00 Cr
09-04-2025,Suraj Agro - Udaipur - Maize DDGS,Payment,29,640048,
,HDFC Bank,,,,640048.00 Cr
09-04-2025,Om Prakash Rajesh Kumar - Jaipur,Payment,30,104762,
,HDFC Bank,,,,104762.00 Cr
09-04-2025,Sunny Industries Sitapura Jaipur,Payment,31,35807,
,HDFC Bank,,,,35807.00 Cr
09-04-2025,Wages Expenses A/C,Payment,32,6150,
,Cash,,,,6150.00 Cr
09-04-2025,Office Expenses,Payment,33,3850,
,Cash,,,,3850.00 Cr
09-04-2025,Balaji Indastrises  Didwana,Receipt,21,,65740
,HDFC Bank,,,65740.00 Dr,
09-04-2025,(cancelled),Receipt,22,,
09-04-2025,Haritwal Pashu Ahar Vatika,Sales,2411/25-26,72870,
,Sales Account,,,,72870.00 Cr
09-04-2025,Narendar Kumar Khejroli,Sales,2412/25-26,77775,
,Sales Account,,,,77775.00 Cr
09-04-2025,Kharwash Trading Company (Muhana ),Sales,2413/25-26,61080,
,Sales Account,,,,61080.00 Cr
09-04-2025,Patel Enterprises  Rojda,Sales,2414/25-26,61900,
,Sales Account,,,,61900.00 Cr
09-04-2025,Goyal Palsez Malpura,Purchase,7,,120225
,Purchase Account,,,120225.00 Dr,
09-04-2025,Astha Indusrries Raebareli Up,Purchase,8,,331419
,Purchase Account,,,331419.00 Dr,
10-04-2025,Tour & Travel,Payment,34,1223,
,Cash,,,,1223.00 Cr
10-04-2025,Car Repairing,Payment,35,3048,
,Cash,,,,3048.00 Cr
10-04-2025,Wages Expenses A/C,Payment,36,6350,
,Cash,,,,6350.00 Cr
10-04-2025,"Kailash Chand Deen Dayal - Kasera, Shreemodhopur",Receipt,23,,44900
,Punjab National Bank - New,,,44900.00 Dr,
10-04-2025,Shri Shyam Baat Bhandar (Bad Ke Bala Ji ),Sales,2415/25-26,18393,
,Sales Account,,,,18393.00 Cr
10-04-2025,Ankit Trading Company Fulera,Sales,2416/25-26,60787,
,Sales Account,,,,60787.00 Cr
10-04-2025,Shri Chand Pasu Aahar Malpura,Sales,2417/25-26,86400,
,Sales Account,,,,86400.00 Cr
10-04-2025,Rajendra Kumar Pawan Kumar Fhagi,Sales,2418/25-26,22790,
,Sales Account,,,,22790.00 Cr
10-04-2025,Vetkind Animal Health India,Purchase,9,,155000
,Purchase Account,,,155000.00 Dr,
11-04-2025,Electricity and Water Expenses,Payment,37,89165,
,HDFC Bank,,,,89165.00 Cr
11-04-2025,Shri Laxmi Trading Company - Betul,Payment,38,575716,
,HDFC Bank,,,,575716.00 Cr
11-04-2025,Madhu Enterpreses  Teravli,Payment,39,2820,
,HDFC Bank,,,,2820.00 Cr
11-04-2025,Wages Expenses A/C,Payment,40,6300,
,Cash,,,,6300.00 Cr
11-04-2025,Convence Expensece,Payment,41,2800,
,Cash,,,,2800.00 Cr
11-04-2025,G.K.N - Industries,Receipt,24,,42900
,HDFC Bank,,,42900.00 Dr,
11-04-2025,Haritwal Pashu Ahar Vatika,Receipt,25,,50000
,HDFC Bank,,,50000.00 Dr,
11-04-2025,SAMRIDI TRADERS,Sales,2420/25-26,59910,
,Sales Account,,,,59910.00 Cr
11-04-2025,Rakesh Kirana Store - Khejroli,Sales,2421/25-26,70802,
,Sales Account,,,,70802.00 Cr
11-04-2025,Kharwash Trading Company (Muhana ),Sales,2422/25-26,56075,
,Sales Account,,,,56075.00 Cr
11-04-2025,Mehta Baat Bhandhar - GovindPura,Sales,2419,56160,
,Sales Account,,,,56160.00 Cr
12-04-2025,Machinery Reparing,Payment,42,3430,
,Cash,,,,3430.00 Cr
12-04-2025,Wages Expenses A/C,Payment,43,6250,
,Cash,,,,6250.00 Cr
12-04-2025,BANK  EXPENSES- PNB BANK,Payment,44,18.58,
,Punjab National Bank - New,,,,18.58 Cr
12-04-2025,Ankit Trading Company Fulera,Receipt,26,,49977
,HDFC Bank,,,49977.00 Dr,
12-04-2025,Godha Enterprises (Hingoniya),Receipt,27,,20000
,HDFC Bank,,,20000.00 Dr,
12-04-2025,Godha Enterprises (Hingoniya),Sales,2426-25-26,87635,
,Sales Account,,,,87635.00 Cr
12-04-2025,Ishwar and Company Surajpool,Sales,2423/2025-2026,7840,
,Sales Account,,,,7840.00 Cr
12-04-2025,Shiv Trading Comnay Vatika,Sales,2424/2025-2026,73170,
,Sales Account,,,,73170.00 Cr
12-04-2025,Shri Shyam Treding Company Khejroli,Sales,2425/2025-2026,96250,
,Sales Account,,,,96250.00 Cr
12-04-2025,G.K.N - Industries,Sales,2427/25-26,44330,
,Sales Account,,,,44330.00 Cr
12-04-2025,Anukumar Mukesh Kumar Malpura,Sales,2428/25-26,39960,
,Sales Account,,,,39960.00 Cr
12-04-2025,GRIPWEL ENTERPRISES PVT LTD,Purchase,10,,52849
,Purchase Account,,,50332.00 Dr,
,SGST-Tax,,,1258.50 Dr,
,CGST-Tax,,,1258.50 Dr,
12-04-2025,Vetkind Animal Health India,Purchase,11,,15000
,Purchase Account,,,15000.00 Dr,
13-04-2025,Kedar Kirana Stor Benadamod,Receipt,28,,41500
,HDFC Bank,,,41500.00 Dr,
13-04-2025,Pashupati Trading Company,Receipt,29,,33380
,Punjab National Bank - New,,,33380.00 Dr,
13-04-2025,Ishwar and Company Surajpool,Sales,2429/25-26,78400,
,Sales Account,,,,78400.00 Cr
14-04-2025,BUSINESS PROMOTION EXPENSES,Payment,45,23849,
,HDFC Bank,,,,23849.00 Cr
14-04-2025,Wages Expenses A/C,Payment,46,7500,
,Cash,,,,7500.00 Cr
14-04-2025,Tour & Travel,Payment,47,2400,
,Cash,,,,2400.00 Cr
14-04-2025,Shri Shyam Baat Bhandar (Bad Ke Bala Ji ),Receipt,30,,18393
,HDFC Bank,,,18393.00 Dr,
14-04-2025,Rajendra Kumar Pawan Kumar Fhagi,Receipt,31,,22790
,HDFC Bank,,,22790.00 Dr,
14-04-2025,JAGMOHAN  SATISH KUMAR  MAHUWA,Receipt,32,,50000
,HDFC Bank,,,50000.00 Dr,
14-04-2025,Shri Siddhi Vinayak Industry - Palsana,Receipt,33,,148980
,HDFC Bank,,,148980.00 Dr,
14-04-2025,Choudhry Kirana Store -  Bages,Sales,2430/2025-2026,21026,
,Sales Account,,,,21026.00 Cr
14-04-2025,Shah Shanker Lal Fathe Lal Jain,Sales,2431/25-26,156389,
,Sales Account,,,,156389.00 Cr
14-04-2025,Shri Balaji Agro Industries - Muhana,Sales,2432/25-26,30170,
,Sales Account,,,,30170.00 Cr
14-04-2025,Mangal Treding Company Kukerkheda Mhandi,Purchase,12,,41715
,Purchase Account,,,41715.00 Dr,
14-04-2025,Jaipur Packers - Rajasthan,Purchase,13,,150508
,Purchase Account,,,127549.00 Dr,
,SGST-Tax,,,11479.50 Dr,
,CGST-Tax,,,11479.50 Dr,
15-04-2025,Astha Indusrries Raebareli Up,Payment,48,331419,
,HDFC Bank,,,,331419.00 Cr
15-04-2025,Bayo Foods and Fids Shiv Puri,Payment,49,836956,
,HDFC Bank,,,,836956.00 Cr
15-04-2025,Goyal Palsez Malpura,Payment,50,120225,
,HDFC Bank,,,,120225.00 Cr
15-04-2025,Ajay Kumar,Payment,51,15000,
,HDFC Bank,,,,15000.00 Cr
15-04-2025,GRIPWEL ENTERPRISES PVT LTD,Payment,52,52849,
,HDFC Bank,,,,52849.00 Cr
15-04-2025,Bayo Foods and Fids Shiv Puri,Payment,53,3550,
,HDFC Bank,,,,3550.00 Cr
15-04-2025,Wages Expenses A/C,Payment,54,7600,
,Cash,,,,7600.00 Cr
15-04-2025,Office Expenses,Payment,55,2180,
,Cash,,,,2180.00 Cr
15-04-2025,Blue Diamond Food Production,Receipt,34,,7000
,Cash,,,7000.00 Dr,
15-04-2025,Narendar Kumar Khejroli,Receipt,35,,9500
,Cash,,,9500.00 Dr,
15-04-2025,JAGMOHAN  SATISH KUMAR  MAHUWA,Receipt,36,,50000
,HDFC Bank,,,50000.00 Dr,
15-04-2025,JAGMOHAN  SATISH KUMAR  MAHUWA,Receipt,37,,1063
,HDFC Bank,,,1063.00 Dr,
15-04-2025,Shri Shyam Baat Bhandar (Bad Ke Bala Ji ),Sales,2433/25-26,27400,
,Sales Account,,,,27400.00 Cr
15-04-2025,Badri Lal Dwaraka Parsad Nasirabad,Sales,2434/25-26,110725,
,Sales Account,,,,110725.00 Cr
15-04-2025,G.K.N - Industries,Sales,2435/25-26,47992,
,Sales Account,,,,47992.00 Cr
15-04-2025,Shri Balaji Enterprises - Uttar Pradesh,Purchase,14,,109897
,Purchase Account,,,109897.00 Dr,
16-04-2025,Wages Expenses A/C,Payment,56,7650,
,Cash,,,,7650.00 Cr
16-04-2025,Convence Expensece,Payment,57,2200,
,Cash,,,,2200.00 Cr
16-04-2025,Arihant  Kumar Rahul Kumar  Medta Seety - S,Receipt,38,,240807
,HDFC Bank,,,240807.00 Dr,
16-04-2025,Shah Shanker Lal Fathe Lal Jain,Receipt,39,,156000
,HDFC Bank,,,156000.00 Dr,
16-04-2025,Shah Shanker Lal Fathe Lal Jain,Receipt,40,,389
,HDFC Bank,,,389.00 Dr,
16-04-2025,Narendar Kumar Khejroli,Receipt,41,,9500
,Cash,,,9500.00 Dr,
16-04-2025,Ankit Trading Company Fulera,Receipt,42,,12694
,HDFC Bank,,,12694.00 Dr,
16-04-2025,Damodher Ji Sharma Choop,Sales,2436/25-26,81845,
,Sales Account,,,,81845.00 Cr
16-04-2025,Pashupati Trading Company,Sales,2437/25-26,42739,
,Sales Account,,,,42739.00 Cr
16-04-2025,Pashupati Trading Company,Sales,2438/25-26,32855,
,Sales Account,,,,32855.00 Cr
16-04-2025,M Choudhry Trading Company - Jalpali,Sales,2439/25-26,60625,
,Sales Account,,,,60625.00 Cr
17-04-2025,Shri Balaji Enterprises - Uttar Pradesh,Payment,58,109897,
,HDFC Bank,,,,109897.00 Cr
17-04-2025,Mangal Treding Company Kukerkheda Mhandi,Payment,59,41580,
,HDFC Bank,,,,41580.00 Cr
17-04-2025,Wages Expenses A/C,Payment,60,7600,
,Cash,,,,7600.00 Cr
17-04-2025,Machinery Reparing,Payment,61,1860,
,Cash,,,,1860.00 Cr
17-04-2025,Advertisment Expenditure,Payment,62,6844,
,HDFC Bank,,,,6844.00 Cr
17-04-2025,KAMAL TRADING CO Dudu,Receipt,43,,59640
,HDFC Bank,,,59640.00 Dr,
17-04-2025,SHRI BALAJI ENTERPRISES-TIGARIYA,Receipt,44,,70000
,HDFC Bank,,,70000.00 Dr,
17-04-2025,Choudhary Pashu Aahar  Parbatsar,Receipt,45,,30000
,HDFC Bank,,,30000.00 Dr,
17-04-2025,M Choudhry Trading Company - Jalpali,Receipt,46,,59600
,HDFC Bank,,,59600.00 Dr,
17-04-2025,Narendar Kumar Khejroli,Receipt,47,,9500
,Cash,,,9500.00 Dr,
17-04-2025,Kharwash Trading Company (Muhana ),Sales,2440/25-26,62020,
,Sales Account,,,,62020.00 Cr
17-04-2025,Satyenarayan Kunj Bihari  Ude,Sales,2441/25-26,37125,
,Sales Account,,,,37125.00 Cr
17-04-2025,Jain & Brothers - Muhana Mandi,Sales,2442/25-26,62715,
,Sales Account,,,,62715.00 Cr
18-04-2025,Machinery Reparing,Payment,63,7280,
,HDFC Bank,,,,7280.00 Cr
18-04-2025,Tour & Travel,Payment,64,3000,
,Cash,,,,3000.00 Cr
18-04-2025,Wages Expenses A/C,Payment,65,6350,
,Cash,,,,6350.00 Cr
18-04-2025,J P Fresh Mills - Jairampura,Receipt,48,,10000
,HDFC Bank,,,10000.00 Dr,
18-04-2025,Shri Shyam Baat Bhandar (Bad Ke Bala Ji ),Receipt,49,,27400
,HDFC Bank,,,27400.00 Dr,
18-04-2025,Balaji Trading  Company  - Lalshot,Receipt,50,,37264
,HDFC Bank,,,37264.00 Dr,
18-04-2025,Vinayak Brothers - Renwal,Receipt,51,,94300
,HDFC Bank,,,94300.00 Dr,
18-04-2025,Narendar Kumar Khejroli,Receipt,52,,9500
,Cash,,,9500.00 Dr,
18-04-2025,Balaji Trading  Company  - Lalshot,Sales,2443/25-26,37264,
,Sales Account,,,,37264.00 Cr
18-04-2025,"Kailash Chand Deen Dayal - Kasera, Shreemodhopur",Sales,2444/25-26,53910,
,Sales Account,,,,53910.00 Cr
18-04-2025,Anukumar Mukesh Kumar Malpura,Sales,2445/25-26,75810,
,Sales Account,,,,75810.00 Cr
18-04-2025,Prem Industries (Hingoniya),Purchase,15,,120568
,Purchase Account,,,120568.00 Dr,
19-04-2025,Wages Expenses A/C,Payment,66,7550,
,Cash,,,,7550.00 Cr
19-04-2025,Printing & Stationary,Payment,67,1160,
,Cash,,,,1160.00 Cr
19-04-2025,Narendar Kumar Khejroli,Receipt,53,,9500
,Cash,,,9500.00 Dr,
19-04-2025,Shri Shyam Baat Bhandar (Bad Ke Bala Ji ),Sales,2446/25-26,24812,
,Sales Account,,,,24812.00 Cr
19-04-2025,SHRI BALAJI ENTERPRISES-TIGARIYA,Sales,2447/25-26,64510,
,Sales Account,,,,64510.00 Cr
19-04-2025,J.S. Packers - Jaipur,Purchase,16,,102312
,Purchase Account,,,86705.00 Dr,
,SGST-Tax,,,7803.50 Dr,
,CGST-Tax,,,7803.50 Dr,
19-04-2025,Aadishakti Rice Mill Mirzapur Up,Purchase,17,,168011
,Purchase Account,,,168011.00 Dr,
20-04-2025,Ganesh Pashuahar Chaksu,Receipt,54,,219390
,HDFC Bank,,,219390.00 Dr,
20-04-2025,G.K.N - Industries,Receipt,55,,77644
,HDFC Bank,,,77644.00 Dr,
20-04-2025,"Kailash Chand Deen Dayal - Kasera, Shreemodhopur",Receipt,56,,53860
,Punjab National Bank - New,,,53860.00 Dr,
21-04-2025,Shri Laxmi Trading Company - Betul,Payment,68,1920,
,HDFC Bank,,,,1920.00 Cr
21-04-2025,Tour & Travel,Payment,69,1500,
,Cash,,,,1500.00 Cr
21-04-2025,Wages Expenses A/C,Payment,70,7500,
,Cash,,,,7500.00 Cr
21-04-2025,Vimal JiSharma Dairy - DaulatPura,Receipt,57,,67700
,HDFC Bank,,,67700.00 Dr,
21-04-2025,Ishwar and Company Surajpool,Receipt,58,,94080
,HDFC Bank,,,94080.00 Dr,
21-04-2025,Jain & Brothers - Muhana Mandi,Receipt,59,,59560
,HDFC Bank,,,59560.00 Dr,
21-04-2025,Dishu Pashu Aahar,Receipt,60,,9000
,Cash,,,9000.00 Dr,
21-04-2025,Narendar Kumar Khejroli,Receipt,61,,9500
,Cash,,,9500.00 Dr,
21-04-2025,Maa Karni Baat Bhander Sodala,Sales,2448/25-26,8330,
,Sales Account,,,,8330.00 Cr
21-04-2025,Ishwar and Company Surajpool,Sales,2449/25-26,43904,
,Sales Account,,,,43904.00 Cr
21-04-2025,Tarachand Ji -Yadav Khejroli,Sales,2450/25-26,65320,
,Sales Account,,,,65320.00 Cr
,Loading Exp,,,,
21-04-2025,J.S. Packers - Jaipur,Purchase,18,,17587
,Purchase Account,,,14904.00 Dr,
,CGST-Tax,,,1341.50 Dr,
,SGST-Tax,,,1341.50 Dr,
22-04-2025,Prem Industries (Hingoniya),Payment,71,120568,
,HDFC Bank,,,,120568.00 Cr
22-04-2025,Wages Expenses A/C,Payment,72,7450,
,Cash,,,,7450.00 Cr
22-04-2025,Convence Expensece,Payment,73,2500,
,Cash,,,,2500.00 Cr
22-04-2025,Tarachand Ji -Yadav Khejroli,Receipt,62,,44900
,HDFC Bank,,,44900.00 Dr,
22-04-2025,Nakoda Trading Company  Nimbaheda,Receipt,63,,13500
,HDFC Bank,,,13500.00 Dr,
22-04-2025,Shiv Trading Comnay Vatika,Receipt,64,,73170
,HDFC Bank,,,73170.00 Dr,
22-04-2025,Kharwash Trading Company (Muhana ),Receipt,65,,1000000
,HDFC Bank,,,1000000.00 Dr,
22-04-2025,Shri Shyam Baat Bhandar (Bad Ke Bala Ji ),Receipt,66,,24812
,HDFC Bank,,,24812.00 Dr,
22-04-2025,Babulal Ji Yadav - Mahaswas,Receipt,67,,149400
,HDFC Bank,,,149400.00 Dr,
22-04-2025,Dishu Pashu Aahar,Receipt,68,,1500
,Cash,,,1500.00 Dr,
22-04-2025,Haritwal Pashu Ahar Vatika,Receipt,69,,9000
,Cash,,,9000.00 Dr,
22-04-2025,Narendar Kumar Khejroli,Receipt,70,,9500
,Cash,,,9500.00 Dr,
22-04-2025,Vinayak Brothers - Renwal,Sales,2451/25-26,93694,
,Sales Account,,,,93694.00 Cr
22-04-2025,KAMAL TRADING CO Dudu,Sales,2452/25-26,73360,
,Sales Account,,,,73360.00 Cr
,Loading Exp,,,,
22-04-2025,Nakoda Trading Company  Nimbaheda,Sales,2453/25-26,13500,
,Sales Account,,,,13500.00 Cr
22-04-2025,Goyal Solvents Punjab,Purchase,19,,326763
,Purchase Account,,,326763.00 Dr,
23-04-2025,EMAMI AGROTECH LIMITED MOJMAMABAD,Payment,74,478800,
,HDFC Bank,,,,478800.00 Cr
23-04-2025,Aadishakti Rice Mill Mirzapur Up,Payment,75,168011,
,HDFC Bank,,,,168011.00 Cr
23-04-2025,Wages Expenses A/C,Payment,76,7650,
,Cash,,,,7650.00 Cr
23-04-2025,Tour & Travel,Payment,77,1850,
,Cash,,,,1850.00 Cr
23-04-2025,Fright Exp,Payment,78,9000,
,Cash,,,,9000.00 Cr
23-04-2025,Blue Diamond Food Production,Receipt,71,,43000
,HDFC Bank,,,43000.00 Dr,
23-04-2025,Shri Balaji Agro Industries - Muhana,Receipt,72,,30170
,HDFC Bank,,,30170.00 Dr,
23-04-2025,Shri Shyam Enterprises - Kalu Ka Baas,Receipt,73,,7352
,HDFC Bank,,,7352.00 Dr,
23-04-2025,Bansidhar Ji Tatla - Nangal Koju,Receipt,74,,500
,HDFC Bank,,,500.00 Dr,
23-04-2025,Dishu Pashu Aahar,Receipt,75,,5427
,HDFC Bank,,,5427.00 Dr,
23-04-2025,Haritwal Pashu Ahar Vatika,Receipt,76,,9000
,Cash,,,9000.00 Dr,
23-04-2025,Narendar Kumar Khejroli,Receipt,77,,9500
,Cash,,,9500.00 Dr,
23-04-2025,Ishwar and Company Surajpool,Sales,2454/25-26,78400,
,Sales Account,,,,78400.00 Cr
23-04-2025,Dishu Pashu Aahar,Sales,2455/25-26,15927,
,Sales Account,,,,15927.00 Cr
23-04-2025,Choudhary Pashu Aahar  Parbatsar,Sales,2456/25-26,46830,
,Sales Account,,,,46830.00 Cr
23-04-2025,Choudhary Pashu Aahar  Parbatsar,Sales,2457/25-26,44725,
,Sales Account,,,,44725.00 Cr
23-04-2025,Babulal Ji Yadav - Mahaswas,Sales,2458/25-26,82500,
,Sales Account,,,,82500.00 Cr
24-04-2025,Wages Expenses A/C,Payment,79,7600,
,Cash,,,,7600.00 Cr
24-04-2025,Office Expenses,Payment,80,1850,
,Cash,,,,1850.00 Cr
24-04-2025,Fright Exp,Payment,81,4800,
,Cash,,,,4800.00 Cr
24-04-2025,Haritwal Pashu Ahar Vatika,Receipt,78,,9000
,Cash,,,9000.00 Dr,
24-04-2025,Narendar Kumar Khejroli,Receipt,79,,1800
,Cash,,,1800.00 Dr,
24-04-2025,G.K.N - Industries,Sales,2459/25-26,44330,
,Sales Account,,,,44330.00 Cr
24-04-2025,Ankit Trading Company Fulera,Sales,2460/25-26,33138,
,Sales Account,,,,33138.00 Cr
24-04-2025,Shri Chand Pasu Aahar Malpura,Sales,2461/25-26,96080,
,Sales Account,,,,96080.00 Cr
25-04-2025,Goyal Solvents Punjab,Payment,82,326763,
,HDFC Bank,,,,326763.00 Cr
25-04-2025,Wages Expenses A/C,Payment,83,7600,
,Cash,,,,7600.00 Cr
25-04-2025,Machinery Reparing,Payment,84,2150,
,Cash,,,,2150.00 Cr
25-04-2025,Rakesh Kirana Store - Khejroli,Receipt,80,,18081
,HDFC Bank,,,18081.00 Dr,
25-04-2025,Haritwal Pashu Ahar Vatika,Receipt,81,,9000
,Cash,,,9000.00 Dr,
25-04-2025,Jai Jagdamba Treding Company Nangal Bhirda,Receipt,82,,9500
,Cash,,,9500.00 Dr,
25-04-2025,Haritwal Pashu Ahar Vatika,Sales,2462/25-26,72870,
,Sales Account,,,,72870.00 Cr
25-04-2025,Blue Diamond Food Production,Sales,2463/25-26,67150,
,Sales Account,,,,67150.00 Cr
25-04-2025,Kharwash Trading Company (Muhana ),Sales,2464/25-26,57810,
,Sales Account,,,,57810.00 Cr
25-04-2025,Kharwash Trading Company (Muhana ),Sales,2465/25-26,66764,
,Sales Account,,,,66764.00 Cr
25-04-2025,Giriraj Trading Company - Alwar,Sales,2466/25-26,76320,
,Sales Account,,,,76320.00 Cr
25-04-2025,Ganesh Pashuahar Chaksu,Sales,2467/25-26,117618,
,Sales Account,,,,117618.00 Cr
25-04-2025,EMAMI AGROTECH LIMITED MOJMAMABAD,Purchase,20,,478800
,Purchase Account,,,456000.00 Dr,
,CGST-Tax,,,11400.00 Dr,
,SGST-Tax,,,11400.00 Dr,
26-04-2025,Wages Expenses A/C,Payment,85,7450,
,Cash,,,,7450.00 Cr
26-04-2025,Convence Expensece,Payment,86,2200,
,Cash,,,,2200.00 Cr
26-04-2025,Haritwal Pashu Ahar Vatika,Receipt,83,,2870
,Cash,,,2870.00 Dr,
26-04-2025,Shri Namokaar Trading Company,Receipt,84,,5000
,Cash,,,5000.00 Dr,
26-04-2025,Jai Jagdamba Treding Company Nangal Bhirda,Receipt,85,,9500
,Cash,,,9500.00 Dr,
26-04-2025,Haritwal Pashu Ahar Vatika,Receipt,86,,34000
,HDFC Bank,,,34000.00 Dr,
26-04-2025,Krishna Baat Bhandhar- Sirsi Mode,Sales,2468/25-26,17000,
,Sales Account,,,,17000.00 Cr
26-04-2025,Shri Shyam Enterprises - Kalu Ka Baas,Sales,2469/25-26,53865,
,Sales Account,,,,53865.00 Cr
26-04-2025,Keer Industries,Sales,2470/25-26,168525,
,Sales Account,,,,168525.00 Cr
27-04-2025,Moti Ratan Trading Company Bhilwara,Sales,2471/25-26,328200,
,Sales Account,,,,328200.00 Cr
27-04-2025,Sunny Industries Sitapura Jaipur,Purchase,21,,35292
,Purchase Account,,,35292.00 Dr,
28-04-2025,BUSINESS PROMOTION EXPENSES,Payment,87,23849,
,HDFC Bank,,,,23849.00 Cr
28-04-2025,Wages Expenses A/C,Payment,88,7650,
,Cash,,,,7650.00 Cr
28-04-2025,Tour & Travel,Payment,89,2300,
,Cash,,,,2300.00 Cr
28-04-2025,Moti Ratan Trading Company Bhilwara,Receipt,87,,50000
,HDFC Bank,,,50000.00 Dr,
28-04-2025,G.K.N - Industries,Receipt,88,,90892
,HDFC Bank,,,90892.00 Dr,
28-04-2025,Maa Karni Baat Bhander Sodala,Receipt,89,,9000
,Cash,,,9000.00 Dr,
28-04-2025,Jai Jagdamba Treding Company Nangal Bhirda,Receipt,90,,9500
,Cash,,,9500.00 Dr,
28-04-2025,Ankit Trading Company Fulera,Receipt,91,,60437
,HDFC Bank,,,60437.00 Dr,
28-04-2025,Pashupati Trading Company,Receipt,92,,75164
,Punjab National Bank - New,,,75164.00 Dr,
28-04-2025,Shri Shyam Baat Bhandar (Bad Ke Bala Ji ),Sales,2472/25-26,18148,
,Sales Account,,,,18148.00 Cr
28-04-2025,Maa Karni Baat Bhander Sodala,Sales,2473/25-26,24860,
,Sales Account,,,,24860.00 Cr
28-04-2025,Pashupati Trading Company,Sales,2475/25-26,60310,
,Sales Account,,,,60310.00 Cr
28-04-2025,Balaji Trading  Company  - Lalshot,Sales,2474/25-26,72690,
,Sales Account,,,,72690.00 Cr
28-04-2025,Aadinath Traders Pratapgarh,Purchase,22,,997922
,Purchase Account,,,997922.00 Dr,
29-04-2025,Wages Expenses A/C,Payment,90,7550,
,Cash,,,,7550.00 Cr
29-04-2025,Convence Expensece,Payment,91,3020,
,Cash,,,,3020.00 Cr
29-04-2025,Maa Karni Baat Bhander Sodala,Receipt,93,,6020
,Cash,,,6020.00 Dr,
29-04-2025,Maa Karni Baat Bhander Sodala,Receipt,94,,9840
,HDFC Bank,,,9840.00 Dr,
29-04-2025,Jai Jagdamba Treding Company Nangal Bhirda,Receipt,95,,9500
,Cash,,,9500.00 Dr,
29-04-2025,Balaji Trading  Company  - Lalshot,Receipt,96,,72690
,HDFC Bank,,,72690.00 Dr,
29-04-2025,Ishwar and Company Surajpool,Sales,2476/25-26,101920,
,Sales Account,,,,101920.00 Cr
29-04-2025,SHRI RAM INDUSTRIES  (PHULERA),Purchase,23,,191387
,Purchase Account,,,191387.00 Dr,
30-04-2025,Sunny Industries Sitapura Jaipur,Payment,92,35292,
,HDFC Bank,,,,35292.00 Cr
30-04-2025,Tour & Travel,Payment,93,1830,
,Cash,,,,1830.00 Cr
30-04-2025,Wages Expenses A/C,Payment,94,7600,
,Cash,,,,7600.00 Cr
30-04-2025,Car Loan - Hyrider,Payment,95,48357,
,Punjab National Bank - New,,,,48357.00 Cr
30-04-2025,Jai Jagdamba Treding Company Nangal Bhirda,Receipt,97,,9500
,Cash,,,9500.00 Dr,
30-04-2025,Shri Shyam Baat Bhandar (Bad Ke Bala Ji ),Receipt,98,,18148
,HDFC Bank,,,18148.00 Dr,
30-04-2025,Kharwash Trading Company (Muhana ),Sales,2477/25-26,79893,
,Sales Account,,,,79893.00 Cr
30-04-2025,Shri Shyam Treding Company Khejroli,Sales,2478/25-26,95550,
,Sales Account,,,,95550.00 Cr
30-04-2025,Narendar Kumar Khejroli,Sales,2479/25-26,77780,
,Sales Account,,,,77780.00 Cr
30-04-2025,Anjani Trading Company  -(Beawar),Sales,3428/25-26,219465,
,Sales Account,,,,219465.00 Cr
30-04-2025,Vetkind Animal Health India,Purchase,24,,24000
,Purchase Account,,,24000.00 Dr,
01-05-2025,Wages Expenses A/C,Payment,96,1300,
,Cash,,,,1300.00 Cr
01-05-2025,Wages Expenses A/C,Payment,97,1400,
,Cash,,,,1400.00 Cr
01-05-2025,Convence Expensece,Payment,98,2200,
,Cash,,,,2200.00 Cr
01-05-2025,Wages Expenses A/C,Payment,99,4950,
,Cash,,,,4950.00 Cr
01-05-2025,SHRI RAM INDUSTRIES  (PHULERA),Payment,100,191387,
,HDFC Bank,,,,191387.00 Cr
01-05-2025,Aadinath Traders Pratapgarh,Payment,101,994562,
,HDFC Bank,,,,994562.00 Cr
01-05-2025,Dugya Cattle Feed - Muhana,Receipt,99,,77060
,HDFC Bank,,,77060.00 Dr,
01-05-2025,Prakash Enterprises - Phulera,Receipt,100,,79640
,Punjab National Bank - New,,,79640.00 Dr,
01-05-2025,Jai Jagdamba Treding Company Nangal Bhirda,Receipt,101,,9500
,Cash,,,9500.00 Dr,
01-05-2025,Krishna Baat Bhandhar- Sirsi Mode,Receipt,102,,9000
,Cash,,,9000.00 Dr,
01-05-2025,Godha Enterprises (Hingoniya),Receipt,103,,9500
,Cash,,,9500.00 Dr,
01-05-2025,Shri Shyam Baat Bhandar (Bad Ke Bala Ji ),Sales,2481/25-26,30863,
,Sales Account,,,,30863.00 Cr
01-05-2025,Jai Jagdamba Treding Company Nangal Bhirda,Sales,2482/25-26,65288,
,Sales Account,,,,65288.00 Cr
01-05-2025,Kharwash Trading Company (Muhana ),Sales,2483/25-26,67734,
,Sales Account,,,,67734.00 Cr
01-05-2025,S Kumar & Company - Navalgarh,Sales,2485,274390,
,Sales Account,,,,274390.00 Cr
02-05-2025,Wages Expenses A/C,Payment,102,4800,
,Cash,,,,4800.00 Cr
02-05-2025,Wages Expenses A/C,Payment,103,1400,
,Cash,,,,1400.00 Cr
02-05-2025,Wages Expenses A/C,Payment,104,1300,
,Cash,,,,1300.00 Cr
02-05-2025,Machinery Reparing,Payment,105,1560,
,Cash,,,,1560.00 Cr
02-05-2025,Brokrage,Payment,106,4325,
,Punjab National Bank - New,,,,4325.00 Cr
02-05-2025,Brokrage,Payment,107,2300,
,Punjab National Bank - New,,,,2300.00 Cr
02-05-2025,Cash,Payment,108,,
02-05-2025,Tour & Travel,Payment,109,1000,
,Cash,,,,1000.00 Cr
02-05-2025,Office Expenses,Payment,110,1025,
,Cash,,,,1025.00 Cr
02-05-2025,S Kumar & Company - Navalgarh,Receipt,104,,100000
,HDFC Bank,,,100000.00 Dr,
02-05-2025,Jai Jagdamba Treding Company Nangal Bhirda,Receipt,105,,9450
,Cash,,,9450.00 Dr,
02-05-2025,Choudhary Pashu Aahar  Parbatsar,Receipt,106,,42500
,HDFC Bank,,,42500.00 Dr,
02-05-2025,Krishna Baat Bhandhar- Sirsi Mode,Receipt,107,,8000
,Cash,,,8000.00 Dr,
02-05-2025,G.K.N - Industries,Receipt,108,,86515
,HDFC Bank,,,86515.00 Dr,
02-05-2025,Haritwal Pashu Ahar Vatika,Receipt,109,,9500
,Cash,,,9500.00 Dr,
02-05-2025,Godha Enterprises (Hingoniya),Receipt,110,,9500
,Cash,,,9500.00 Dr,
02-05-2025,Dugya Cattle Feed - Muhana,Sales,2486/25-26,71350,
,Sales Account,,,,71350.00 Cr
02-05-2025,Agerwal Treding Company Mojamabad,Sales,2487/25-26,60000,
,Sales Account,,,,60000.00 Cr
,Loading Exp,,,,
02-05-2025,Damodher Ji Sharma Choop,Sales,2489/2025/26,87480,
,Sales Account,,,,87480.00 Cr
03-05-2025,Wages Expenses A/C,Payment,111,4950,
,Cash,,,,4950.00 Cr
03-05-2025,Wages Expenses A/C,Payment,112,1400,
,Cash,,,,1400.00 Cr
03-05-2025,Wages Expenses A/C,Payment,113,1300,
,Cash,,,,1300.00 Cr
03-05-2025,Machinery Reparing,Payment,114,1750,
,Cash,,,,1750.00 Cr
03-05-2025,Vetkind Animal Health India,Payment,115,48447,
,Vetkind Animal Health India,,,46140.00 Dr,
,Vetkind Animal Health India,,,52800.00 Dr,
,HDFC Bank,,,,147387.00 Cr
03-05-2025,Damodher Ji Sharma Choop,Receipt,111,,81800
,HDFC Bank,,,81800.00 Dr,
03-05-2025,Love General Stor    Tunga,Receipt,112,,30000
,HDFC Bank,,,30000.00 Dr,
03-05-2025,Haritwal Pashu Ahar Vatika,Receipt,113,,9500
,Cash,,,9500.00 Dr,
03-05-2025,Kharwash Trading Company (Muhana ),Sales,2490/25-26,57810,
,Sales Account,,,,57810.00 Cr
03-05-2025,Ankit Trading Company Fulera,Sales,2491/25-26,58413,
,Sales Account,,,,58413.00 Cr
03-05-2025,G.K.N - Industries,Sales,2492/25-26,44330,
,Sales Account,,,,44330.00 Cr
03-05-2025,Maruti Trading Company Kalwar,Sales,2493/25-26,59850,
,Sales Account,,,,59850.00 Cr
,Loading Exp,,,,
03-05-2025,Arihant  Kumar Rahul Kumar  Medta Seety - S,Sales,2495,249525,
,Sales Account,,,,249525.00 Cr
03-05-2025,SAMRIDI TRADERS,Sales,2496/25-26,60000,
,Sales Account,,,,60000.00 Cr
03-05-2025,DILIP UDYOUG,Purchase,25,,68310
,Purchase Account,,,68310.00 Dr,
03-05-2025,S M Sales Corporation  Jaipur,Purchase,26,,18424
,Purchase Account,,,18424.00 Dr,
03-05-2025,Ram Singh Rajawat,Purchase,27,,25980
,Purchase Account,,,25980.00 Dr,
04-05-2025,SAMRIDI TRADERS,Receipt,114,,59911
,Punjab National Bank - New,,,59911.00 Dr,
04-05-2025,Godha Enterprises (Hingoniya),Receipt,115,,9500
,Cash,,,9500.00 Dr,
05-05-2025,Wages Expenses A/C,Payment,116,1300,
,Cash,,,,1300.00 Cr
05-05-2025,Wages Expenses A/C,Payment,117,4900,
,Cash,,,,4900.00 Cr
05-05-2025,Wages Expenses A/C,Payment,118,1400,
,Cash,,,,1400.00 Cr
05-05-2025,Tour & Travel,Payment,119,2100,
,Cash,,,,2100.00 Cr
05-05-2025,Aadinath Traders Pratapgarh,Payment,120,3360,
,HDFC Bank,,,,3360.00 Cr
05-05-2025,Anjani Trading Company  -(Beawar),Receipt,116,,215767
,HDFC Bank,,,215767.00 Dr,
05-05-2025,Shri Shyam Baat Bhandar (Bad Ke Bala Ji ),Receipt,117,,30863
,HDFC Bank,,,30863.00 Dr,
05-05-2025,Haritwal Pashu Ahar Vatika,Receipt,118,,9500
,Cash,,,9500.00 Dr,
05-05-2025,Godha Enterprises (Hingoniya),Receipt,119,,9500
,Cash,,,9500.00 Dr,
05-05-2025,Ishwar and Company Surajpool,Sales,2497/25-26,78400,
,Sales Account,,,,78400.00 Cr
05-05-2025,Maa Karni Baat Bhander Sodala,Sales,2498/25-26,22450,
,Sales Account,,,,22450.00 Cr
05-05-2025,Jain & Brothers - Muhana Mandi,Sales,2499/25-26,62820,
,Sales Account,,,,62820.00 Cr
05-05-2025,Abhishek Treding Company  Fathenegar,Sales,2500/25-26,236000,
,Sales Account,,,,236000.00 Cr
06-05-2025,Wages Expenses A/C,Payment,121,4850,
,Cash,,,,4850.00 Cr
06-05-2025,Wages Expenses A/C,Payment,122,1400,
,Cash,,,,1400.00 Cr
06-05-2025,Wages Expenses A/C,Payment,123,1300,
,Cash,,,,1300.00 Cr
06-05-2025,Convence Expensece,Payment,124,2400,
,Cash,,,,2400.00 Cr
06-05-2025,DILIP UDYOUG,Payment,125,68310,
,HDFC Bank,,,,68310.00 Cr
06-05-2025,Maa Karni Baat Bhander Sodala,Receipt,120,,9500
,Cash,,,9500.00 Dr,
06-05-2025,Badri Lal Dwaraka Parsad Nasirabad,Receipt,121,,110875
,HDFC Bank,,,110875.00 Dr,
06-05-2025,Nakoda Trading Company  Nimbaheda,Receipt,122,,27000
,HDFC Bank,,,27000.00 Dr,
06-05-2025,Keer Industries,Receipt,123,,168525
,HDFC Bank,,,168525.00 Dr,
06-05-2025,G.K.N - Industries,Receipt,124,,2400
,Cash,,,2400.00 Dr,
06-05-2025,Haritwal Pashu Ahar Vatika,Receipt,125,,9500
,Cash,,,9500.00 Dr,
06-05-2025,Godha Enterprises (Hingoniya),Receipt,126,,9500
,Cash,,,9500.00 Dr,
06-05-2025,G.K.N - Industries,Sales,2501/25-26,47992,
,Sales Account,,,,47992.00 Cr
06-05-2025,Shri Shyam Baat Bhandar (Bad Ke Bala Ji ),Sales,2502/25-26,22225,
,Sales Account,,,,22225.00 Cr
06-05-2025,Shyam Baat Bhandar - Kanwarpura,Sales,2503/25-26,61070,
,Sales Account,,,,61070.00 Cr
06-05-2025,G.K.N - Industries,Sales,2504/25-26,44330,
,Sales Account,,,,44330.00 Cr
06-05-2025,Kharwash Trading Company (Muhana ),Sales,2505/25-26,63450,
,Sales Account,,,,63450.00 Cr
07-05-2025,Wages Expenses A/C,Payment,126,4850,
,Cash,,,,4850.00 Cr
07-05-2025,Wages Expenses A/C,Payment,127,1400,
,Cash,,,,1400.00 Cr
07-05-2025,Wages Expenses A/C,Payment,128,1300,
,Cash,,,,1300.00 Cr
07-05-2025,Office Expenses,Payment,129,2450,
,Cash,,,,2450.00 Cr
07-05-2025,Ajay Kumar,Payment,130,12000,
,HDFC Bank,,,,12000.00 Cr
07-05-2025,Piccadily Agro Industries Ltd,Payment,131,385000,
,Punjab National Bank - New,,,,385000.00 Cr
07-05-2025,Nilesh Kumar Khandelwal,Payment,132,9500,
,Vijay Kumar Khandelwal,,,9500.00 Dr,
,Priyanka Devi Khandelwal,,,9500.00 Dr,
,Vishnu Gupta,,,9500.00 Dr,
,Nitesh,,,9500.00 Dr,
,Pradeep Kumar Gupta,,,9500.00 Dr,
,Raju Lal Ji,,,9500.00 Dr,
,Raju Mistri,,,9500.00 Dr,
,Cash,,,,76000.00 Cr
07-05-2025,Mehta Baat Bhandhar - GovindPura,Receipt,127,,56160
,HDFC Bank,,,56160.00 Dr,
07-05-2025,Maa Karni Baat Bhander Sodala,Receipt,128,,9500
,Cash,,,9500.00 Dr,
07-05-2025,Haritwal Pashu Ahar Vatika,Receipt,129,,9500
,Cash,,,9500.00 Dr,
07-05-2025,Godha Enterprises (Hingoniya),Receipt,130,,9500
,Cash,,,9500.00 Dr,
07-05-2025,Tarachand Ji -Yadav Khejroli,Receipt,131,,4500
,Cash,,,4500.00 Dr,
07-05-2025,(cancelled),Journal,1,,
07-05-2025,Kharwash Trading Company (Muhana ),Sales,2506/25-26,66764,
,Sales Account,,,,66764.00 Cr
07-05-2025,SHRI BALAJI ENTERPRISES-TIGARIYA,Sales,2507/25-26,67470,
,Sales Account,,,,67470.00 Cr
07-05-2025,Anukumar Mukesh Kumar Malpura,Sales,2508/2025-2026,59940,
,Sales Account,,,,59940.00 Cr
07-05-2025,Nakoda Trading Company  Nimbaheda,Sales,2509/25-26,27000,
,Sales Account,,,,27000.00 Cr
08-05-2025,Wages Expenses A/C,Payment,133,4950,
,Cash,,,,4950.00 Cr
08-05-2025,Wages Expenses A/C,Payment,134,1300,
,Cash,,,,1300.00 Cr
08-05-2025,Tour & Travel,Payment,135,2100,
,Cash,,,,2100.00 Cr
08-05-2025,Wages Expenses A/C,Payment,136,1400,
,Cash,,,,1400.00 Cr
08-05-2025,Electricity and Water Expenses,Payment,137,85775,
,HDFC Bank,,,,85775.00 Cr
08-05-2025,BUSINESS PROMOTION EXPENSES,Payment,138,23849,
,HDFC Bank,,,,23849.00 Cr
08-05-2025,Jaipur Packers - Rajasthan,Payment,139,188600,
,Punjab National Bank - New,,,,188600.00 Cr
08-05-2025,Ram Singh Rajawat,Payment,140,25980,
,Punjab National Bank - New,,,,25980.00 Cr
08-05-2025,Shri Hari Shanker Khandelwal,Payment,141,9000,
,Cash,,,,9000.00 Cr
08-05-2025,Nilesh Kumar Khandelwal,Payment,142,9500,
,Vijay Kumar Khandelwal,,,9500.00 Dr,
,Priyanka Devi Khandelwal,,,9500.00 Dr,
,Pradeep Kumar Gupta,,,8000.00 Dr,
,Raju Lal Gupta,,,4500.00 Dr,
,Vishnu Gupta,,,9500.00 Dr,
,Nitesh,,,9500.00 Dr,
,Raju Mistri,,,4000.00 Dr,
,Cash,,,,64000.00 Cr
08-05-2025,Maa Karni Baat Bhander Sodala,Receipt,132,,3450
,Cash,,,3450.00 Dr,
08-05-2025,Moti Ratan Trading Company Bhilwara,Receipt,133,,121500
,HDFC Bank,,,121500.00 Dr,
08-05-2025,Haritwal Pashu Ahar Vatika,Receipt,134,,9500
,Cash,,,9500.00 Dr,
08-05-2025,Godha Enterprises (Hingoniya),Receipt,135,,9500
,Cash,,,9500.00 Dr,
08-05-2025,Ankit Trading Company Fulera,Receipt,136,,33376
,HDFC Bank,,,33376.00 Dr,
08-05-2025,Kedar Kirana Stor Benadamod,Sales,2510/25-26,50250,
,Sales Account,,,,50250.00 Cr
08-05-2025,Kharwash Trading Company (Muhana ),Sales,2511/25-26,57810,
,Sales Account,,,,57810.00 Cr
08-05-2025,Goyal Treders Fhagi,Sales,2512/25-26,62182,
,Sales Account,,,,62182.00 Cr
08-05-2025,Mahavr Mills Kekri,Purchase,28,,68080
,Purchase Account,,,68080.00 Dr,
09-05-2025,Wages Expenses A/C,Payment,143,1400,
,Cash,,,,1400.00 Cr
09-05-2025,Wages Expenses A/C,Payment,144,1300,
,Cash,,,,1300.00 Cr
09-05-2025,Wages Expenses A/C,Payment,145,4950,
,Cash,,,,4950.00 Cr
09-05-2025,Telephone Exp,Payment,146,1070,
,HDFC Bank,,,,1070.00 Cr
09-05-2025,Tour & Travel,Payment,147,1500,
,Cash,,,,1500.00 Cr
09-05-2025,Shri Shyam Baat Bhandar (Bad Ke Bala Ji ),Receipt,137,,22225
,HDFC Bank,,,22225.00 Dr,
09-05-2025,KAMAL TRADING CO Dudu,Receipt,138,,60800
,HDFC Bank,,,60800.00 Dr,
09-05-2025,Abhishek Treding Company  Fathenegar,Receipt,139,,236000
,HDFC Bank,,,236000.00 Dr,
09-05-2025,Haritwal Pashu Ahar Vatika,Receipt,140,,9500
,Cash,,,9500.00 Dr,
09-05-2025,Shyam Baat Bhandar - Kanwarpura,Receipt,141,,9500
,Cash,,,9500.00 Dr,
09-05-2025,Godha Enterprises (Hingoniya),Receipt,142,,9500
,Cash,,,9500.00 Dr,
09-05-2025,Patel Enterprises  Rojda,Sales,2513/25-26,61900,
,Sales Account,,,,61900.00 Cr
09-05-2025,Shri Shyam Baat Bhandar (Bad Ke Bala Ji ),Sales,2514/25-26,26915,
,Sales Account,,,,26915.00 Cr
09-05-2025,G.K.N - Industries,Sales,2515/25-26,74169,
,Sales Account,,,,74169.00 Cr
09-05-2025,"Kailash Chand Deen Dayal - Kasera, Shreemodhopur",Sales,2516/25-26,53860,
,Sales Account,,,,53860.00 Cr
09-05-2025,Ganesh Pashuahar Chaksu,Sales,2517/25-26,99608,
,Sales Account,,,,99608.00 Cr
09-05-2025,Kaithal Solvent Pvt Ltd - Haryana,Purchase,29,,453655
,Purchase Account,,,453655.00 Dr,
09-05-2025,Jurashik Minral,Purchase,30,,36195
,Purchase Account,,,36195.00 Dr,
10-05-2025,Wages Expenses A/C,Payment,148,1300,
,Cash,,,,1300.00 Cr
10-05-2025,Wages Expenses A/C,Payment,149,1400,
,Cash,,,,1400.00 Cr
10-05-2025,Wages Expenses A/C,Payment,150,4900,
,Cash,,,,4900.00 Cr
10-05-2025,Office Expenses,Payment,151,2250,
,Cash,,,,2250.00 Cr
10-05-2025,Patel Enterprises  Rojda,Receipt,143,,61900
,HDFC Bank,,,61900.00 Dr,
10-05-2025,Kedar Kirana Stor Benadamod,Receipt,144,,46000
,HDFC Bank,,,46000.00 Dr,
10-05-2025,Maa Karni Baat Bhander Sodala,Receipt,145,,4160
,Cash,,,4160.00 Dr,
10-05-2025,Haritwal Pashu Ahar Vatika,Receipt,146,,6370
,Cash,,,6370.00 Dr,
10-05-2025,Arihant  Kumar Rahul Kumar  Medta Seety - S,Receipt,147,,249525
,HDFC Bank,,,249525.00 Dr,
10-05-2025,Shyam Baat Bhandar - Kanwarpura,Receipt,148,,9500
,Cash,,,9500.00 Dr,
10-05-2025,"Kailash Chand Deen Dayal - Kasera, Shreemodhopur",Receipt,149,,53860
,Punjab National Bank - New,,,53860.00 Dr,
10-05-2025,Maa Karni Baat Bhander Sodala,Sales,2518/25-26,4160,
,Sales Account,,,,4160.00 Cr
10-05-2025,Ankit Trading Company Fulera,Sales,2519/25-26,36658,
,Sales Account,,,,36658.00 Cr
10-05-2025,KAMAL TRADING CO Dudu,Sales,2520/25-26,58615,
,Sales Account,,,,58615.00 Cr
11-05-2025,Godha Enterprises (Hingoniya),Receipt,150,,9500
,Cash,,,9500.00 Dr,
11-05-2025,Shri Shyam Treding Company Khejroli,Sales,2522/25-26,96250,
,Sales Account,,,,96250.00 Cr
11-05-2025,Shri Shyam Baat Bhandar (Bad Ke Bala Ji ),Sales,2523/25-26,19250,
,Sales Account,,,,19250.00 Cr
12-05-2025,Wages Expenses A/C,Payment,152,1400,
,Cash,,,,1400.00 Cr
12-05-2025,Wages Expenses A/C,Payment,153,1300,
,Cash,,,,1300.00 Cr
12-05-2025,Wages Expenses A/C,Payment,154,4850,
,Cash,,,,4850.00 Cr
12-05-2025,Mahavr Mills Kekri,Payment,155,68080,
,HDFC Bank,,,,68080.00 Cr
12-05-2025,Kaithal Solvent Pvt Ltd - Haryana,Payment,156,453655,
,HDFC Bank,,,,453655.00 Cr
12-05-2025,Brokrage,Payment,157,7000,
,Punjab National Bank - New,,,,7000.00 Cr
12-05-2025,Brokrage,Payment,158,9000,
,Punjab National Bank - New,,,,9000.00 Cr
12-05-2025,Tour & Travel,Payment,159,2020,
,Cash,,,,2020.00 Cr
12-05-2025,Agerwal Treding Company Mojamabad,Receipt,151,,60000
,HDFC Bank,,,60000.00 Dr,
12-05-2025,Shri Shyam Baat Bhandar (Bad Ke Bala Ji ),Receipt,152,,26915
,HDFC Bank,,,26915.00 Dr,
12-05-2025,Choudhary Pashu Aahar  Parbatsar,Receipt,153,,35000
,HDFC Bank,,,35000.00 Dr,
12-05-2025,Shyam Baat Bhandar - Kanwarpura,Receipt,154,,9500
,Cash,,,9500.00 Dr,
12-05-2025,Godha Enterprises (Hingoniya),Receipt,155,,9500
,Cash,,,9500.00 Dr,
12-05-2025,Haritwal Pashu Ahar Vatika,Sales,2521/25-26,72870,
,Sales Account,,,,72870.00 Cr
12-05-2025,Kharwash Trading Company (Muhana ),Sales,2524/25-26,60000,
,Sales Account,,,,60000.00 Cr
13-05-2025,Wages Expenses A/C,Payment,160,4900,
,Cash,,,,4900.00 Cr
13-05-2025,Wages Expenses A/C,Payment,161,1400,
,Cash,,,,1400.00 Cr
13-05-2025,(cancelled),Payment,162,,
13-05-2025,Brokrage,Payment,163,5836,
,HDFC Bank,,,,5836.00 Cr
13-05-2025,S M Sales Corporation  Jaipur,Payment,164,18424,
,Punjab National Bank - New,,,,18424.00 Cr
13-05-2025,Convence Expensece,Payment,165,2000,
,Cash,,,,2000.00 Cr
13-05-2025,Tour & Travel,Payment,166,930,
,Cash,,,,930.00 Cr
13-05-2025,Ishwar and Company Surajpool,Receipt,156,,80000
,HDFC Bank,,,80000.00 Dr,
13-05-2025,Shri Chand Pasu Aahar Malpura,Receipt,157,,169990
,HDFC Bank,,,169990.00 Dr,
13-05-2025,G.K.N - Industries,Receipt,158,,85622
,HDFC Bank,,,85622.00 Dr,
13-05-2025,Shyam Baat Bhandar - Kanwarpura,Receipt,159,,9500
,Cash,,,9500.00 Dr,
13-05-2025,Godha Enterprises (Hingoniya),Receipt,160,,5000
,Cash,,,5000.00 Dr,
13-05-2025,Jain & Brothers - Muhana Mandi,Receipt,161,,62217
,HDFC Bank,,,62217.00 Dr,
13-05-2025,Vinayak Brothers - Renwal,Sales,2525/25-26,93694,
,Sales Account,,,,93694.00 Cr
13-05-2025,Ishwar and Company Surajpool,Sales,2526/25-26,104000,
,Sales Account,,,,104000.00 Cr
13-05-2025,Shri Chand Pasu Aahar Malpura,Sales,2527/25-26,90342,
,Sales Account,,,,90342.00 Cr
14-05-2025,Wages Expenses A/C,Payment,167,4750,
,Cash,,,,4750.00 Cr
14-05-2025,Wages Expenses A/C,Payment,168,1400,
,Cash,,,,1400.00 Cr
14-05-2025,Wages Expenses A/C,Payment,169,1300,
,Cash,,,,1300.00 Cr
14-05-2025,Brokrage,Payment,170,9000,
,HDFC Bank,,,,9000.00 Cr
14-05-2025,BUSINESS PROMOTION EXPENSES,Payment,171,31799,
,HDFC Bank,,,,31799.00 Cr
14-05-2025,Office Expenses,Payment,172,1510,
,Cash,,,,1510.00 Cr
14-05-2025,Maruti Trading Company Kalwar,Receipt,162,,60000
,HDFC Bank,,,60000.00 Dr,
14-05-2025,Satyenarayan Kunj Bihari  Ude,Receipt,163,,35000
,HDFC Bank,,,35000.00 Dr,
14-05-2025,Shri Shyam Baat Bhandar (Bad Ke Bala Ji ),Receipt,164,,19250
,HDFC Bank,,,19250.00 Dr,
14-05-2025,Jitender Baat Bhandhar - Jhobner,Receipt,165,,5000
,HDFC Bank,,,5000.00 Dr,
14-05-2025,Jai Bhawani Trading Company - Achrol,Receipt,166,,45000
,HDFC Bank,,,45000.00 Dr,
14-05-2025,SHRI BALAJI ENTERPRISES-TIGARIYA,Receipt,167,,70000
,HDFC Bank,,,70000.00 Dr,
14-05-2025,Ganesh Pashuahar Chaksu,Receipt,168,,400500
,HDFC Bank,,,400500.00 Dr,
14-05-2025,Shyam Baat Bhandar - Kanwarpura,Receipt,169,,9500
,Cash,,,9500.00 Dr,
14-05-2025,Maa Karni Baat Bhander Sodala,Sales,2528/25-26,8330,
,Sales Account,,,,8330.00 Cr
14-05-2025,Kaithal Solvent Pvt Ltd - Haryana,Purchase,31,,403340
,Purchase Account,,,403340.00 Dr,
14-05-2025,Ashok Traders  Up,Purchase,32,,169420
,Purchase Account,,,169420.00 Dr,
15-05-2025,Wages Expenses A/C,Payment,173,1400,
,Cash,,,,1400.00 Cr
15-05-2025,Wages Expenses A/C,Payment,174,4950,
,Cash,,,,4950.00 Cr
15-05-2025,Tour & Travel,Payment,175,2400,
,Cash,,,,2400.00 Cr
15-05-2025,Uttam Agencies Sambriya,Receipt,170,,50917
,Punjab National Bank - New,,,50917.00 Dr,
15-05-2025,Shyam Baat Bhandar - Kanwarpura,Receipt,171,,9500
,Cash,,,9500.00 Dr,
15-05-2025,G.K.N - Industries,Sales,2529/25-26,44330,
,Sales Account,,,,44330.00 Cr
15-05-2025,Balaji Indastrises  Didwana,Sales,2530/25-26,67142,
,Sales Account,,,,67142.00 Cr
15-05-2025,Ganesh Pashuahar Chaksu,Sales,2531/25-26,108475,
,Sales Account,,,,108475.00 Cr
16-05-2025,Wages Expenses A/C,Payment,176,4850,
,Cash,,,,4850.00 Cr
16-05-2025,Wages Expenses A/C,Payment,177,1400,
,Cash,,,,1400.00 Cr
16-05-2025,Wages Expenses A/C,Payment,178,1300,
,Cash,,,,1300.00 Cr
16-05-2025,Convence Expensece,Payment,179,2350,
,Cash,,,,2350.00 Cr
16-05-2025,Kaithal Solvent Pvt Ltd - Haryana,Payment,180,403340,
,HDFC Bank,,,,403340.00 Cr
16-05-2025,Tarachand Ji -Yadav Khejroli,Receipt,172,,20200
,HDFC Bank,,,20200.00 Dr,
16-05-2025,Giriraj Trading Company - Alwar,Receipt,173,,100000
,HDFC Bank,,,100000.00 Dr,
16-05-2025,Shyam Baat Bhandar - Kanwarpura,Receipt,174,,6500
,Cash,,,6500.00 Dr,
16-05-2025,Vinayak Genral Stor Ranwal,Receipt,175,,9500
,Cash,,,9500.00 Dr,
16-05-2025,Dinesh Baat Bhandar  (Dhabash),Sales,2532/25-26,21550,
,Sales Account,,,,21550.00 Cr
16-05-2025,Kharwash Trading Company (Muhana ),Sales,2533/25-26,57810,
,Sales Account,,,,57810.00 Cr
16-05-2025,Ashok Traders  Up,Purchase,33,,140730
,Purchase Account,,,140730.00 Dr,
16-05-2025,Mahaveer Galla Bhandhar,Purchase,34,,677368
,Purchase Account,,,677368.00 Dr,
16-05-2025,Jaipur Packers - Rajasthan,Purchase,35,,34864
,Purchase Account,,,29546.00 Dr,
,CGST-Tax,,,2659.00 Dr,
,SGST-Tax,,,2659.00 Dr,
16-05-2025,Jaipur Packers - Rajasthan,Purchase,36,,124523
,Purchase Account,,,105528.00 Dr,
,CGST-Tax,,,9497.50 Dr,
,SGST-Tax,,,9497.50 Dr,
16-05-2025,BABOSA ENTERPRISES ( DHAGA),Purchase,37,,11648
,Purchase Account,,,10400.00 Dr,
,CGST-Tax,,,624.00 Dr,
,SGST-Tax,,,624.00 Dr,
17-05-2025,Wages Expenses A/C,Payment,181,1300,
,Cash,,,,1300.00 Cr
17-05-2025,Wages Expenses A/C,Payment,182,1400,
,Cash,,,,1400.00 Cr
17-05-2025,Wages Expenses A/C,Payment,183,4900,
,Cash,,,,4900.00 Cr
17-05-2025,Machinery Reparing,Payment,184,1950,
,Cash,,,,1950.00 Cr
17-05-2025,Ashok Traders  Up,Payment,185,140730,
,HDFC Bank,,,,140730.00 Cr
17-05-2025,Ashok Traders  Up,Payment,186,169420,
,HDFC Bank,,,,169420.00 Cr
17-05-2025,Office Expenses,Payment,187,2260,
,Cash,,,,2260.00 Cr
17-05-2025,Hariyana Baat  Bhandar Dolaitpura,Receipt,176,,20000
,HDFC Bank,,,20000.00 Dr,
17-05-2025,Maa Karni Baat Bhander Sodala,Receipt,177,,8330
,HDFC Bank,,,8330.00 Dr,
17-05-2025,Choudhary Pashu Aahar  Parbatsar,Receipt,178,,25000
,HDFC Bank,,,25000.00 Dr,
17-05-2025,Vinayak Genral Stor Ranwal,Receipt,179,,9500
,Cash,,,9500.00 Dr,
17-05-2025,Ankit Trading Company Fulera,Receipt,180,,58711
,HDFC Bank,,,58711.00 Dr,
17-05-2025,G.K.N - Industries,Sales,2534/25-26,61357,
,Sales Account,,,,61357.00 Cr
17-05-2025,Ankit Trading Company Fulera,Sales,2535/25-26,12422,
,Sales Account,,,,12422.00 Cr
17-05-2025,Shri Shyam Baat Bhandar (Bad Ke Bala Ji ),Sales,2536/25-26,23083,
,Sales Account,,,,23083.00 Cr
17-05-2025,Ankit Trading Company Fulera,Sales,2537/25-26,24854,
,Sales Account,,,,24854.00 Cr
17-05-2025,Kharwash Trading Company (Muhana ),Sales,2538/25-26,55743,
,Sales Account,,,,55743.00 Cr
18-05-2025,Love General Stor    Tunga,Receipt,181,,20000
,HDFC Bank,,,20000.00 Dr,
18-05-2025,Manish Trandig Company,Sales,2539/2025-26,54360,
,Sales Account,,,,54360.00 Cr
19-05-2025,Wages Expenses A/C,Payment,188,4850,
,Cash,,,,4850.00 Cr
19-05-2025,Wages Expenses A/C,Payment,189,1300,
,Cash,,,,1300.00 Cr
19-05-2025,Vinayak Fabriks Badharna,Payment,190,46409,
,HDFC Bank,,,,46409.00 Cr
19-05-2025,Machinery Reparing,Payment,191,37632,
,Punjab National Bank - New,,,,37632.00 Cr
19-05-2025,Convence Expensece,Payment,192,3000,
,Cash,,,,3000.00 Cr
19-05-2025,Tour & Travel,Payment,193,1020,
,Cash,,,,1020.00 Cr
19-05-2025,Mukesh Ji Yadav - Kanarpura,Receipt,182,,9000
,Cash,,,9000.00 Dr,
19-05-2025,Vinayak Genral Stor Ranwal,Receipt,183,,11678
,HDFC Bank,,,11678.00 Dr,
19-05-2025,Vinayak Genral Stor Ranwal,Receipt,184,,18000
,HDFC Bank,,,18000.00 Dr,
19-05-2025,Goyal Treders Fhagi,Receipt,185,,62182
,HDFC Bank,,,62182.00 Dr,
19-05-2025,Kharwash Trading Company (Muhana ),Receipt,186,,174972
,HDFC Bank,,,174972.00 Dr,
19-05-2025,Vinayak Genral Stor Ranwal,Receipt,187,,9500
,Cash,,,9500.00 Dr,
19-05-2025,Haritwal Pashu Ahar Vatika,Receipt,188,,9500
,Cash,,,9500.00 Dr,
19-05-2025,Ramnarayan Ji Yadev  Dhanota,Sales,2540/25-26,68750,
,Sales Account,,,,68750.00 Cr
19-05-2025,Jain & Brothers - Muhana Mandi,Sales,2541/25-26,62715,
,Sales Account,,,,62715.00 Cr
19-05-2025,Choudhary Pashu Aahar  Parbatsar,Sales,2542/25-26,82035,
,Sales Account,,,,82035.00 Cr
,Loading Exp,,,,
19-05-2025,Piccadily Agro Industries Ltd,Purchase,38,,389635
,Purchase Account,,,371081.00 Dr,
,IGST-Tax,,,18554.00 Dr,
19-05-2025,Vinayak Fabriks Badharna,Purchase,39,,46409
,Purchase Account,,,39330.00 Dr,
,CGST-Tax,,,3539.50 Dr,
,SGST-Tax,,,3539.50 Dr,
20-05-2025,Wages Expenses A/C,Payment,194,4900,
,Cash,,,,4900.00 Cr
20-05-2025,Wages Expenses A/C,Payment,195,1400,
,Cash,,,,1400.00 Cr
20-05-2025,Wages Expenses A/C,Payment,196,1300,
,Cash,,,,1300.00 Cr
20-05-2025,Tour & Travel,Payment,197,2000,
,Cash,,,,2000.00 Cr
20-05-2025,Vinayak Genral Stor Ranwal,Receipt,189,,9500
,Cash,,,9500.00 Dr,
20-05-2025,Subham Pasu Aahar Badanwada,Receipt,190,,100000
,HDFC Bank,,,100000.00 Dr,
20-05-2025,Shri Shyam Baat Bhandar (Bad Ke Bala Ji ),Receipt,191,,23083
,HDFC Bank,,,23083.00 Dr,
20-05-2025,Babulal Ji Yadav - Mahaswas,Receipt,192,,80000
,HDFC Bank,,,80000.00 Dr,
20-05-2025,Balaji Trading  Company  - Lalshot,Receipt,193,,74232
,HDFC Bank,,,74232.00 Dr,
20-05-2025,Haritwal Pashu Ahar Vatika,Receipt,194,,9500
,Cash,,,9500.00 Dr,
20-05-2025,Vinayak Genral Stor Ranwal,Sales,2543/25-26,69678,
,Sales Account,,,,69678.00 Cr
20-05-2025,Balaji Trading  Company  - Lalshot,Sales,2544/25-26,74232,
,Sales Account,,,,74232.00 Cr
20-05-2025,Love General Stor    Tunga,Sales,2545/25-26,58400,
,Sales Account,,,,58400.00 Cr
20-05-2025,JAGMOHAN  SATISH KUMAR  MAHUWA,Sales,2546/25-26,64620,
,Sales Account,,,,64620.00 Cr
21-05-2025,Vimal JiSharma Dairy - DaulatPura,Payment,198,1380,
,Cash,,,,1380.00 Cr
21-05-2025,Ramnarayan  Girraj Jaipur,Payment,199,718,
,Cash,,,,718.00 Cr
21-05-2025,Mangal Treding Company Kukerkheda Mhandi,Payment,200,135,
,Cash,,,,135.00 Cr
21-05-2025,JAGMOHAN  SATISH KUMAR  MAHUWA,Payment,201,256,
,Cash,,,,256.00 Cr
21-05-2025,Ratan Lal and Company     Khejroli,Payment,202,16,
,Cash,,,,16.00 Cr
21-05-2025,Mahaveer Galla Bhandhar,Payment,203,671916,
,HDFC Bank,,,,671916.00 Cr
21-05-2025,J.S. Packers - Jaipur,Payment,204,17235,
,J.S. Packers - Jaipur,,,100266.00 Dr,
,HDFC Bank,,,,117501.00 Cr
21-05-2025,Wages Expenses A/C,Payment,205,1300,
,Cash,,,,1300.00 Cr
21-05-2025,Wages Expenses A/C,Payment,206,1400,
,Cash,,,,1400.00 Cr
21-05-2025,Wages Expenses A/C,Payment,207,4950,
,Cash,,,,4950.00 Cr
21-05-2025,Tour & Travel,Payment,208,2540,
,Cash,,,,2540.00 Cr
21-05-2025,Vinayak Genral Stor Ranwal,Receipt,195,,2000
,Cash,,,2000.00 Dr,
21-05-2025,Ramkishor Pawan Kumar-Surajpool,Receipt,196,,80000
,HDFC Bank,,,80000.00 Dr,
21-05-2025,Giriraj Enterprises - Kalu Ka Baas,Receipt,197,,58354
,HDFC Bank,,,58354.00 Dr,
21-05-2025,Haritwal Pashu Ahar Vatika,Receipt,198,,9500
,Cash,,,9500.00 Dr,
21-05-2025,Satyenarayan Kunj Bihari  Ude,Receipt,199,,9500
,Cash,,,9500.00 Dr,
21-05-2025,Shri Shyam Treding Company Khejroli,Receipt,200,,9600
,Cash,,,9600.00 Dr,
21-05-2025,Jai Jagdamba Treding Company Nangal Bhirda,Receipt,201,,9500
,Cash,,,9500.00 Dr,
21-05-2025,Discount Given,Journal,2,3,
,Uttam Agencies Sambriya,,,,3.00 Cr
21-05-2025,Giriraj Trading Company - Alwar,Sales,2547/25-26,76320,
,Sales Account,,,,76320.00 Cr
21-05-2025,Pashupati Trading Company,Sales,2548/25-26,45970,
,Sales Account,,,,45970.00 Cr
21-05-2025,Sunny Industries Sitapura Jaipur,Purchase,40,,31570
,Purchase Account,,,31570.00 Dr,
21-05-2025,Agrasen Cotton Private Limited  Chomu,Purchase,41,,135729
,Purchase Account,,,129266.00 Dr,
,CGST-Tax,,,3231.50 Dr,
,SGST-Tax,,,3231.50 Dr,
21-05-2025,Laxmiroto Packers Pvt Ltd,Purchase,42,,4496
,Purchase Account,,,3810.00 Dr,
,CGST-Tax,,,343.00 Dr,
,SGST-Tax,,,343.00 Dr,
21-05-2025,Jai Shanker Rice and  Gen Mill,Purchase,43,,29976
,Purchase Account,,,29976.00 Dr,
21-05-2025,Abhishek Treding Company  Fathenegar,Sales Order,1,256000,
,Sales Account,,,,256000.00 Cr
21-05-2025,G.K.N - Industries,Sales Order,2,46500,
,Sales Account,,,,46500.00 Cr
22-05-2025,Sunny Industries Sitapura Jaipur,Payment,209,31570,
,HDFC Bank,,,,31570.00 Cr
22-05-2025,Agrasen Cotton Private Limited  Chomu,Payment,210,134826,
,HDFC Bank,,,,134826.00 Cr
22-05-2025,Wages Expenses A/C,Payment,211,1400,
,Cash,,,,1400.00 Cr
22-05-2025,Wages Expenses A/C,Payment,212,1300,
,Cash,,,,1300.00 Cr
22-05-2025,Wages Expenses A/C,Payment,213,4800,
,Cash,,,,4800.00 Cr
22-05-2025,Machinery Reparing,Payment,214,2040,
,Cash,,,,2040.00 Cr
22-05-2025,Rakesh Kirana Store - Khejroli,Receipt,202,,70800
,HDFC Bank,,,70800.00 Dr,
22-05-2025,G.K.N - Industries,Receipt,203,,89259
,HDFC Bank,,,89259.00 Dr,
22-05-2025,Pashupati Trading Company,Receipt,204,,60000
,Punjab National Bank - New,,,60000.00 Dr,
22-05-2025,Blue Diamond Food Production,Receipt,205,,30000
,HDFC Bank,,,30000.00 Dr,
22-05-2025,Tarachand Ji -Yadav Khejroli,Receipt,206,,44900
,HDFC Bank,,,44900.00 Dr,
22-05-2025,Haritwal Pashu Ahar Vatika,Receipt,207,,9500
,Cash,,,9500.00 Dr,
22-05-2025,Satyenarayan Kunj Bihari  Ude,Receipt,208,,9500
,Cash,,,9500.00 Dr,
22-05-2025,Shri Shyam Treding Company Khejroli,Receipt,209,,9600
,Cash,,,9600.00 Dr,
22-05-2025,Jai Jagdamba Treding Company Nangal Bhirda,Receipt,210,,9500
,Cash,,,9500.00 Dr,
22-05-2025,Shri Shyam Baat Bhandar (Bad Ke Bala Ji ),Sales,2549/25-26,17900,
,Sales Account,,,,17900.00 Cr
22-05-2025,Tarachand Ji -Yadav Khejroli,Sales,2550/25-26,35985,
,Sales Account,,,,35985.00 Cr
22-05-2025,Subham Pasu Aahar Badanwada,Sales,2552/2025-2026,169875,
,Sales Account,,,,169875.00 Cr
22-05-2025,Ishwar and Company Surajpool,Sales,2553/25-26,48000,
,Sales Account,,,,48000.00 Cr
22-05-2025,Om Prakash Rajesh Kumar - Jaipur,Purchase,44,,107217
,Purchase Account,,,107217.00 Dr,
23-05-2025,BUSINESS PROMOTION EXPENSES,Payment,215,23849,
,HDFC Bank,,,,23849.00 Cr
23-05-2025,Wages Expenses A/C,Payment,216,1300,
,Cash,,,,1300.00 Cr
23-05-2025,Wages Expenses A/C,Payment,217,1400,
,Cash,,,,1400.00 Cr
23-05-2025,Wages Expenses A/C,Payment,218,4850,
,Cash,,,,4850.00 Cr
23-05-2025,Office Expenses,Payment,219,2150,
,Cash,,,,2150.00 Cr
23-05-2025,Agrasen Cotton Private Limited  Chomu,Payment,220,774,
,Punjab National Bank - New,,,,774.00 Cr
23-05-2025,Prakash Enterprises - Phulera,Receipt,211,,82400
,Punjab National Bank - New,,,82400.00 Dr,
23-05-2025,Ankit Trading Company Fulera,Receipt,212,,36405
,HDFC Bank,,,36405.00 Dr,
23-05-2025,Haritwal Pashu Ahar Vatika,Receipt,213,,9500
,Cash,,,9500.00 Dr,
23-05-2025,Satyenarayan Kunj Bihari  Ude,Receipt,214,,9800
,Cash,,,9800.00 Dr,
23-05-2025,Shri Shyam Treding Company Khejroli,Receipt,215,,9600
,Cash,,,9600.00 Dr,
23-05-2025,Jai Jagdamba Treding Company Nangal Bhirda,Receipt,216,,9500
,Cash,,,9500.00 Dr,
23-05-2025,G.K.N - Industries,Sales,2554/25-26,42811,
,Sales Account,,,,42811.00 Cr
23-05-2025,SAMRIDI TRADERS,Sales,2555/25-26,58420,
,Sales Account,,,,58420.00 Cr
23-05-2025,Abhishek Treding Company  Fathenegar,Sales,2556/25-26,239300,
,Sales Account,,,,239300.00 Cr
24-05-2025,Convence Expensece,Payment,221,3020,
,Cash,,,,3020.00 Cr
24-05-2025,Wages Expenses A/C,Payment,222,4950,
,Cash,,,,4950.00 Cr
24-05-2025,Wages Expenses A/C,Payment,223,1100,
,Cash,,,,1100.00 Cr
24-05-2025,Wages Expenses A/C,Payment,224,1400,
,Cash,,,,1400.00 Cr
24-05-2025,S Kumar & Company - Navalgarh,Receipt,217,,50000
,HDFC Bank,,,50000.00 Dr,
24-05-2025,Balaji Indastrises  Didwana,Receipt,218,,67142
,HDFC Bank,,,67142.00 Dr,
24-05-2025,Haritwal Pashu Ahar Vatika,Receipt,219,,9500
,Cash,,,9500.00 Dr,
24-05-2025,Satyenarayan Kunj Bihari  Ude,Receipt,220,,9700
,Cash,,,9700.00 Dr,
24-05-2025,Shri Shyam Treding Company Khejroli,Receipt,221,,9600
,Cash,,,9600.00 Dr,
24-05-2025,Jai Jagdamba Treding Company Nangal Bhirda,Receipt,222,,9500
,Cash,,,9500.00 Dr,
24-05-2025,Shri Shyam Baat Bhandar (Bad Ke Bala Ji ),Receipt,223,,17900
,HDFC Bank,,,17900.00 Dr,
24-05-2025,Shri Namokaar Trading Company,Receipt,224,,5000
,Cash,,,5000.00 Dr,
24-05-2025,Shri Shyam Baat Bhandar (Bad Ke Bala Ji ),Sales,2557/25-26,14315,
,Sales Account,,,,14315.00 Cr
24-05-2025,Shri RamDev Enterprises - Masoda,Sales,2558/2025-26,282301,
,Sales Account,,,,282301.00 Cr
24-05-2025,G.K.N - Industries,Sales,2559/25-26,42811,
,Sales Account,,,,42811.00 Cr
24-05-2025,Sagar Feed Bilwada,Sales,2560/25-26,83000,
,Sales Account,,,,83000.00 Cr
24-05-2025,Suraj Agro - Udaipur - Maize DDGS,Purchase,45,,477750
,Purchase Account,,,455000.00 Dr,
,CGST-Tax,,,11375.00 Dr,
,SGST-Tax,,,11375.00 Dr,
24-05-2025,S M Sales Corporation  Jaipur,Purchase,46,,27406
,Purchase Account,,,27406.00 Dr,
25-05-2025,Shri Shyam Treding Company Khejroli,Receipt,225,,9600
,Cash,,,9600.00 Dr,
25-05-2025,Jai Jagdamba Treding Company Nangal Bhirda,Receipt,226,,9500
,Cash,,,9500.00 Dr,
26-05-2025,Electricity and Water Expenses,Payment,225,2393,
,HDFC Bank,,,,2393.00 Cr
26-05-2025,Suraj Agro - Udaipur - Maize DDGS,Payment,226,477750,
,HDFC Bank,,,,477750.00 Cr
26-05-2025,Jai Shanker Rice and  Gen Mill,Payment,227,29976,
,HDFC Bank,,,,29976.00 Cr
26-05-2025,Tour & Travel,Payment,228,2350,
,Cash,,,,2350.00 Cr
26-05-2025,Wages Expenses A/C,Payment,229,1300,
,Cash,,,,1300.00 Cr
26-05-2025,Wages Expenses A/C,Payment,230,4750,
,Cash,,,,4750.00 Cr
26-05-2025,Wages Expenses A/C,Payment,231,1400,
,Cash,,,,1400.00 Cr
26-05-2025,PRABHA MAHILA KISSAN PRODUSER KHANDER,Receipt,227,,63000
,HDFC Bank,,,63000.00 Dr,
26-05-2025,Abhishek Treding Company  Fathenegar,Receipt,228,,239300
,HDFC Bank,,,239300.00 Dr,
26-05-2025,Sagar Feed Bilwada,Receipt,229,,83000
,HDFC Bank,,,83000.00 Dr,
26-05-2025,Haritwal Pashu Ahar Vatika,Receipt,230,,9500
,Cash,,,9500.00 Dr,
26-05-2025,Shri Shyam Treding Company Khejroli,Receipt,231,,9600
,Cash,,,9600.00 Dr,
26-05-2025,Jai Jagdamba Treding Company Nangal Bhirda,Receipt,232,,9500
,Cash,,,9500.00 Dr,
26-05-2025,Shri Shyam Baat Bhandar (Bad Ke Bala Ji ),Sales,2561/25-26,18148,
,Sales Account,,,,18148.00 Cr
26-05-2025,Rakesh Kirana Store - Khejroli,Sales,2562/25-26,70890,
,Sales Account,,,,70890.00 Cr
26-05-2025,SHRI BALAJI ENTERPRISES-TIGARIYA,Sales,2563/25-26,61034,
,Sales Account,,,,61034.00 Cr
,Loading Exp,,,,
26-05-2025,Kharwash Trading Company (Muhana ),Sales,2564/25-26,66764,
,Sales Account,,,,66764.00 Cr
26-05-2025,"Kailash Chand Deen Dayal - Kasera, Shreemodhopur",Sales,2565/25-26,26880,
,Sales Account,,,,26880.00 Cr
26-05-2025,Arihant  Kumar Rahul Kumar  Medta Seety - S,Sales,2566/25-26,232355,
,Sales Account,,,,232355.00 Cr
26-05-2025,Arihant  Kumar Rahul Kumar  Medta Seety - S,Sales,2567/25-26,9900,
,Sales Account,,,,9900.00 Cr
27-05-2025,Vetkind Animal Health India,Payment,232,175000,
,HDFC Bank,,,,175000.00 Cr
27-05-2025,Wages Expenses A/C,Payment,233,1400,
,Cash,,,,1400.00 Cr
27-05-2025,Wages Expenses A/C,Payment,234,4900,
,Cash,,,,4900.00 Cr
27-05-2025,Tour & Travel,Payment,235,3020,
,Cash,,,,3020.00 Cr
27-05-2025,SAMRIDI TRADERS,Receipt,233,,63270
,Punjab National Bank - New,,,63270.00 Dr,
27-05-2025,Haritwal Pashu Ahar Vatika,Receipt,234,,6370
,Cash,,,6370.00 Dr,
27-05-2025,KAMAL TRADING CO Dudu,Receipt,235,,70000
,HDFC Bank,,,70000.00 Dr,
27-05-2025,Shri Shyam Baat Bhandar (Bad Ke Bala Ji ),Receipt,236,,14315
,HDFC Bank,,,14315.00 Dr,
27-05-2025,Shri Shyam Treding Company Khejroli,Receipt,237,,9600
,Cash,,,9600.00 Dr,
27-05-2025,Jai Jagdamba Treding Company Nangal Bhirda,Receipt,238,,8310
,Cash,,,8310.00 Dr,
27-05-2025,Ramkishor Pawan Kumar-Surajpool,Receipt,239,,80000
,Punjab National Bank - New,,,80000.00 Dr,
27-05-2025,Haritwal Pashu Ahar Vatika,Sales,2568/25-26,72870,
,Sales Account,,,,72870.00 Cr
27-05-2025,Dugya Cattle Feed - Muhana,Sales,2569/25-26,70100,
,Sales Account,,,,70100.00 Cr
27-05-2025,Shri Chand Pasu Aahar Malpura,Sales,2570/25-26,102390,
,Sales Account,,,,102390.00 Cr
28-05-2025,Mahaveer Galla Bhandhar,Payment,236,2450,
,HDFC Bank,,,,2450.00 Cr
28-05-2025,Wages Expenses A/C,Payment,237,4950,
,Cash,,,,4950.00 Cr
28-05-2025,Wages Expenses A/C,Payment,238,1400,
,Cash,,,,1400.00 Cr
28-05-2025,Wages Expenses A/C,Payment,239,1300,
,Cash,,,,1300.00 Cr
28-05-2025,Laxmiroto Packers Pvt Ltd,Payment,240,4496,
,Punjab National Bank - New,,,,4496.00 Cr
28-05-2025,Office Expenses,Payment,241,1850,
,Cash,,,,1850.00 Cr
28-05-2025,Patel Enterprises  Rojda,Receipt,240,,61900
,HDFC Bank,,,61900.00 Dr,
28-05-2025,G.K.N - Industries,Receipt,241,,42811
,HDFC Bank,,,42811.00 Dr,
28-05-2025,Dugya Cattle Feed - Muhana,Receipt,242,,50000
,HDFC Bank,,,50000.00 Dr,
28-05-2025,Vinayak Brothers - Renwal,Receipt,243,,93700
,Vinayak Brothers - Renwal,,,,92775.00 Cr
,HDFC Bank,,,186475.00 Dr,
28-05-2025,Shri Shyam Treding Company Khejroli,Receipt,244,,9600
,Cash,,,9600.00 Dr,
28-05-2025,SHRI BALAJI ENTERPRISES-TIGARIYA,Receipt,245,,70000
,HDFC Bank,,,70000.00 Dr,
28-05-2025,"Kailash Chand Deen Dayal - Kasera, Shreemodhopur",Receipt,246,,26905
,Punjab National Bank - New,,,26905.00 Dr,
28-05-2025,Ramkishor Pawan Kumar-Surajpool,Receipt,247,,72000
,Punjab National Bank - New,,,72000.00 Dr,
28-05-2025,Ishwar and Company Surajpool,Sales,2571/25-26,84000,
,Sales Account,,,,84000.00 Cr
28-05-2025,Kharwash Trading Company (Muhana ),Sales,2572/25-26,57810,
,Sales Account,,,,57810.00 Cr
28-05-2025,Ganesh Pashuahar Chaksu,Sales,2573/25-26,127962,
,Sales Account,,,,127962.00 Cr
28-05-2025,Babulal Ji Yadav - Mahaswas,Sales,2574/25-26,81000,
,Sales Account,,,,81000.00 Cr
28-05-2025,Khandelwal Enterprises,Purchase,47,,36382
,Purchase Account,,,34632.00 Dr,
,CGST-Tax,,,875.00 Dr,
,SGST-Tax,,,875.00 Dr,
28-05-2025,SHRI RAM INDUSTRIES  (PHULERA),Purchase,48,,159000
,Purchase Account,,,159000.00 Dr,
28-05-2025,Kaithal Solvent Pvt Ltd - Haryana,Purchase,49,,446852
,Purchase Account,,,446852.00 Dr,
29-05-2025,Wages Expenses A/C,Payment,242,4850,
,Cash,,,,4850.00 Cr
29-05-2025,Wages Expenses A/C,Payment,243,1400,
,Cash,,,,1400.00 Cr
29-05-2025,S M Sales Corporation  Jaipur,Payment,244,27406,
,Punjab National Bank - New,,,,27406.00 Cr
29-05-2025,BABOSA ENTERPRISES ( DHAGA),Payment,245,11415,
,Punjab National Bank - New,,,,11415.00 Cr
29-05-2025,Tour & Travel,Payment,246,4000,
,Cash,,,,4000.00 Cr
29-05-2025,Jain & Brothers - Muhana Mandi,Receipt,248,,62717
,HDFC Bank,,,62717.00 Dr,
29-05-2025,Shri Shyam Treding Company Khejroli,Receipt,249,,9600
,Cash,,,9600.00 Dr,
29-05-2025,KAMAL TRADING CO Dudu,Sales,2575/25-26,60800,
,Sales Account,,,,60800.00 Cr
29-05-2025,G.K.N - Industries,Sales,2576/25-26,46449,
,Sales Account,,,,46449.00 Cr
29-05-2025,Prakash Enterprises - Phulera,Sales,2577/25-26,84805,
,Sales Account,,,,84805.00 Cr
29-05-2025,Godha Enterprises (Hingoniya),Sales,2578/2025-2026,117380,
,Sales Account,,,,117380.00 Cr
29-05-2025,Narayani Trading Company Champaran Bihar,Purchase,50,,962796
,Purchase Account,,,962796.00 Dr,
30-05-2025,Narayani Trading Company Champaran Bihar,Payment,247,958460,
,HDFC Bank,,,,958460.00 Cr
30-05-2025,SHRI RAM INDUSTRIES  (PHULERA),Payment,248,159000,
,HDFC Bank,,,,159000.00 Cr
30-05-2025,Kaithal Solvent Pvt Ltd - Haryana,Payment,249,446852,
,HDFC Bank,,,,446852.00 Cr
30-05-2025,Tour & Travel,Payment,250,1000,
,Cash,,,,1000.00 Cr
30-05-2025,Wages Expenses A/C,Payment,251,4950,
,Cash,,,,4950.00 Cr
30-05-2025,Wages Expenses A/C,Payment,252,1400,
,Cash,,,,1400.00 Cr
30-05-2025,Wages Expenses A/C,Payment,253,1300,
,Cash,,,,1300.00 Cr
30-05-2025,Jurashik Minral,Payment,254,36195,
,Punjab National Bank - New,,,,36195.00 Cr
30-05-2025,Car Loan - Hyrider,Payment,255,48357,
,Punjab National Bank - New,,,,48357.00 Cr
30-05-2025,BANK  EXPENSES- PNB BANK,Payment,256,5.61,
,Punjab National Bank - New,,,,5.61 Cr
30-05-2025,Tour & Travel,Payment,257,500,
,Cash,,,,500.00 Cr
30-05-2025,Shri Shyam Treding Company Khejroli,Receipt,250,,9850
,Cash,,,9850.00 Dr,
30-05-2025,Shri Shyam Baat Bhandar (Bad Ke Bala Ji ),Receipt,251,,18148
,HDFC Bank,,,18148.00 Dr,
30-05-2025,Ankit Trading Company Fulera,Receipt,252,,37482
,HDFC Bank,,,37482.00 Dr,
30-05-2025,JAGMOHAN  SATISH KUMAR  MAHUWA,Receipt,253,,50000
,JAGMOHAN  SATISH KUMAR  MAHUWA,,,,14680.00 Cr
,HDFC Bank,,,64680.00 Dr,
30-05-2025,Damodher Ji Sharma Choop,Receipt,254,,85888
,HDFC Bank,,,85888.00 Dr,
30-05-2025,Vinayak Brothers - Renwal,Sales,2579/2025-26,92770,
,Sales Account,,,,92770.00 Cr
30-05-2025,Shri Shyam Baat Bhandar (Bad Ke Bala Ji ),Sales,2580/2025-2026,23085,
,Sales Account,,,,23085.00 Cr
30-05-2025,Shri Balaji Agro Industries - Muhana,Sales,2581/2025-2026,27081,
,Sales Account,,,,27081.00 Cr
30-05-2025,PRABHA MAHILA KISSAN PRODUSER KHANDER,Sales,2582/2025-2026,63000,
,Sales Account,,,,63000.00 Cr
30-05-2025,M Choudhry Trading Company - Jalpali,Sales,2583/2025-2026,59600,
,Sales Account,,,,59600.00 Cr
30-05-2025,Goyal Solvents Punjab,Purchase,51,,501140
,Purchase Account,,,501140.00 Dr,
31-05-2025,Wages Expenses A/C,Payment,258,4900,
,Cash,,,,4900.00 Cr
31-05-2025,Wages Expenses A/C,Payment,259,1400,
,Cash,,,,1400.00 Cr
31-05-2025,Wages Expenses A/C,Payment,260,1300,
,Cash,,,,1300.00 Cr
31-05-2025,Machinery Reparing,Payment,261,2140,
,Cash,,,,2140.00 Cr
31-05-2025,Anjani Trading Company  -(Beawar),Sales,2584/2025-2026,45534,
,Sales Account,,,,45534.00 Cr
31-05-2025,Vetkind Animal Health India,Purchase,52,,24000
,Purchase Account,,,24000.00 Dr,
31-05-2025,Vetkind Animal Health India,Purchase,53,,103500
,Purchase Account,,,103500.00 Dr,
31-05-2025,Vetkind Animal Health India,Purchase,54,,80000
,Purchase Account,,,80000.00 Dr,
31-05-2025,Ramesh Traders Jaipur,Purchase,55,,517055
,Purchase Account,,,517055.00 Dr,
02-06-2025,Convence Expensece,Payment,262,2200,
,Cash,,,,2200.00 Cr
02-06-2025,Wages Expenses A/C,Payment,263,4900,
,Cash,,,,4900.00 Cr
02-06-2025,Wages Expenses A/C,Payment,264,1400,
,Cash,,,,1400.00 Cr
02-06-2025,Wages Expenses A/C,Payment,265,1300,
,Cash,,,,1300.00 Cr
02-06-2025,Goyal Solvents Punjab,Payment,266,501140,
,HDFC Bank,,,,501140.00 Cr
02-06-2025,Ramesh Traders Jaipur,Payment,267,514605,
,HDFC Bank,,,,514605.00 Cr
02-06-2025,Choudhary Pashu Aahar  Parbatsar,Receipt,255,,40000
,HDFC Bank,,,40000.00 Dr,
02-06-2025,Anukumar Mukesh Kumar Malpura,Receipt,256,,50000
,Punjab National Bank - New,,,50000.00 Dr,
02-06-2025,Prabhu Narayanji - Bambori,Receipt,257,,500
,Cash,,,500.00 Dr,
02-06-2025,Haritwal Pashu Ahar Vatika,Receipt,258,,9000
,Cash,,,9000.00 Dr,
02-06-2025,Shri Shyam Treding Company Khejroli,Receipt,259,,9500
,Cash,,,9500.00 Dr,
02-06-2025,Ankit Trading Company Fulera,Sales,2585/2025-2026,61587,
,Sales Account,,,,61587.00 Cr
02-06-2025,Ishwar and Company Surajpool,Sales,2586/2025-2026,40800,
,Sales Account,,,,40800.00 Cr
02-06-2025,Marlsboro Industries LLP,Purchase,56,,254868
,Purchase Account,,,215597.00 Dr,
,CGST-Tax,,,19635.50 Dr,
,SGST-Tax,,,19635.50 Dr,
03-06-2025,Tour & Travel,Payment,268,1000,
,Cash,,,,1000.00 Cr
03-06-2025,Wages Expenses A/C,Payment,269,4850,
,Cash,,,,4850.00 Cr
03-06-2025,Wages Expenses A/C,Payment,270,1400,
,Cash,,,,1400.00 Cr
03-06-2025,Wages Expenses A/C,Payment,271,1300,
,Cash,,,,1300.00 Cr
03-06-2025,Khandelwal Enterprises,Payment,272,36382,
,Punjab National Bank - New,,,,36382.00 Cr
03-06-2025,Shri Shyam Baat Bhandar (Bad Ke Bala Ji ),Receipt,260,,23085
,HDFC Bank,,,23085.00 Dr,
03-06-2025,Haritwal Pashu Ahar Vatika,Receipt,261,,9000
,Cash,,,9000.00 Dr,
03-06-2025,Shri Shyam Treding Company Khejroli,Receipt,262,,9500
,Cash,,,9500.00 Dr,
03-06-2025,Ishwar and Company Surajpool,Sales,2587/2025-2026,80000,
,Sales Account,,,,80000.00 Cr
03-06-2025,Shri Shyam Baat Bhandar (Bad Ke Bala Ji ),Sales,2588/25-26,22225,
,Sales Account,,,,22225.00 Cr
04-06-2025,Office Expenses,Payment,273,2250,
,Cash,,,,2250.00 Cr
04-06-2025,Wages Expenses A/C,Payment,274,4950,
,Cash,,,,4950.00 Cr
04-06-2025,Wages Expenses A/C,Payment,275,1400,
,Cash,,,,1400.00 Cr
04-06-2025,Wages Expenses A/C,Payment,276,1300,
,Cash,,,,1300.00 Cr
04-06-2025,Marlsboro Industries LLP,Payment,277,254868,
,HDFC Bank,,,,254868.00 Cr
04-06-2025,Sunny Industries Sitapura Jaipur,Payment,278,38370,
,HDFC Bank,,,,38370.00 Cr
04-06-2025,Haritwal Pashu Ahar Vatika,Receipt,263,,9000
,Cash,,,9000.00 Dr,
04-06-2025,Shyam Baat Bhandar - Kanwarpura,Receipt,264,,9500
,Cash,,,9500.00 Dr,
04-06-2025,Shri Shyam Treding Company Khejroli,Receipt,265,,9500
,Cash,,,9500.00 Dr,
04-06-2025,Balaji Trading  Company  - Lalshot,Sales,2589/25-26,76750,
,Sales Account,,,,76750.00 Cr
04-06-2025,Sunny Industries Sitapura Jaipur,Purchase,57,,38370
,Purchase Account,,,38370.00 Dr,
05-06-2025,Wages Expenses A/C,Payment,279,4800,
,Cash,,,,4800.00 Cr
05-06-2025,Wages Expenses A/C,Payment,280,1400,
,Cash,,,,1400.00 Cr
05-06-2025,Wages Expenses A/C,Payment,281,1300,
,Cash,,,,1300.00 Cr
05-06-2025,Tour & Travel,Payment,282,1960,
,Cash,,,,1960.00 Cr
05-06-2025,Ramesh Traders Jaipur,Payment,283,2450,
,HDFC Bank,,,,2450.00 Cr
05-06-2025,Haritwal Pashu Ahar Vatika,Receipt,266,,9000
,Cash,,,9000.00 Dr,
05-06-2025,Shyam Baat Bhandar - Kanwarpura,Receipt,267,,9500
,Cash,,,9500.00 Dr,
05-06-2025,Shri Shyam Treding Company Khejroli,Receipt,268,,9500
,Cash,,,9500.00 Dr,
05-06-2025,Punjab National Bank - New,Journal,3,50000,
,Anukumar Mukesh Kumar Malpura,,,,50000.00 Cr
05-06-2025,"Kailash Chand Deen Dayal - Kasera, Shreemodhopur",Sales,2590/25-26,53860,
,Sales Account,,,,53860.00 Cr
05-06-2025,Anukumar Mukesh Kumar Malpura,Sales,2591/25-26,67015,
,Sales Account,,,,67015.00 Cr
06-06-2025,Wages Expenses A/C,Payment,284,4900,
,Cash,,,,4900.00 Cr
06-06-2025,Wages Expenses A/C,Payment,285,1400,
,Cash,,,,1400.00 Cr
06-06-2025,Wages Expenses A/C,Payment,286,1300,
,Cash,,,,1300.00 Cr
06-06-2025,Om Prakash Rajesh Kumar - Jaipur,Payment,287,107217,
,Punjab National Bank - New,,,,107217.00 Cr
06-06-2025,Brokrage,Payment,288,3248,
,Punjab National Bank - New,,,,3248.00 Cr
06-06-2025,Brokrage,Payment,289,9000,
,Punjab National Bank - New,,,,9000.00 Cr
06-06-2025,Convence Expensece,Payment,290,2000,
,Cash,,,,2000.00 Cr
06-06-2025,"Kailash Chand Deen Dayal - Kasera, Shreemodhopur",Receipt,269,,53860
,Punjab National Bank - New,,,53860.00 Dr,
06-06-2025,G.K.N - Industries,Receipt,270,,89259
,HDFC Bank,,,89259.00 Dr,
06-06-2025,Shri Shyam Baat Bhandar (Bad Ke Bala Ji ),Receipt,271,,22225
,HDFC Bank,,,22225.00 Dr,
06-06-2025,Balaji Trading  Company  - Lalshot,Receipt,272,,76750
,HDFC Bank,,,76750.00 Dr,
06-06-2025,Haritwal Pashu Ahar Vatika,Receipt,273,,9000
,Cash,,,9000.00 Dr,
06-06-2025,Shyam Baat Bhandar - Kanwarpura,Receipt,274,,9500
,Cash,,,9500.00 Dr,
06-06-2025,Shri Shyam Treding Company Khejroli,Receipt,275,,9500
,Cash,,,9500.00 Dr,
06-06-2025,Kharwash Trading Company (Muhana ),Sales,2592/25-26,57810,
,Sales Account,,,,57810.00 Cr
06-06-2025,Shiv Trading Comnay Vatika,Sales,2593/25-26,73170,
,Sales Account,,,,73170.00 Cr
06-06-2025,Goyal Treders Fhagi,Sales,2594/25-26,77818,
,Sales Account,,,,77818.00 Cr
07-06-2025,Tour & Travel,Payment,291,2230,
,Cash,,,,2230.00 Cr
07-06-2025,Wages Expenses A/C,Payment,292,1300,
,Cash,,,,1300.00 Cr
07-06-2025,Wages Expenses A/C,Payment,293,1400,
,Cash,,,,1400.00 Cr
07-06-2025,Wages Expenses A/C,Payment,294,4950,
,Cash,,,,4950.00 Cr
07-06-2025,Shri Hari Shanker Khandelwal,Payment,295,9000,
,Cash,,,,9000.00 Cr
07-06-2025,Nilesh Kumar Khandelwal,Payment,296,9500,
,Vijay Kumar Khandelwal,,,9500.00 Dr,
,Priyanka Devi Khandelwal,,,9500.00 Dr,
,Vishnu Gupta,,,9500.00 Dr,
,Nitesh,,,9500.00 Dr,
,Pradeep Kumar Gupta,,,9500.00 Dr,
,Raju Lal Ji,,,9500.00 Dr,
,Raju Mistri,,,9500.00 Dr,
,Cash,,,,76000.00 Cr
07-06-2025,Arihant  Kumar Rahul Kumar  Medta Seety - S,Receipt,276,,242255
,HDFC Bank,,,242255.00 Dr,
07-06-2025,Haritwal Pashu Ahar Vatika,Receipt,277,,9000
,Cash,,,9000.00 Dr,
07-06-2025,Shyam Baat Bhandar - Kanwarpura,Receipt,278,,9500
,Cash,,,9500.00 Dr,
07-06-2025,Shri Shyam Treding Company Khejroli,Receipt,279,,9600
,Cash,,,9600.00 Dr,
07-06-2025,Shri Shyam Baat Bhandar (Bad Ke Bala Ji ),Sales,2595/25-26,27405,
,Sales Account,,,,27405.00 Cr
07-06-2025,Jain & Brothers - Muhana Mandi,Sales,2596/25-26,62715,
,Sales Account,,,,62715.00 Cr
07-06-2025,G.K.N - Industries,Sales,2597/25-26,42811,
,Sales Account,,,,42811.00 Cr
07-06-2025,JAGMOHAN  SATISH KUMAR  MAHUWA,Sales,2598/25-26,68066,
,Sales Account,,,,68066.00 Cr
08-06-2025,Nilesh Kumar Khandelwal,Payment,297,9500,
,Vijay Kumar Khandelwal,,,9500.00 Dr,
,Priyanka Devi Khandelwal,,,9500.00 Dr,
,Pradeep Kumar Gupta,,,8000.00 Dr,
,Raju Lal Gupta,,,4500.00 Dr,
,Vishnu Gupta,,,9500.00 Dr,
,Nitesh,,,9500.00 Dr,
,Raju Mistri,,,4000.00 Dr,
,Cash,,,,64000.00 Cr
09-06-2025,Wages Expenses A/C,Payment,298,4850,
,Cash,,,,4850.00 Cr
09-06-2025,Wages Expenses A/C,Payment,299,1400,
,Cash,,,,1400.00 Cr
09-06-2025,Office Expenses,Payment,300,3840,
,Cash,,,,3840.00 Cr
09-06-2025,BUSINESS PROMOTION EXPENSES,Payment,301,23849,
,HDFC Bank,,,,23849.00 Cr
09-06-2025,S Kumar & Company - Navalgarh,Receipt,280,,75000
,HDFC Bank,,,75000.00 Dr,
09-06-2025,Ramkishor Pawan Kumar-Surajpool,Receipt,281,,96000
,Punjab National Bank - New,,,96000.00 Dr,
09-06-2025,Haritwal Pashu Ahar Vatika,Receipt,282,,9000
,Cash,,,9000.00 Dr,
09-06-2025,Shyam Baat Bhandar - Kanwarpura,Receipt,283,,9500
,Cash,,,9500.00 Dr,
09-06-2025,Shri Balaji Agro Industries - Muhana,Receipt,284,,27080
,HDFC Bank,,,27080.00 Dr,
09-06-2025,Shri Shyam Treding Company Khejroli,Receipt,285,,9600
,Cash,,,9600.00 Dr,
09-06-2025,Mehta Baat Bhandhar - GovindPura,Sales,2599/2025-2026,56160,
,Sales Account,,,,56160.00 Cr
10-06-2025,Wages Expenses A/C,Payment,302,4900,
,Cash,,,,4900.00 Cr
10-06-2025,Wages Expenses A/C,Payment,303,1400,
,Cash,,,,1400.00 Cr
10-06-2025,Wages Expenses A/C,Payment,304,1300,
,Cash,,,,1300.00 Cr
10-06-2025,Machinery Reparing,Payment,305,2170,
,Cash,,,,2170.00 Cr
10-06-2025,Shri Shyam Baat Bhandar (Bad Ke Bala Ji ),Receipt,286,,27405
,HDFC Bank,,,27405.00 Dr,
10-06-2025,Haritwal Pashu Ahar Vatika,Receipt,287,,9870
,Cash,,,9870.00 Dr,
10-06-2025,Blue Diamond Food Production,Receipt,288,,30000
,HDFC Bank,,,30000.00 Dr,
10-06-2025,Anjani Trading Company  -(Beawar),Receipt,289,,45534
,HDFC Bank,,,45534.00 Dr,
10-06-2025,Shyam Baat Bhandar - Kanwarpura,Receipt,290,,9500
,Cash,,,9500.00 Dr,
10-06-2025,Shri Shyam Treding Company Khejroli,Receipt,291,,9600
,Cash,,,9600.00 Dr,
10-06-2025,M Choudhry Trading Company - Jalpali,Receipt,292,,59700
,HDFC Bank,,,59700.00 Dr,
10-06-2025,Haritwal Pashu Ahar Vatika,Sales,2600/25-26,72870,
,Sales Account,,,,72870.00 Cr
10-06-2025,Shri Shyam Baat Bhandar (Bad Ke Bala Ji ),Sales,2601/25-26,17335,
,Sales Account,,,,17335.00 Cr
10-06-2025,Ishwar and Company Surajpool,Sales,2602/25-26,96000,
,Sales Account,,,,96000.00 Cr
11-06-2025,Wages Expenses A/C,Payment,306,4900,
,Cash,,,,4900.00 Cr
11-06-2025,Wages Expenses A/C,Payment,307,1400,
,Cash,,,,1400.00 Cr
11-06-2025,(cancelled),Payment,308,,
11-06-2025,Ajay Kumar,Payment,309,8000,
,HDFC Bank,,,,8000.00 Cr
11-06-2025,Tour & Travel,Payment,310,3500,
,Cash,,,,3500.00 Cr
11-06-2025,Office Expenses,Payment,311,155,
,Cash,,,,155.00 Cr
11-06-2025,S K Dairy - Mukunpura,Receipt,293,,20000
,HDFC Bank,,,20000.00 Dr,
11-06-2025,Ramnarayan Ji Yadev  Dhanota,Receipt,294,,68750
,HDFC Bank,,,68750.00 Dr,
11-06-2025,Shyam Baat Bhandar - Kanwarpura,Receipt,295,,4070
,Cash,,,4070.00 Dr,
11-06-2025,Pashupati Trading Company,Receipt,296,,46207
,Punjab National Bank - New,,,46207.00 Dr,
11-06-2025,Choudhary Pashu Aahar  Parbatsar,Receipt,297,,37380
,HDFC Bank,,,37380.00 Dr,
11-06-2025,Pashupati Trading Company,Sales,2603/25-26,36926,
,Sales Account,,,,36926.00 Cr
11-06-2025,Anjani Trading Company  -(Beawar),Sales,2604/25-26,56312,
,Sales Account,,,,56312.00 Cr
11-06-2025,Garg Agrifoods Pltd Puranpur,Purchase,58,,416835
,Purchase Account,,,416835.00 Dr,
11-06-2025,Ashok Traders  Up,Purchase,59,,94174
,Purchase Account,,,94174.00 Dr,
12-06-2025,Wages Expenses A/C,Payment,312,1400,
,Cash,,,,1400.00 Cr
12-06-2025,Wages Expenses A/C,Payment,313,1000,
,Cash,,,,1000.00 Cr
12-06-2025,Wages Expenses A/C,Payment,314,4900,
,Cash,,,,4900.00 Cr
12-06-2025,Electricity and Water Expenses,Payment,315,102759,
,HDFC Bank,,,,102759.00 Cr
12-06-2025,Machinery Reparing,Payment,316,2650,
,Cash,,,,2650.00 Cr
12-06-2025,Shri Shyam Treding Company Khejroli,Receipt,298,,9600
,Cash,,,9600.00 Dr,
12-06-2025,Kharwash Trading Company (Muhana ),Sales,2605/25-26,66760,
,Sales Account,,,,66760.00 Cr
12-06-2025,SHRI BALAJI ENTERPRISES-TIGARIYA,Sales,2606/25-26,61268,
,Sales Account,,,,61268.00 Cr
12-06-2025,Ankit Trading Company Fulera,Sales,2607/25-26,62623,
,Sales Account,,,,62623.00 Cr
12-06-2025,Ganesh Pashuahar Chaksu,Sales,2608/25-26,108345,
,Sales Account,,,,108345.00 Cr
12-06-2025,DILIP UDYOUG,Purchase,60,,27324
,Purchase Account,,,27324.00 Dr,
13-06-2025,Wages Expenses A/C,Payment,317,4900,
,Cash,,,,4900.00 Cr
13-06-2025,Wages Expenses A/C,Payment,318,1400,
,Cash,,,,1400.00 Cr
13-06-2025,Wages Expenses A/C,Payment,319,1300,
,Cash,,,,1300.00 Cr
13-06-2025,Convence Expensece,Payment,320,2200,
,Cash,,,,2200.00 Cr
13-06-2025,Shri Shyam Baat Bhandar (Bad Ke Bala Ji ),Receipt,299,,17335
,HDFC Bank,,,17335.00 Dr,
13-06-2025,Kharwash Trading Company (Muhana ),Receipt,300,,266192
,HDFC Bank,,,266192.00 Dr,
13-06-2025,KAMAL TRADING CO Dudu,Receipt,301,,55000
,HDFC Bank,,,55000.00 Dr,
13-06-2025,Mahesh Trading Company Renwal,Receipt,302,,50000
,HDFC Bank,,,50000.00 Dr,
13-06-2025,Anjani Trading Company  -(Beawar),Receipt,303,,56312
,HDFC Bank,,,56312.00 Dr,
13-06-2025,Vinayak Brothers - Renwal,Receipt,304,,93700
,HDFC Bank,,,93700.00 Dr,
13-06-2025,Shri Shyam Treding Company Khejroli,Receipt,305,,9650
,Cash,,,9650.00 Dr,
13-06-2025,Dugya Cattle Feed - Muhana,Receipt,306,,25500
,HDFC Bank,,,25500.00 Dr,
13-06-2025,Jain & Brothers - Muhana Mandi,Receipt,307,,62717
,Punjab National Bank - New,,,62717.00 Dr,
13-06-2025,Shri Shyam Baat Bhandar (Bad Ke Bala Ji ),Sales,2609/25-26,17535,
,Sales Account,,,,17535.00 Cr
13-06-2025,Uttam Agencies Sambriya,Sales,2610/25-26,51020,
,Sales Account,,,,51020.00 Cr
13-06-2025,Shyam Baat Bhandar - Kanwarpura,Sales,2611/25-26,53645,
,Sales Account,,,,53645.00 Cr
13-06-2025,Arihant  Kumar Rahul Kumar  Medta Seety - S,Sales,2612/25-26,227424,
,Sales Account,,,,227424.00 Cr
13-06-2025,Hindutan Agro Products Jaipur,Purchase,61,,198920
,Purchase Account,,,198920.00 Dr,
13-06-2025,Rambilas Ishwardas - Kukerkeda,Purchase,62,,6143
,Purchase Account,,,6143.00 Dr,
14-06-2025,Wages Expenses A/C,Payment,321,1300,
,Cash,,,,1300.00 Cr
14-06-2025,Wages Expenses A/C,Payment,322,1400,
,Cash,,,,1400.00 Cr
14-06-2025,Wages Expenses A/C,Payment,323,4950,
,Cash,,,,4950.00 Cr
14-06-2025,Tour & Travel,Payment,324,2250,
,Cash,,,,2250.00 Cr
14-06-2025,G.K.N - Industries,Receipt,308,,65961
,HDFC Bank,,,65961.00 Dr,
14-06-2025,G.K.N - Industries,Sales,2613/25-26,42811,
,Sales Account,,,,42811.00 Cr
14-06-2025,Patel Enterprises  Rojda,Sales,2614/25-26,61900,
,Sales Account,,,,61900.00 Cr
14-06-2025,Rajendra Kumar Pawan Kumar Fhagi,Sales,2615/25-26,41996,
,Sales Account,,,,41996.00 Cr
14-06-2025,Rajendra Kumar Pawan Kumar Fhagi,Sales,2616/25-26,17738,
,Sales Account,,,,17738.00 Cr
14-06-2025,Choudhary Pashu Aahar  Parbatsar,Sales,2617/25-26,86335,
,Sales Account,,,,86335.00 Cr
15-06-2025,Rajendra Kumar Pawan Kumar Fhagi,Receipt,309,,59734
,HDFC Bank,,,59734.00 Dr,
15-06-2025,Grow More Trade Links Jaipur,Purchase,63,,550258
,Purchase Account,,,524055.00 Dr,
,CGST-Tax,,,13101.50 Dr,
,SGST-Tax,,,13101.50 Dr,
16-06-2025,Wages Expenses A/C,Payment,325,1300,
,Cash,,,,1300.00 Cr
16-06-2025,Wages Expenses A/C,Payment,326,1400,
,Cash,,,,1400.00 Cr
16-06-2025,Wages Expenses A/C,Payment,327,4850,
,Cash,,,,4850.00 Cr
16-06-2025,BUSINESS PROMOTION EXPENSES,Payment,328,23849,
,HDFC Bank,,,,23849.00 Cr
16-06-2025,Hindutan Agro Products Jaipur,Payment,329,198920,
,HDFC Bank,,,,198920.00 Cr
16-06-2025,Grow More Trade Links Jaipur,Payment,330,550258,
,HDFC Bank,,,,550258.00 Cr
16-06-2025,DILIP UDYOUG,Payment,331,27324,
,HDFC Bank,,,,27324.00 Cr
16-06-2025,Fright Exp,Payment,332,9000,
,Cash,,,,9000.00 Cr
16-06-2025,Shri Shyam Baat Bhandar (Bad Ke Bala Ji ),Receipt,310,,17535
,HDFC Bank,,,17535.00 Dr,
16-06-2025,Kedar Kirana Stor Benadamod,Receipt,311,,50000
,HDFC Bank,,,50000.00 Dr,
16-06-2025,JAGMOHAN  SATISH KUMAR  MAHUWA,Receipt,312,,50000
,JAGMOHAN  SATISH KUMAR  MAHUWA,,,,19120.00 Cr
,HDFC Bank,,,69120.00 Dr,
16-06-2025,Ankit Trading Company Fulera,Receipt,313,,61797
,HDFC Bank,,,61797.00 Dr,
16-06-2025,Shri Shyam Baat Bhandar (Bad Ke Bala Ji ),Sales,2618/25-26,19250,
,Sales Account,,,,19250.00 Cr
16-06-2025,Kharwash Trading Company (Muhana ),Sales,2619/25-26,60000,
,Sales Account,,,,60000.00 Cr
16-06-2025,Shri Balaji Agro Industries - Muhana,Sales,22,21115,
,Sales Account,,,,21115.00 Cr
16-06-2025,Kedar Kirana Stor Benadamod,Sales,2621/25-26,50000,
,Sales Account,,,,50000.00 Cr
16-06-2025,Maruti Trading Company Kalwar,Sales,2622/25-26,49680,
,Sales Account,,,,49680.00 Cr
17-06-2025,Wages Expenses A/C,Payment,333,4850,
,Cash,,,,4850.00 Cr
17-06-2025,Wages Expenses A/C,Payment,334,1400,
,Cash,,,,1400.00 Cr
17-06-2025,Wages Expenses A/C,Payment,335,1300,
,Cash,,,,1300.00 Cr
17-06-2025,Machinery Reparing,Payment,336,2240,
,Cash,,,,2240.00 Cr
17-06-2025,Garg Agrifoods Pltd Puranpur,Payment,337,416835,
,Punjab National Bank - New,,,,416835.00 Cr
17-06-2025,Fright Exp,Payment,338,9000,
,Cash,,,,9000.00 Cr
17-06-2025,Shri Chand Pasu Aahar Malpura,Receipt,314,,157819
,HDFC Bank,,,157819.00 Dr,
17-06-2025,Choudhary Pashu Aahar  Parbatsar,Receipt,315,,30775
,HDFC Bank,,,30775.00 Dr,
17-06-2025,Narendar Kumar Khejroli,Receipt,316,,9500
,Cash,,,9500.00 Dr,
17-06-2025,Vinayak Brothers - Renwal,Sales,2623/25-26,93696,
,Sales Account,,,,93696.00 Cr
18-06-2025,Tour & Travel,Payment,339,2200,
,Cash,,,,2200.00 Cr
18-06-2025,Wages Expenses A/C,Payment,340,1300,
,Cash,,,,1300.00 Cr
18-06-2025,Wages Expenses A/C,Payment,341,1400,
,Cash,,,,1400.00 Cr
18-06-2025,Wages Expenses A/C,Payment,342,4900,
,Cash,,,,4900.00 Cr
18-06-2025,Rambilas Ishwardas - Kukerkeda,Payment,343,6143,
,Punjab National Bank - New,,,,6143.00 Cr
18-06-2025,Brokrage,Payment,344,1632,
,Punjab National Bank - New,,,,1632.00 Cr
18-06-2025,Fright Exp,Payment,345,4810,
,Cash,,,,4810.00 Cr
18-06-2025,Narendar Kumar Khejroli,Receipt,317,,9500
,Cash,,,9500.00 Dr,
19-06-2025,Wages Expenses A/C,Payment,346,4800,
,Cash,,,,4800.00 Cr
19-06-2025,Wages Expenses A/C,Payment,347,1400,
,Cash,,,,1400.00 Cr
19-06-2025,Wages Expenses A/C,Payment,348,1300,
,Cash,,,,1300.00 Cr
19-06-2025,Office Expenses,Payment,349,1950,
,Cash,,,,1950.00 Cr
19-06-2025,BANK  EXPENSES- PNB BANK,Payment,350,5.61,
,Punjab National Bank - New,,,,5.61 Cr
19-06-2025,Ashok Traders  Up,Payment,351,94174,
,Punjab National Bank - New,,,,94174.00 Cr
19-06-2025,G.K.N - Industries,Receipt,318,,102056
,HDFC Bank,,,102056.00 Dr,
19-06-2025,Shri Balaji Agro Industries - Muhana,Receipt,319,,22115
,HDFC Bank,,,22115.00 Dr,
19-06-2025,Nakoda Trading Company  Nimbaheda,Receipt,320,,9000
,HDFC Bank,,,9000.00 Dr,
19-06-2025,SHRI BALAJI ENTERPRISES-TIGARIYA,Receipt,321,,70000
,HDFC Bank,,,70000.00 Dr,
19-06-2025,Ishwar and Company Surajpool,Receipt,322,,101920
,HDFC Bank,,,101920.00 Dr,
19-06-2025,Ishwar and Company Surajpool,Receipt,323,,104000
,HDFC Bank,,,104000.00 Dr,
19-06-2025,Shiv Trading Comnay Vatika,Receipt,324,,73170
,HDFC Bank,,,73170.00 Dr,
19-06-2025,Narendar Kumar Khejroli,Receipt,325,,9500
,Cash,,,9500.00 Dr,
19-06-2025,Discount Given,Journal,4,3631,
,G.K.N - Industries,,,,3631.00 Cr
19-06-2025,S M Sales Corporation  Jaipur,Purchase,64,,3746
,Purchase Account,,,3746.00 Dr,
19-06-2025,Akash Trading Company Prayagraj,Purchase,65,,158402
,Purchase Account,,,158402.00 Dr,
20-06-2025,Wages Expenses A/C,Payment,352,1400,
,Cash,,,,1400.00 Cr
20-06-2025,Wages Expenses A/C,Payment,353,4950,
,Cash,,,,4950.00 Cr
20-06-2025,Convence Expensece,Payment,354,3000,
,Cash,,,,3000.00 Cr
20-06-2025,S Kumar & Company - Navalgarh,Receipt,326,,40800
,HDFC Bank,,,40800.00 Dr,
20-06-2025,Narendar Kumar Khejroli,Receipt,327,,9340
,Cash,,,9340.00 Dr,
20-06-2025,Haritwal Pashu Ahar Vatika,Receipt,328,,9000
,Cash,,,9000.00 Dr,
20-06-2025,Discount Given,Journal,5,8000,
,S Kumar & Company - Navalgarh,,,,8000.00 Cr
20-06-2025,Kharwash Trading Company (Muhana ),Sales,2624/25-26,66760,
,Sales Account,,,,66760.00 Cr
20-06-2025,Shri Chand Pasu Aahar Malpura,Sales,2625/25-26,102040,
,Sales Account,,,,102040.00 Cr
21-06-2025,Wages Expenses A/C,Payment,355,4950,
,Cash,,,,4950.00 Cr
21-06-2025,Wages Expenses A/C,Payment,356,1400,
,Cash,,,,1400.00 Cr
21-06-2025,Wages Expenses A/C,Payment,357,1300,
,Cash,,,,1300.00 Cr
21-06-2025,S Kumar & Company - Navalgarh,Receipt,329,,74000
,HDFC Bank,,,74000.00 Dr,
21-06-2025,SAMRIDI TRADERS,Receipt,330,,61655
,Punjab National Bank - New,,,61655.00 Dr,
21-06-2025,Tarachand Ji -Yadav Khejroli,Receipt,331,,35920
,HDFC Bank,,,35920.00 Dr,
21-06-2025,Narendar Kumar Khejroli,Receipt,332,,9800
,Cash,,,9800.00 Dr,
21-06-2025,Haritwal Pashu Ahar Vatika,Receipt,333,,9000
,Cash,,,9000.00 Dr,
21-06-2025,Discount Given,Journal,6,7000,
,S Kumar & Company - Navalgarh,,,,7000.00 Cr
21-06-2025,Jain & Brothers - Muhana Mandi,Sales,2626/25-26,62715,
,Sales Account,,,,62715.00 Cr
21-06-2025,SAMRIDI TRADERS,Sales,2627/25-26,57955,
,Sales Account,,,,57955.00 Cr
21-06-2025,"Kailash Chand Deen Dayal - Kasera, Shreemodhopur",Sales,2628/25-26,22400,
,Sales Account,,,,22400.00 Cr
21-06-2025,Balaji Indastrises  Didwana,Sales,2629/25-26,66090,
,Sales Account,,,,66090.00 Cr
21-06-2025,Tarachand Ji -Yadav Khejroli,Sales,2630/25-26,44900,
,Sales Account,,,,44900.00 Cr
21-06-2025,Kharwash Trading Company (Muhana ),Sales,2631/25-26,57810,
,Sales Account,,,,57810.00 Cr
21-06-2025,Nakoda Trading Company  Nimbaheda,Sales,2632/25-26,9000,
,Sales Account,,,,9000.00 Cr
22-06-2025,"Kailash Chand Deen Dayal - Kasera, Shreemodhopur",Receipt,334,,22410
,Punjab National Bank - New,,,22410.00 Dr,
23-06-2025,Wages Expenses A/C,Payment,358,4950,
,Cash,,,,4950.00 Cr
23-06-2025,Wages Expenses A/C,Payment,359,1400,
,Cash,,,,1400.00 Cr
23-06-2025,Wages Expenses A/C,Payment,360,1300,
,Cash,,,,1300.00 Cr
23-06-2025,Tour & Travel,Payment,361,2200,
,Cash,,,,2200.00 Cr
23-06-2025,Narendar Kumar Khejroli,Receipt,335,,9800
,Cash,,,9800.00 Dr,
23-06-2025,Shri RamDev Enterprises - Masoda,Receipt,336,,282301
,Punjab National Bank - New,,,282301.00 Dr,
23-06-2025,Shri Shyam Baat Bhandar (Bad Ke Bala Ji ),Receipt,337,,19250
,HDFC Bank,,,19250.00 Dr,
23-06-2025,Arihant  Kumar Rahul Kumar  Medta Seety - S,Receipt,338,,227424
,HDFC Bank,,,227424.00 Dr,
23-06-2025,Kharwash Trading Company (Muhana ),Receipt,339,,373575
,HDFC Bank,,,373575.00 Dr,
23-06-2025,Arihant  Kumar Rahul Kumar  Medta Seety - S,Receipt,340,,44330
,HDFC Bank,,,44330.00 Dr,
23-06-2025,Abhishek Treding Company  Fathenegar,Receipt,341,,238000
,HDFC Bank,,,238000.00 Dr,
23-06-2025,Haritwal Pashu Ahar Vatika,Receipt,342,,9000
,Cash,,,9000.00 Dr,
23-06-2025,Ishwar and Company Surajpool,Sales,2633/25-26,80000,
,Sales Account,,,,80000.00 Cr
23-06-2025,Abhishek Treding Company  Fathenegar,Sales,2634/25-26,238000,
,Sales Account,,,,238000.00 Cr
23-06-2025,Shri Shyam Baat Bhandar (Bad Ke Bala Ji ),Sales,2635/25-26,18148,
,Sales Account,,,,18148.00 Cr
23-06-2025,S Kumar & Company - Navalgarh,Sales,2636/25-26,278252,
,Sales Account,,,,278252.00 Cr
23-06-2025,Arihant  Kumar Rahul Kumar  Medta Seety - S,Sales,2637/25-26,44330,
,Sales Account,,,,44330.00 Cr
23-06-2025,Suraj Agro - Udaipur - Maize DDGS,Purchase,66,,527888
,Purchase Account,,,502750.00 Dr,
,CGST-Tax,,,12569.00 Dr,
,SGST-Tax,,,12569.00 Dr,
23-06-2025,Sk Trading Company Kurukshetra,Purchase,67,,301250
,Purchase Account,,,301250.00 Dr,
24-06-2025,Telephone Exp,Payment,362,1049,
,HDFC Bank,,,,1049.00 Cr
24-06-2025,BUSINESS PROMOTION EXPENSES,Payment,363,23849,
,HDFC Bank,,,,23849.00 Cr
24-06-2025,Wages Expenses A/C,Payment,364,4750,
,Cash,,,,4750.00 Cr
24-06-2025,Wages Expenses A/C,Payment,365,1400,
,Cash,,,,1400.00 Cr
24-06-2025,Office Expenses,Payment,366,1750,
,Cash,,,,1750.00 Cr
24-06-2025,Wages Expenses A/C,Payment,367,1300,
,Cash,,,,1300.00 Cr
24-06-2025,Blue Diamond Food Production,Receipt,343,,20000
,HDFC Bank,,,20000.00 Dr,
24-06-2025,Jain & Brothers - Muhana Mandi,Receipt,344,,62717
,HDFC Bank,,,62717.00 Dr,
24-06-2025,Narendar Kumar Khejroli,Receipt,345,,9800
,Cash,,,9800.00 Dr,
24-06-2025,Haritwal Pashu Ahar Vatika,Receipt,346,,9000
,Cash,,,9000.00 Dr,
24-06-2025,Anjani Trading Company  -(Beawar),Sales,2638/25-26,52608,
,Sales Account,,,,52608.00 Cr
24-06-2025,Dugya Cattle Feed - Muhana,Sales,2639/25-26,69600,
,Sales Account,,,,69600.00 Cr
25-06-2025,Suraj Agro - Udaipur - Maize DDGS,Payment,368,512555,
,HDFC Bank,,,,512555.00 Cr
25-06-2025,Brokrage,Payment,369,7480,
,HDFC Bank,,,,7480.00 Cr
25-06-2025,Wages Expenses A/C,Payment,370,4900,
,Cash,,,,4900.00 Cr
25-06-2025,Wages Expenses A/C,Payment,371,1400,
,Cash,,,,1400.00 Cr
25-06-2025,Wages Expenses A/C,Payment,372,1300,
,Cash,,,,1300.00 Cr
25-06-2025,Convence Expensece,Payment,373,2400,
,Cash,,,,2400.00 Cr
25-06-2025,Tour & Travel,Payment,374,500,
,Cash,,,,500.00 Cr
25-06-2025,Mahesh Trading Company Renwal,Receipt,347,,24950
,HDFC Bank,,,24950.00 Dr,
25-06-2025,Maruti Trading Company Kalwar,Receipt,348,,58450
,HDFC Bank,,,58450.00 Dr,
25-06-2025,Narendar Kumar Khejroli,Receipt,349,,9800
,Cash,,,9800.00 Dr,
25-06-2025,Haritwal Pashu Ahar Vatika,Receipt,350,,9000
,Cash,,,9000.00 Dr,
25-06-2025,Shri Namokaar Trading Company,Receipt,351,,5000
,Cash,,,5000.00 Dr,
25-06-2025,Discount Given,Journal,7,445,
,Mahesh Trading Company Renwal,,,,445.00 Cr
25-06-2025,Shri Balaji Agro Industries - Muhana,Sales,2640/25-26,18022,
,Sales Account,,,,18022.00 Cr
25-06-2025,Blue Diamond Food Production,Sales,2641/25-26,67150,
,Sales Account,,,,67150.00 Cr
25-06-2025,Sunny Industries Sitapura Jaipur,Purchase,68,,37041
,Purchase Account,,,37041.00 Dr,
26-06-2025,S M Sales Corporation  Jaipur,Payment,375,3746,
,HDFC Bank,,,,3746.00 Cr
26-06-2025,Sunny Industries Sitapura Jaipur,Payment,376,37041,
,HDFC Bank,,,,37041.00 Cr
26-06-2025,Wages Expenses A/C,Payment,377,1400,
,Cash,,,,1400.00 Cr
26-06-2025,Wages Expenses A/C,Payment,378,4850,
,Cash,,,,4850.00 Cr
26-06-2025,Wages Expenses A/C,Payment,379,1300,
,Cash,,,,1300.00 Cr
26-06-2025,Machinery Reparing,Payment,380,1750,
,Cash,,,,1750.00 Cr
26-06-2025,Dadu Dayal Pasu Aahar Sambhar,Receipt,352,,71500
,HDFC Bank,,,71500.00 Dr,
26-06-2025,Anukumar Mukesh Kumar Malpura,Receipt,353,,40000
,Punjab National Bank - New,,,40000.00 Dr,
26-06-2025,Shri Shyam Baat Bhandar (Bad Ke Bala Ji ),Receipt,354,,18148
,HDFC Bank,,,18148.00 Dr,
26-06-2025,Narendar Kumar Khejroli,Receipt,355,,9800
,Cash,,,9800.00 Dr,
26-06-2025,Haritwal Pashu Ahar Vatika,Receipt,356,,9000
,Cash,,,9000.00 Dr,
26-06-2025,Ishwar and Company Surajpool,Receipt,357,,96800
,Ishwar and Company Surajpool,,,,47040.00 Cr
,HDFC Bank,,,143840.00 Dr,
26-06-2025,Anukumar Mukesh Kumar Malpura,Receipt,358,,35600
,Punjab National Bank - New,,,35600.00 Dr,
26-06-2025,Discount Given,Journal,8,960,
,Ishwar and Company Surajpool,,,,960.00 Cr
26-06-2025,Shri Shyam Baat Bhandar (Bad Ke Bala Ji ),Sales,2642/25-26,22568,
,Sales Account,,,,22568.00 Cr
26-06-2025,KAMAL TRADING CO Dudu,Sales,2643/25-26,72953,
,Sales Account,,,,72953.00 Cr
,Loading Exp,,,,
26-06-2025,Padmawati Trading Co.,Purchase,69,,881033
,Purchase Account,,,881033.00 Dr,
27-06-2025,Printing & Stationary,Payment,381,1400,
,HDFC Bank,,,,1400.00 Cr
27-06-2025,Wages Expenses A/C,Payment,382,4950,
,Cash,,,,4950.00 Cr
27-06-2025,Wages Expenses A/C,Payment,383,1400,
,Cash,,,,1400.00 Cr
27-06-2025,Wages Expenses A/C,Payment,384,1300,
,Cash,,,,1300.00 Cr
27-06-2025,Tour & Travel,Payment,385,2050,
,Cash,,,,2050.00 Cr
27-06-2025,Ankit Trading Company Fulera,Receipt,359,,62938
,HDFC Bank,,,62938.00 Dr,
27-06-2025,G.K.N - Industries,Receipt,360,,42811
,HDFC Bank,,,42811.00 Dr,
27-06-2025,Nakoda Trading Company  Nimbaheda,Receipt,361,,27000
,HDFC Bank,,,27000.00 Dr,
27-06-2025,Narendar Kumar Khejroli,Receipt,362,,9800
,Cash,,,9800.00 Dr,
27-06-2025,Haritwal Pashu Ahar Vatika,Receipt,363,,9000
,Cash,,,9000.00 Dr,
27-06-2025,G.K.N - Industries,Sales,2644/25-26,43817,
,Sales Account,,,,43817.00 Cr
27-06-2025,Nakoda Trading Company  Nimbaheda,Sales,2645/25-26,27000,
,Sales Account,,,,27000.00 Cr
27-06-2025,Anukumar Mukesh Kumar Malpura,Sales,2646/2025-26,59780,
,Sales Account,,,,59780.00 Cr
27-06-2025,DILIP UDYOUG,Purchase,70,,54648
,Purchase Account,,,54648.00 Dr,
28-06-2025,Office Expenses,Payment,386,1850,
,Cash,,,,1850.00 Cr
28-06-2025,Wages Expenses A/C,Payment,387,1300,
,Cash,,,,1300.00 Cr
28-06-2025,Wages Expenses A/C,Payment,388,1400,
,Cash,,,,1400.00 Cr
28-06-2025,Wages Expenses A/C,Payment,389,4900,
,Cash,,,,4900.00 Cr
28-06-2025,Narendar Kumar Khejroli,Receipt,364,,9800
,Cash,,,9800.00 Dr,
28-06-2025,Haritwal Pashu Ahar Vatika,Receipt,365,,9870
,Cash,,,9870.00 Dr,
28-06-2025,Balaji Indastrises  Didwana,Receipt,366,,66169
,HDFC Bank,,,66169.00 Dr,
28-06-2025,Lavik Traders,Sales,2647/2025-26,58400,
,Sales Account,,,,58400.00 Cr
28-06-2025,S M Sales Corporation  Jaipur,Purchase,71,,27628
,Purchase Account,,,27628.00 Dr,
28-06-2025,Shri Balaji Enterprises - Uttar Pradesh,Purchase,72,,152194
,Purchase Account,,,152194.00 Dr,
29-06-2025,Goyal Treders Fhagi,Receipt,367,,77658
,HDFC Bank,,,77658.00 Dr,
30-06-2025,Car Loan - Hyrider,Payment,390,48357,
,Punjab National Bank - New,,,,48357.00 Cr
30-06-2025,BUSINESS PROMOTION EXPENSES,Payment,391,23850,
,HDFC Bank,,,,23850.00 Cr
30-06-2025,Shri Balaji Enterprises - Uttar Pradesh,Payment,392,152194,
,HDFC Bank,,,,152194.00 Cr
30-06-2025,Akash Trading Company Prayagraj,Payment,393,158402,
,HDFC Bank,,,,158402.00 Cr
30-06-2025,DILIP UDYOUG,Payment,394,54648,
,HDFC Bank,,,,54648.00 Cr
30-06-2025,Tour & Travel,Payment,395,1500,
,Cash,,,,1500.00 Cr
30-06-2025,Wages Expenses A/C,Payment,396,1300,
,Cash,,,,1300.00 Cr
30-06-2025,Wages Expenses A/C,Payment,397,1400,
,Cash,,,,1400.00 Cr
30-06-2025,Wages Expenses A/C,Payment,398,4950,
,Cash,,,,4950.00 Cr
30-06-2025,Narendar Kumar Khejroli,Receipt,368,,9170
,Cash,,,9170.00 Dr,
30-06-2025,Dinesh Baat Bhandar  (Dhabash),Receipt,369,,21750
,HDFC Bank,,,21750.00 Dr,
30-06-2025,Shri Shyam Treding Company Khejroli,Receipt,370,,9000
,Cash,,,9000.00 Dr,
30-06-2025,Discount Given,Journal,9,160,
,Goyal Treders Fhagi,,,,160.00 Cr
30-06-2025,Haritwal Pashu Ahar Vatika,Sales,2648/25-26,72870,
,Sales Account,,,,72870.00 Cr
30-06-2025,Jai Jagdamba Treding Company Nangal Bhirda,Sales,2649/25-26,75090,
,Sales Account,,,,75090.00 Cr
30-06-2025,Kharwash Trading Company (Muhana ),Sales,2650/2025-26,64894,
,Sales Account,,,,64894.00 Cr
30-06-2025,Jain & Brothers - Muhana Mandi,Sales,2651/25-26,62715,
,Sales Account,,,,62715.00 Cr
30-06-2025,Vetkind Animal Health India,Purchase,73,,24000
,Purchase Account,,,24000.00 Dr,
30-06-2025,Jurashik Minral,Purchase,74,,35675
,Purchase Account,,,35675.00 Dr,
01-07-2025,Brokrage,Payment,399,6926,
,Punjab National Bank - New,,,,6926.00 Cr
01-07-2025,Machinery Reparing,Payment,400,28320,
,Punjab National Bank - New,,,,28320.00 Cr
01-07-2025,S M Sales Corporation  Jaipur,Payment,401,27628,
,Punjab National Bank - New,,,,27628.00 Cr
01-07-2025,Wages Expenses A/C,Payment,402,1300,
,Cash,,,,1300.00 Cr
01-07-2025,Wages Expenses A/C,Payment,403,1400,
,Cash,,,,1400.00 Cr
01-07-2025,Wages Expenses A/C,Payment,404,4850,
,Cash,,,,4850.00 Cr
01-07-2025,Vetkind Animal Health India,Payment,405,46140,
,HDFC Bank,,,,46140.00 Cr
01-07-2025,Vetkind Animal Health India,Payment,406,24000,
,HDFC Bank,,,,24000.00 Cr
01-07-2025,Vetkind Animal Health India,Payment,407,60000,
,HDFC Bank,,,,60000.00 Cr
01-07-2025,Vetkind Animal Health India,Payment,408,48000,
,HDFC Bank,,,,48000.00 Cr
01-07-2025,Convence Expensece,Payment,409,3000,
,Cash,,,,3000.00 Cr
01-07-2025,Fright Exp,Payment,410,9000,
,Cash,,,,9000.00 Cr
01-07-2025,Choudhary Pashu Aahar  Parbatsar,Receipt,371,,40000
,HDFC Bank,,,40000.00 Dr,
01-07-2025,Shri Shyam Baat Bhandar (Bad Ke Bala Ji ),Receipt,372,,22568
,HDFC Bank,,,22568.00 Dr,
01-07-2025,Shri Shyam Treding Company Khejroli,Receipt,373,,6000
,Cash,,,6000.00 Dr,
01-07-2025,Godha Enterprises (Hingoniya),Receipt,374,,9500
,Cash,,,9500.00 Dr,
01-07-2025,(cancelled),Receipt,375,,
01-07-2025,Dinesh Baat Bhandar  (Dhabash),Sales,2652/25-26,38988,
,Sales Account,,,,38988.00 Cr
01-07-2025,Shri Shyam Baat Bhandar (Bad Ke Bala Ji ),Sales,2653/25-26,17903,
,Sales Account,,,,17903.00 Cr
01-07-2025,Pashupati Trading Company,Sales,2654/25-26,41137,
,Sales Account,,,,41137.00 Cr
01-07-2025,Kharwash Trading Company (Muhana ),Sales,2655/25-26,57810,
,Sales Account,,,,57810.00 Cr
01-07-2025,J.S. Packers - Jaipur,Purchase,75,,42285
,Purchase Account,,,35835.00 Dr,
,CGST-Tax,,,3225.00 Dr,
,SGST-Tax,,,3225.00 Dr,
02-07-2025,Tour & Travel,Payment,411,2260,
,Cash,,,,2260.00 Cr
02-07-2025,Wages Expenses A/C,Payment,412,4950,
,Cash,,,,4950.00 Cr
02-07-2025,Wages Expenses A/C,Payment,413,1400,
,Cash,,,,1400.00 Cr
02-07-2025,Wages Expenses A/C,Payment,414,1300,
,Cash,,,,1300.00 Cr
02-07-2025,Salary Exp,Payment,415,8200,
,HDFC Bank,,,,8200.00 Cr
02-07-2025,Fright Exp,Payment,416,7940,
,Cash,,,,7940.00 Cr
02-07-2025,Anjani Trading Company  -(Beawar),Receipt,376,,52608
,HDFC Bank,,,52608.00 Dr,
02-07-2025,Haritwal Pashu Ahar Vatika,Receipt,377,,9000
,Cash,,,9000.00 Dr,
02-07-2025,Godha Enterprises (Hingoniya),Receipt,378,,9500
,Cash,,,9500.00 Dr,
02-07-2025,SHRI BALAJI ENTERPRISES-TIGARIYA,Sales,2656/25-26,63030,
,Sales Account,,,,63030.00 Cr
02-07-2025,R S Solvent Extractions Ltd Kaithal,Purchase,76,,260456
,Purchase Account,,,260456.00 Dr,
03-07-2025,Wages Expenses A/C,Payment,417,4900,
,Cash,,,,4900.00 Cr
03-07-2025,Wages Expenses A/C,Payment,418,1400,
,Cash,,,,1400.00 Cr
03-07-2025,Wages Expenses A/C,Payment,419,1300,
,Cash,,,,1300.00 Cr
03-07-2025,Machinery Reparing,Payment,420,1950,
,Cash,,,,1950.00 Cr
03-07-2025,EMAMI AGROTECH LIMITED MOJMAMABAD,Payment,421,547575,
,HDFC Bank,,,,547575.00 Cr
03-07-2025,Convence Expensece,Payment,422,2400,
,Cash,,,,2400.00 Cr
03-07-2025,Shri Shyam Enterprises - Kalu Ka Baas,Receipt,379,,22219
,HDFC Bank,,,22219.00 Dr,
03-07-2025,Shri Shyam Enterprises - Kalu Ka Baas,Receipt,380,,50000
,HDFC Bank,,,50000.00 Dr,
03-07-2025,Shri Shyam Enterprises - Kalu Ka Baas,Receipt,381,,40000
,HDFC Bank,,,40000.00 Dr,
03-07-2025,Pashupati Trading Company,Receipt,382,,37313
,Punjab National Bank - New,,,37313.00 Dr,
03-07-2025,Shri Shyam Baat Bhandar (Bad Ke Bala Ji ),Receipt,383,,17903
,HDFC Bank,,,17903.00 Dr,
03-07-2025,Mehta Baat Bhandhar - GovindPura,Receipt,384,,56160
,HDFC Bank,,,56160.00 Dr,
03-07-2025,Haritwal Pashu Ahar Vatika,Receipt,385,,6000
,Cash,,,6000.00 Dr,
03-07-2025,G.K.N - Industries,Receipt,386,,42811
,HDFC Bank,,,42811.00 Dr,
03-07-2025,Murlidhar Ji Yadav- Khejroli,Receipt,387,,9000
,Cash,,,9000.00 Dr,
03-07-2025,Shri Shyam Treding Company Khejroli,Receipt,388,,9500
,Cash,,,9500.00 Dr,
03-07-2025,Godha Enterprises (Hingoniya),Receipt,389,,9500
,Cash,,,9500.00 Dr,
03-07-2025,Shri Shyam Baat Bhandar (Bad Ke Bala Ji ),Sales,2657/25-26,17535,
,Sales Account,,,,17535.00 Cr
03-07-2025,G.K.N - Industries,Sales,2658/25-26,42811,
,Sales Account,,,,42811.00 Cr
03-07-2025,Ishwar and Company Surajpool,Sales,2659/25-26,27440,
,Sales Account,,,,27440.00 Cr
03-07-2025,Ganesh Pashuahar Chaksu,Sales,2660/25-26,105853,
,Sales Account,,,,105853.00 Cr
04-07-2025,Wages Expenses A/C,Payment,423,4800,
,Cash,,,,4800.00 Cr
04-07-2025,Wages Expenses A/C,Payment,424,1400,
,Cash,,,,1400.00 Cr
04-07-2025,Wages Expenses A/C,Payment,425,1300,
,Cash,,,,1300.00 Cr
04-07-2025,Office Expenses,Payment,426,2160,
,Cash,,,,2160.00 Cr
04-07-2025,Padmawati Trading Co.,Payment,427,877721,
,HDFC Bank,,,,877721.00 Cr
04-07-2025,Jai Shanker Rice and  Gen Mill,Payment,428,7291,
,HDFC Bank,,,,7291.00 Cr
04-07-2025,Office Expenses,Payment,429,41500,
,HDFC Bank,,,,41500.00 Cr
04-07-2025,Shri Chand Pasu Aahar Malpura,Receipt,390,,96520
,HDFC Bank,,,96520.00 Dr,
04-07-2025,KAMAL TRADING CO Dudu,Receipt,391,,60000
,HDFC Bank,,,60000.00 Dr,
04-07-2025,Murlidhar Ji Yadav- Khejroli,Receipt,392,,9000
,Cash,,,9000.00 Dr,
04-07-2025,Shri Shyam Treding Company Khejroli,Receipt,393,,9500
,Cash,,,9500.00 Dr,
04-07-2025,Godha Enterprises (Hingoniya),Receipt,394,,9500
,Cash,,,9500.00 Dr,
04-07-2025,Shri Balaji Agro Industries - Muhana,Receipt,395,,17623
,HDFC Bank,,,17623.00 Dr,
04-07-2025,Prakash Enterprises - Phulera,Sales,2661/25-26,78595,
,Sales Account,,,,78595.00 Cr
04-07-2025,M S Industries,Sales,2663/2025-2026,549847,
,Sales Account,,,,549847.00 Cr
05-07-2025,Wages Expenses A/C,Payment,430,1300,
,Cash,,,,1300.00 Cr
05-07-2025,Wages Expenses A/C,Payment,431,1400,
,Cash,,,,1400.00 Cr
05-07-2025,Wages Expenses A/C,Payment,432,4950,
,Cash,,,,4950.00 Cr
05-07-2025,Convence Expensece,Payment,433,2100,
,Cash,,,,2100.00 Cr
05-07-2025,Balaji Trading  Company  - Lalshot,Receipt,396,,57332
,HDFC Bank,,,57332.00 Dr,
05-07-2025,Babulal Ji Yadav - Mahaswas,Receipt,397,,80000
,HDFC Bank,,,80000.00 Dr,
05-07-2025,Murlidhar Ji Yadav- Khejroli,Receipt,398,,2000
,Cash,,,2000.00 Dr,
05-07-2025,Shri Shyam Treding Company Khejroli,Receipt,399,,9500
,Cash,,,9500.00 Dr,
05-07-2025,Godha Enterprises (Hingoniya),Receipt,400,,9500
,Cash,,,9500.00 Dr,
05-07-2025,Balaji Trading  Company  - Lalshot,Sales,2664/25-26,57332,
,Sales Account,,,,57332.00 Cr
05-07-2025,EMAMI AGROTECH LIMITED MOJMAMABAD,Purchase,77,,546480
,Purchase Account,,,520457.00 Dr,
,CGST-Tax,,,13011.50 Dr,
,SGST-Tax,,,13011.50 Dr,
06-07-2025,G.K.N - Industries,Receipt,401,,46448
,HDFC Bank,,,46448.00 Dr,
06-07-2025,SHRI BALAJI ENTERPRISES-TIGARIYA,Receipt,402,,64290
,HDFC Bank,,,64290.00 Dr,
07-07-2025,Tour & Travel,Payment,434,1930,
,Cash,,,,1930.00 Cr
07-07-2025,Wages Expenses A/C,Payment,435,1400,
,Cash,,,,1400.00 Cr
07-07-2025,Wages Expenses A/C,Payment,436,1300,
,Cash,,,,1300.00 Cr
07-07-2025,Wages Expenses A/C,Payment,437,4900,
,Cash,,,,4900.00 Cr
07-07-2025,Padmawati Trading Co.,Payment,438,3312,
,HDFC Bank,,,,3312.00 Cr
07-07-2025,R S Solvent Extractions Ltd Kaithal,Payment,439,260456,
,HDFC Bank,,,,260456.00 Cr
07-07-2025,Sk Trading Company Kurukshetra,Payment,440,301250,
,HDFC Bank,,,,301250.00 Cr
07-07-2025,Tha Panipat Co Operative Sugar Mills Ltd,Payment,441,460000,
,HDFC Bank,,,,460000.00 Cr
07-07-2025,Shri Hari Shanker Khandelwal,Payment,442,9000,
,Cash,,,,9000.00 Cr
07-07-2025,Nilesh Kumar Khandelwal,Payment,443,9500,
,Vijay Kumar Khandelwal,,,9500.00 Dr,
,Priyanka Devi Khandelwal,,,9500.00 Dr,
,Vishnu Gupta,,,9500.00 Dr,
,Nitesh,,,9500.00 Dr,
,Pradeep Kumar Gupta,,,9500.00 Dr,
,Raju Lal Ji,,,9500.00 Dr,
,Raju Mistri,,,9500.00 Dr,
,Cash,,,,76000.00 Cr
07-07-2025,Shri Shyam Treding Company Khejroli,Receipt,403,,9500
,Cash,,,9500.00 Dr,
07-07-2025,Godha Enterprises (Hingoniya),Receipt,404,,9500
,Cash,,,9500.00 Dr,
07-07-2025,Kharwash Trading Company (Muhana ),Sales,2665/25-26,57810,
,Sales Account,,,,57810.00 Cr
08-07-2025,Wages Expenses A/C,Payment,444,1300,
,Cash,,,,1300.00 Cr
08-07-2025,Wages Expenses A/C,Payment,445,1400,
,Cash,,,,1400.00 Cr
08-07-2025,Wages Expenses A/C,Payment,446,4950,
,Cash,,,,4950.00 Cr
08-07-2025,Tha Panipat Co Operative Sugar Mills Ltd,Payment,447,13047,
,HDFC Bank,,,,13047.00 Cr
08-07-2025,Nilesh Kumar Khandelwal,Payment,448,9500,
,Vijay Kumar Khandelwal,,,9500.00 Dr,
,Priyanka Devi Khandelwal,,,9500.00 Dr,
,Pradeep Kumar Gupta,,,8000.00 Dr,
,Raju Lal Gupta,,,4500.00 Dr,
,Vishnu Gupta,,,9500.00 Dr,
,Nitesh,,,9500.00 Dr,
,Raju Mistri,,,4000.00 Dr,
,Cash,,,,64000.00 Cr
08-07-2025,Shri Shyam Treding Company Khejroli,Receipt,405,,9500
,Cash,,,9500.00 Dr,
08-07-2025,Shri Shyam Baat Bhandar (Bad Ke Bala Ji ),Receipt,406,,17535
,HDFC Bank,,,17535.00 Dr,
08-07-2025,Godha Enterprises (Hingoniya),Receipt,407,,9500
,Cash,,,9500.00 Dr,
08-07-2025,Shri Shyam Baat Bhandar (Bad Ke Bala Ji ),Sales,2666/25-26,17730,
,Sales Account,,,,17730.00 Cr
08-07-2025,G.K.N - Industries,Sales,2667/25-26,46449,
,Sales Account,,,,46449.00 Cr
08-07-2025,Babulal Ji Yadav - Mahaswas,Sales,2668/25-26,76500,
,Sales Account,,,,76500.00 Cr
08-07-2025,Godha Enterprises (Hingoniya),Sales,2669/25-26,87725,
,Sales Account,,,,87725.00 Cr
08-07-2025,Kharwash Trading Company (Muhana ),Sales,2670/25-26,66760,
,Sales Account,,,,66760.00 Cr
08-07-2025,Arihant  Kumar Rahul Kumar  Medta Seety - S,Sales,2671/25-26,34000,
,Sales Account,,,,34000.00 Cr
08-07-2025,Arihant  Kumar Rahul Kumar  Medta Seety - S,Sales,2672/25-26,58608,
,Sales Account,,,,58608.00 Cr
08-07-2025,Arihant  Kumar Rahul Kumar  Medta Seety - S,Sales,2673/25-26,181559,
,Sales Account,,,,181559.00 Cr
08-07-2025,Shree Balaji Foods Bassi Jaipur,Purchase,78,,45432
,Purchase Account,,,45432.00 Dr,
08-07-2025,Mangal Treding Company Kukerkheda Mhandi,Purchase,79,,9510
,Purchase Account,,,9510.00 Dr,
09-07-2025,Wages Expenses A/C,Payment,449,1400,
,Cash,,,,1400.00 Cr
09-07-2025,Wages Expenses A/C,Payment,450,4800,
,Cash,,,,4800.00 Cr
09-07-2025,Machinery Reparing,Payment,451,14952,
,Punjab National Bank - New,,,,14952.00 Cr
09-07-2025,Convence Expensece,Payment,452,2000,
,Cash,,,,2000.00 Cr
09-07-2025,Tour & Travel,Payment,453,1200,
,Cash,,,,1200.00 Cr
09-07-2025,Shri Shyam Treding Company Khejroli,Receipt,408,,9500
,Cash,,,9500.00 Dr,
09-07-2025,Prakash Enterprises - Phulera,Receipt,409,,84800
,Punjab National Bank - New,,,84800.00 Dr,
09-07-2025,Godha Enterprises (Hingoniya),Receipt,410,,9500
,Cash,,,9500.00 Dr,
09-07-2025,M S Industries,Receipt,411,,549847
,Punjab National Bank - New,,,549847.00 Dr,
09-07-2025,Uttam Agencies Sambriya,Receipt,412,,51018
,Punjab National Bank - New,,,51018.00 Dr,
09-07-2025,Lavik Traders,Sales,2674/25-26,44510,
,Sales Account,,,,44510.00 Cr
09-07-2025,Ishwar and Company Surajpool,Sales,2675/25-26,86240,
,Sales Account,,,,86240.00 Cr
09-07-2025,Shri Chand Pasu Aahar Malpura,Sales,2676/25-26,87470,
,Sales Account,,,,87470.00 Cr
09-07-2025,Anjani Trading Company  -(Beawar),Sales,2677/25-26,52162,
,Sales Account,,,,52162.00 Cr
10-07-2025,Wages Expenses A/C,Payment,454,1300,
,Cash,,,,1300.00 Cr
10-07-2025,Wages Expenses A/C,Payment,455,1400,
,Cash,,,,1400.00 Cr
10-07-2025,Wages Expenses A/C,Payment,456,4950,
,Cash,,,,4950.00 Cr
10-07-2025,Machinery Reparing,Payment,457,1850,
,Cash,,,,1850.00 Cr
10-07-2025,Ajay Kumar,Payment,458,15000,
,HDFC Bank,,,,15000.00 Cr
10-07-2025,Shri Shyam Treding Company Khejroli,Receipt,413,,9500
,Cash,,,9500.00 Dr,
10-07-2025,Godha Enterprises (Hingoniya),Receipt,414,,9500
,Cash,,,9500.00 Dr,
10-07-2025,Dugya Cattle Feed - Muhana,Receipt,415,,77450
,HDFC Bank,,,77450.00 Dr,
10-07-2025,Tha Panipat Co Operative Sugar Mills Ltd,Purchase,80,,473047
,Purchase Account,,,450521.00 Dr,
,IGST-Tax,,,22526.00 Dr,
11-07-2025,Wages Expenses A/C,Payment,459,1300,
,Cash,,,,1300.00 Cr
11-07-2025,Wages Expenses A/C,Payment,460,1400,
,Cash,,,,1400.00 Cr
11-07-2025,Wages Expenses A/C,Payment,461,4900,
,Cash,,,,4900.00 Cr
11-07-2025,Office Expenses,Payment,462,1940,
,Cash,,,,1940.00 Cr
11-07-2025,Machinery Reparing,Payment,463,9000,
,Cash,,,,9000.00 Cr
11-07-2025,Shri Shyam Treding Company Khejroli,Receipt,416,,9500
,Cash,,,9500.00 Dr,
11-07-2025,Godha Enterprises (Hingoniya),Receipt,417,,9500
,Cash,,,9500.00 Dr,
11-07-2025,Choudhary Pashu Aahar  Parbatsar,Receipt,418,,25075
,HDFC Bank,,,25075.00 Dr,
11-07-2025,Ishwar and Company Surajpool,Receipt,419,,80000
,HDFC Bank,,,80000.00 Dr,
11-07-2025,Ganesh Pashuahar Chaksu,Receipt,420,,400000
,HDFC Bank,,,400000.00 Dr,
11-07-2025,Shri Shyam Baat Bhandar (Bad Ke Bala Ji ),Receipt,421,,17730
,HDFC Bank,,,17730.00 Dr,
11-07-2025,Love General Stor    Tunga,Receipt,422,,35000
,HDFC Bank,,,35000.00 Dr,
11-07-2025,Shri Shyam Baat Bhandar (Bad Ke Bala Ji ),Sales,2678/25-26,17903,
,Sales Account,,,,17903.00 Cr
11-07-2025,Choudhary Pashu Aahar  Parbatsar,Sales,2679/25-26,83345,
,Sales Account,,,,83345.00 Cr
11-07-2025,R S Oil Mils,Purchase,81,,23627
,Purchase Account,,,23627.00 Dr,
11-07-2025,R S Oil Mils,Purchase,82,,25274
,Purchase Account,,,25274.00 Dr,
12-07-2025,Tour & Travel,Payment,464,2240,
,Cash,,,,2240.00 Cr
12-07-2025,Wages Expenses A/C,Payment,465,1300,
,Cash,,,,1300.00 Cr
12-07-2025,Wages Expenses A/C,Payment,466,1400,
,Cash,,,,1400.00 Cr
12-07-2025,Wages Expenses A/C,Payment,467,4850,
,Cash,,,,4850.00 Cr
12-07-2025,Machinery Reparing,Payment,468,4801,
,Cash,,,,4801.00 Cr
12-07-2025,Shri Shyam Treding Company Khejroli,Receipt,423,,4900
,Cash,,,4900.00 Dr,
12-07-2025,Godha Enterprises (Hingoniya),Receipt,424,,5000
,Cash,,,5000.00 Dr,
12-07-2025,Jai Jagdamba Treding Company Nangal Bhirda,Receipt,425,,9500
,Cash,,,9500.00 Dr,
12-07-2025,Shyam Baat Bhandar - Kanwarpura,Receipt,426,,9500
,Cash,,,9500.00 Dr,
12-07-2025,Abhishek Treding Company  Fathenegar,Sales,2680/25-26,238000,
,Sales Account,,,,238000.00 Cr
12-07-2025,Singal Dall Mill  Jaipur,Purchase,83,,46050
,Purchase Account,,,46050.00 Dr,
13-07-2025,Ms Manoj Kumar Navratan Up,Purchase,84,,793633
,Purchase Account,,,793633.00 Dr,
14-07-2025,Wages Expenses A/C,Payment,469,4900,
,Cash,,,,4900.00 Cr
14-07-2025,Wages Expenses A/C,Payment,470,1400,
,Cash,,,,1400.00 Cr
14-07-2025,Wages Expenses A/C,Payment,471,1300,
,Cash,,,,1300.00 Cr
14-07-2025,Shree Balaji Foods Bassi Jaipur,Payment,472,45432,
,HDFC Bank,,,,45432.00 Cr
14-07-2025,Machinery Reparing,Payment,473,14160,
,Punjab National Bank - New,,,,14160.00 Cr
14-07-2025,Convence Expensece,Payment,474,2200,
,Cash,,,,2200.00 Cr
14-07-2025,Tarachand Ji -Yadav Khejroli,Receipt,427,,44900
,HDFC Bank,,,44900.00 Dr,
14-07-2025,Abhishek Treding Company  Fathenegar,Receipt,428,,238000
,HDFC Bank,,,238000.00 Dr,
14-07-2025,Shyam Baat Bhandar - Kanwarpura,Receipt,429,,9500
,Cash,,,9500.00 Dr,
14-07-2025,Jai Jagdamba Treding Company Nangal Bhirda,Receipt,430,,9500
,Cash,,,9500.00 Dr,
14-07-2025,Vinayak Brothers - Renwal,Sales,2681/25-26,94180,
,Sales Account,,,,94180.00 Cr
14-07-2025,Maa Vindyavaisni Pashu Ahar Kendra,Purchase,85,,226567
,Purchase Account,,,226567.00 Dr,
14-07-2025,Shri Balaji Enterprises - Uttar Pradesh,Purchase,86,,170337
,Purchase Account,,,170337.00 Dr,
15-07-2025,Wages Expenses A/C,Payment,475,1400,
,Cash,,,,1400.00 Cr
15-07-2025,Wages Expenses A/C,Payment,476,4950,
,Cash,,,,4950.00 Cr
15-07-2025,Wages Expenses A/C,Payment,477,1300,
,Cash,,,,1300.00 Cr
15-07-2025,Machinery Reparing,Payment,478,2150,
,Cash,,,,2150.00 Cr
15-07-2025,Electricity and Water Expenses,Payment,479,66276,
,HDFC Bank,,,,66276.00 Cr
15-07-2025,BUSINESS PROMOTION EXPENSES,Payment,480,39848,
,HDFC Bank,,,,39848.00 Cr
15-07-2025,R S Oil Mils,Payment,481,48901,
,Punjab National Bank - New,,,,48901.00 Cr
15-07-2025,Jurashik Minral,Payment,482,35675,
,Punjab National Bank - New,,,,35675.00 Cr
15-07-2025,Singal Dall Mill  Jaipur,Payment,483,46050,
,Punjab National Bank - New,,,,46050.00 Cr
15-07-2025,G.K.N - Industries,Receipt,431,,42811
,HDFC Bank,,,42811.00 Dr,
15-07-2025,PRABHA MAHILA KISSAN PRODUSER KHANDER,Receipt,432,,35000
,HDFC Bank,,,35000.00 Dr,
15-07-2025,Shyam Baat Bhandar - Kanwarpura,Receipt,433,,9500
,Cash,,,9500.00 Dr,
15-07-2025,Jai Jagdamba Treding Company Nangal Bhirda,Receipt,434,,9500
,Cash,,,9500.00 Dr,
15-07-2025,Vetkind Animal Health India,Purchase,87,,24000
,Purchase Account,,,24000.00 Dr,
15-07-2025,Vetkind Animal Health India,Purchase,88,,155000
,Purchase Account,,,155000.00 Dr,
15-07-2025,Vetkind Animal Health India,Purchase,89,,25000
,Purchase Account,,,25000.00 Dr,
16-07-2025,Wages Expenses A/C,Payment,484,4800,
,Cash,,,,4800.00 Cr
16-07-2025,Wages Expenses A/C,Payment,485,1400,
,Cash,,,,1400.00 Cr
16-07-2025,Wages Expenses A/C,Payment,486,1300,
,Cash,,,,1300.00 Cr
16-07-2025,Vetkind Animal Health India,Payment,487,47490,
,HDFC Bank,,,,47490.00 Cr
16-07-2025,Convence Expensece,Payment,488,1500,
,Cash,,,,1500.00 Cr
16-07-2025,Shri Shyam Baat Bhandar (Bad Ke Bala Ji ),Receipt,435,,17903
,HDFC Bank,,,17903.00 Dr,
16-07-2025,Hariyana Baat  Bhandar Dolaitpura,Receipt,436,,10000
,HDFC Bank,,,10000.00 Dr,
16-07-2025,Shyam Baat Bhandar - Kanwarpura,Receipt,437,,9500
,Cash,,,9500.00 Dr,
16-07-2025,Jai Jagdamba Treding Company Nangal Bhirda,Receipt,438,,9500
,Cash,,,9500.00 Dr,
16-07-2025,Patel Enterprises  Rojda,Sales,2682/25-26,61900,
,Sales Account,,,,61900.00 Cr
16-07-2025,"Kailash Chand Deen Dayal - Kasera, Shreemodhopur",Sales,2683/25-26,53860,
,Sales Account,,,,53860.00 Cr
16-07-2025,Shri Shyam Baat Bhandar (Bad Ke Bala Ji ),Sales,2684/25-26,22838,
,Sales Account,,,,22838.00 Cr
16-07-2025,Kharwash Trading Company (Muhana ),Sales,2685/25-26,57810,
,Sales Account,,,,57810.00 Cr
16-07-2025,Jain & Brothers - Muhana Mandi,Sales,2686/25-26,62715,
,Sales Account,,,,62715.00 Cr
17-07-2025,Wages Expenses A/C,Payment,489,4950,
,Cash,,,,4950.00 Cr
17-07-2025,Wages Expenses A/C,Payment,490,620,
,Cash,,,,620.00 Cr
17-07-2025,Wages Expenses A/C,Payment,491,1100,
,Cash,,,,1100.00 Cr
17-07-2025,Tour & Travel,Payment,492,2540,
,Cash,,,,2540.00 Cr
17-07-2025,Ms Manoj Kumar Navratan Up,Payment,493,790657,
,HDFC Bank,,,,790657.00 Cr
17-07-2025,Maa Vindyavaisni Pashu Ahar Kendra,Payment,494,226567,
,Punjab National Bank - New,,,,226567.00 Cr
17-07-2025,Shri Balaji Enterprises - Uttar Pradesh,Payment,495,170337,
,Punjab National Bank - New,,,,170337.00 Cr
17-07-2025,Arihant  Kumar Rahul Kumar  Medta Seety - S,Receipt,439,,274167
,HDFC Bank,,,274167.00 Dr,
17-07-2025,Anjani Trading Company  -(Beawar),Receipt,440,,52162
,HDFC Bank,,,52162.00 Dr,
17-07-2025,Lavik Traders,Receipt,441,,58725
,HDFC Bank,,,58725.00 Dr,
17-07-2025,Patel Enterprises  Rojda,Receipt,442,,123800
,HDFC Bank,,,123800.00 Dr,
17-07-2025,Kedar Kirana Stor Benadamod,Receipt,443,,50000
,HDFC Bank,,,50000.00 Dr,
17-07-2025,Shyam Baat Bhandar - Kanwarpura,Receipt,444,,9500
,Cash,,,9500.00 Dr,
17-07-2025,Jai Jagdamba Treding Company Nangal Bhirda,Receipt,445,,9500
,Cash,,,9500.00 Dr,
18-07-2025,Wages Expenses A/C,Payment,496,1300,
,Cash,,,,1300.00 Cr
18-07-2025,Wages Expenses A/C,Payment,497,1400,
,Cash,,,,1400.00 Cr
18-07-2025,Wages Expenses A/C,Payment,498,4850,
,Cash,,,,4850.00 Cr
18-07-2025,Office Expenses,Payment,499,2260,
,Cash,,,,2260.00 Cr
18-07-2025,Telephone Exp,Payment,500,1070,
,HDFC Bank,,,,1070.00 Cr
18-07-2025,Jaipur Packers - Rajasthan,Payment,501,147498,
,Punjab National Bank - New,,,,147498.00 Cr
18-07-2025,Jaipur Packers - Rajasthan,Payment,502,22166,
,Punjab National Bank - New,,,,22166.00 Cr
18-07-2025,"Kailash Chand Deen Dayal - Kasera, Shreemodhopur",Receipt,446,,53860
,Punjab National Bank - New,,,53860.00 Dr,
18-07-2025,Shyam Baat Bhandar - Kanwarpura,Receipt,447,,6145
,Cash,,,6145.00 Dr,
18-07-2025,Jai Jagdamba Treding Company Nangal Bhirda,Receipt,448,,9500
,Cash,,,9500.00 Dr,
18-07-2025,G.K.N - Industries,Sales,2687/25-26,42811,
,Sales Account,,,,42811.00 Cr
18-07-2025,Shyam Baat Bhandar - Kanwarpura,Sales,2688/25-26,63800,
,Sales Account,,,,63800.00 Cr
19-07-2025,Wages Expenses A/C,Payment,503,1300,
,Cash,,,,1300.00 Cr
19-07-2025,Wages Expenses A/C,Payment,504,1400,
,Cash,,,,1400.00 Cr
19-07-2025,Wages Expenses A/C,Payment,505,4900,
,Cash,,,,4900.00 Cr
19-07-2025,Printing & Stationary,Payment,506,2115,
,Cash,,,,2115.00 Cr
19-07-2025,Dugya Cattle Feed - Muhana,Receipt,449,,75000
,HDFC Bank,,,75000.00 Dr,
19-07-2025,Shri Shyam Baat Bhandar (Bad Ke Bala Ji ),Receipt,450,,22838
,HDFC Bank,,,22838.00 Dr,
19-07-2025,Jai Jagdamba Treding Company Nangal Bhirda,Receipt,451,,9500
,Cash,,,9500.00 Dr,
19-07-2025,Shri Shyam Baat Bhandar (Bad Ke Bala Ji ),Sales,2689/25-26,17535,
,Sales Account,,,,17535.00 Cr
19-07-2025,SHRI BALAJI ENTERPRISES-TIGARIYA,Sales,2690/25-26,68745,
,Sales Account,,,,68745.00 Cr
19-07-2025,G.K.N - Industries,Sales,2691/25-26,37167,
,Sales Account,,,,37167.00 Cr
19-07-2025,Shri Balaji Enterprises - Uttar Pradesh,Purchase,90,,166870
,Purchase Account,,,166870.00 Dr,
19-07-2025,DILIP UDYOUG,Purchase,91,,40986
,Purchase Account,,,40986.00 Dr,
20-07-2025,Goyal Treders Fhagi,Sales,2692/25-26,77418,
,Sales Account,,,,77418.00 Cr
21-07-2025,Ms Manoj Kumar Navratan Up,Payment,507,2976,
,HDFC Bank,,,,2976.00 Cr
21-07-2025,Wages Expenses A/C,Payment,508,7500,
,Cash,,,,7500.00 Cr
21-07-2025,Tour & Travel,Payment,509,2350,
,Cash,,,,2350.00 Cr
21-07-2025,Jai Jagdamba Treding Company Nangal Bhirda,Receipt,452,,8990
,Cash,,,8990.00 Dr,
21-07-2025,Balaji Trading  Company  - Lalshot,Sales,2693/25-26,71818,
,Sales Account,,,,71818.00 Cr
21-07-2025,Lavik Traders,Sales,2694/25-26,36344,
,Sales Account,,,,36344.00 Cr
21-07-2025,Shri Balaji Agro Industries - Muhana,Sales,2695/25-26,21650,
,Sales Account,,,,21650.00 Cr
22-07-2025,Shri Balaji Enterprises - Uttar Pradesh,Payment,510,166870,
,Punjab National Bank - New,,,,166870.00 Cr
22-07-2025,DILIP UDYOUG,Payment,511,40986,
,Punjab National Bank - New,,,,40986.00 Cr
22-07-2025,Wages Expenses A/C,Payment,512,7650,
,Cash,,,,7650.00 Cr
22-07-2025,Convence Expensece,Payment,513,3000,
,Cash,,,,3000.00 Cr
22-07-2025,Office Expenses,Payment,514,150,
,Cash,,,,150.00 Cr
22-07-2025,Balaji Trading  Company  - Lalshot,Receipt,453,,71818
,HDFC Bank,,,71818.00 Dr,
22-07-2025,Anjani Trading Company  -(Beawar),Sales,2696/25-26,58450,
,Sales Account,,,,58450.00 Cr
23-07-2025,Wages Expenses A/C,Payment,515,7600,
,Cash,,,,7600.00 Cr
23-07-2025,Tour & Travel,Payment,516,2210,
,Cash,,,,2210.00 Cr
23-07-2025,Rakesh Kirana Store - Khejroli,Receipt,454,,70890
,HDFC Bank,,,70890.00 Dr,
23-07-2025,Choudhary Pashu Aahar  Parbatsar,Receipt,455,,20000
,HDFC Bank,,,20000.00 Dr,
23-07-2025,Anukumar Mukesh Kumar Malpura,Receipt,456,,40000
,Punjab National Bank - New,,,40000.00 Dr,
23-07-2025,Lavik Traders,Sales,2697/25-26,41423,
,Sales Account,,,,41423.00 Cr
23-07-2025,Kharwash Trading Company (Muhana ),Sales,2698/25-26,57810,
,Sales Account,,,,57810.00 Cr
23-07-2025,Murlidhar Ji Yadav- Khejroli,Sales,2699/25-26,12700,
,Sales Account,,,,12700.00 Cr
23-07-2025,Tarachand Ji -Yadav Khejroli,Sales,2700/25-26,44900,
,Sales Account,,,,44900.00 Cr
23-07-2025,Ishwar and Company Surajpool,Sales,2701/25-26,77175,
,Sales Account,,,,77175.00 Cr
24-07-2025,Machinery Reparing,Payment,517,18338,
,HDFC Bank,,,,18338.00 Cr
24-07-2025,Wages Expenses A/C,Payment,518,7600,
,Cash,,,,7600.00 Cr
24-07-2025,Tour & Travel,Payment,519,1500,
,Cash,,,,1500.00 Cr
24-07-2025,Office Expenses,Payment,520,1450,
,Cash,,,,1450.00 Cr
24-07-2025,S Kumar & Company - Navalgarh,Receipt,457,,70000
,HDFC Bank,,,70000.00 Dr,
24-07-2025,Haritwal Pashu Ahar Vatika,Receipt,458,,9900
,Cash,,,9900.00 Dr,
25-07-2025,Wages Expenses A/C,Payment,521,7500,
,Cash,,,,7500.00 Cr
25-07-2025,Machinery Reparing,Payment,522,1650,
,Cash,,,,1650.00 Cr
25-07-2025,Shri Chand Pasu Aahar Malpura,Receipt,459,,193628
,HDFC Bank,,,193628.00 Dr,
25-07-2025,Haritwal Pashu Ahar Vatika,Receipt,460,,9900
,Cash,,,9900.00 Dr,
26-07-2025,Electricity and Water Expenses,Payment,523,2393,
,HDFC Bank,,,,2393.00 Cr
26-07-2025,Wages Expenses A/C,Payment,524,7550,
,Cash,,,,7550.00 Cr
26-07-2025,Office Expenses,Payment,525,1960,
,Cash,,,,1960.00 Cr
26-07-2025,Shri Shyam Baat Bhandar (Bad Ke Bala Ji ),Receipt,461,,17535
,HDFC Bank,,,17535.00 Dr,
26-07-2025,Vinayak Genral Stor Ranwal,Receipt,462,,54500
,HDFC Bank,,,54500.00 Dr,
26-07-2025,Vinayak Genral Stor Ranwal,Receipt,463,,15178
,HDFC Bank,,,15178.00 Dr,
26-07-2025,Moti Ratan Trading Company Bhilwara,Receipt,464,,100000
,HDFC Bank,,,100000.00 Dr,
26-07-2025,Haritwal Pashu Ahar Vatika,Receipt,465,,9900
,Cash,,,9900.00 Dr,
26-07-2025,Shri Namokaar Trading Company,Receipt,466,,5000
,Cash,,,5000.00 Dr,
26-07-2025,Shri Shyam Baat Bhandar (Bad Ke Bala Ji ),Sales,2702/25-26,18393,
,Sales Account,,,,18393.00 Cr
26-07-2025,Vinayak Genral Stor Ranwal,Sales,2703/25-26,69678,
,Sales Account,,,,69678.00 Cr
26-07-2025,M Choudhry Trading Company - Jalpali,Sales,2704/25-26,59600,
,Sales Account,,,,59600.00 Cr
26-07-2025,KAMAL TRADING CO Dudu,Sales,2705/25-26,60800,
,Sales Account,,,,60800.00 Cr
26-07-2025,Shri Chand Pasu Aahar Malpura,Sales,2707/2024-2025,114720,
,Sales Account,,,,114720.00 Cr
26-07-2025,Shyam Khandelwal Jaipur,Sales,2706/2024-25,60940,
,Sales Account,,,,60940.00 Cr
26-07-2025,Mangal Treding Company Kukerkheda Mhandi,Purchase,92,,4872
,Purchase Account,,,4872.00 Dr,
27-07-2025,SHRI BALAJI ENTERPRISES-TIGARIYA,Receipt,467,,61036
,HDFC Bank,,,61036.00 Dr,
27-07-2025,Love General Stor    Tunga,Receipt,468,,20000
,HDFC Bank,,,20000.00 Dr,
28-07-2025,Wages Expenses A/C,Payment,526,7600,
,Cash,,,,7600.00 Cr
28-07-2025,Tour & Travel,Payment,527,2070,
,Cash,,,,2070.00 Cr
28-07-2025,Murlidhar Ji Yadav- Khejroli,Receipt,469,,10000
,HDFC Bank,,,10000.00 Dr,
28-07-2025,Giriraj Trading Company - Alwar,Receipt,470,,50000
,Punjab National Bank - New,,,50000.00 Dr,
28-07-2025,Haritwal Pashu Ahar Vatika,Receipt,471,,9900
,Cash,,,9900.00 Dr,
29-07-2025,Machinery Reparing,Payment,528,78880,
,HDFC Bank,,,,78880.00 Cr
29-07-2025,Wages Expenses A/C,Payment,529,7650,
,Cash,,,,7650.00 Cr
29-07-2025,Convence Expensece,Payment,530,2300,
,Cash,,,,2300.00 Cr
29-07-2025,Shri Shyam Baat Bhandar (Bad Ke Bala Ji ),Receipt,472,,18393
,HDFC Bank,,,18393.00 Dr,
29-07-2025,Haritwal Pashu Ahar Vatika,Receipt,473,,9900
,Cash,,,9900.00 Dr,
29-07-2025,Shri Shyam Baat Bhandar (Bad Ke Bala Ji ),Sales,2708/25-26,14070,
,Sales Account,,,,14070.00 Cr
29-07-2025,Arihant  Kumar Rahul Kumar  Medta Seety - S,Sales,2709/25-26,115873,
,Sales Account,,,,115873.00 Cr
29-07-2025,Ganesh Pashuahar Chaksu,Sales,2710/25-26,175760,
,Sales Account,,,,175760.00 Cr
29-07-2025,R S Oil Mils,Purchase,93,,67910
,Purchase Account,,,67910.00 Dr,
30-07-2025,Car Loan - Hyrider,Payment,531,48357,
,Punjab National Bank - New,,,,48357.00 Cr
30-07-2025,Wages Expenses A/C,Payment,532,7600,
,Cash,,,,7600.00 Cr
30-07-2025,Machinery Reparing,Payment,533,2350,
,Cash,,,,2350.00 Cr
30-07-2025,KAMAL TRADING CO Dudu,Receipt,474,,65000
,HDFC Bank,,,65000.00 Dr,
30-07-2025,Vinayak Brothers - Renwal,Receipt,475,,93700
,Vinayak Brothers - Renwal,,,,92770.00 Cr
,HDFC Bank,,,186470.00 Dr,
30-07-2025,G.K.N - Industries,Receipt,476,,42811
,HDFC Bank,,,42811.00 Dr,
30-07-2025,Dadu Dayal Pasu Aahar Sambhar,Receipt,477,,50000
,HDFC Bank,,,50000.00 Dr,
30-07-2025,M Choudhry Trading Company - Jalpali,Receipt,478,,59700
,HDFC Bank,,,59700.00 Dr,
30-07-2025,Anjani Trading Company  -(Beawar),Receipt,479,,58385
,HDFC Bank,,,58385.00 Dr,
30-07-2025,Lavik Traders,Receipt,480,,81140
,HDFC Bank,,,81140.00 Dr,
30-07-2025,Haritwal Pashu Ahar Vatika,Receipt,481,,8370
,Cash,,,8370.00 Dr,
30-07-2025,Love General Stor    Tunga,Sales,2711/25-26,58400,
,Sales Account,,,,58400.00 Cr
30-07-2025,Shiv Trading Comnay Vatika,Sales,2712/25-26,73170,
,Sales Account,,,,73170.00 Cr
31-07-2025,R S Oil Mils,Payment,534,67910,
,HDFC Bank,,,,67910.00 Cr
31-07-2025,Mangal Treding Company Kukerkheda Mhandi,Payment,535,9510,
,Punjab National Bank - New,,,,9510.00 Cr
31-07-2025,Machinery Reparing,Payment,536,9800,
,Punjab National Bank - New,,,,9800.00 Cr
31-07-2025,BANK  EXPENSES- PNB BANK,Payment,537,222.17,
,Punjab National Bank - New,,,,222.17 Cr
31-07-2025,Wages Expenses A/C,Payment,538,7600,
,Cash,,,,7600.00 Cr
31-07-2025,Printing & Stationary,Payment,539,1860,
,Cash,,,,1860.00 Cr
31-07-2025,Goyal Treders Fhagi,Receipt,482,,77700
,HDFC Bank,,,77700.00 Dr,
31-07-2025,Dugya Cattle Feed - Muhana,Sales,2713/25-26,68100,
,Sales Account,,,,68100.00 Cr
31-07-2025,G.K.N - Industries,Sales,2714/25-26,42811,
,Sales Account,,,,42811.00 Cr
31-07-2025,Anjani Trading Company  -(Beawar),Sales,2715/25-26,55394,
,Sales Account,,,,55394.00 Cr
,Loading Exp,,,,
01-08-2025,Machinery Reparing,Payment,540,4062,
,Punjab National Bank - New,,,,4062.00 Cr
01-08-2025,Machinery Reparing,Payment,541,5054,
,Punjab National Bank - New,,,,5054.00 Cr
01-08-2025,Office Expenses,Payment,542,13110,
,Punjab National Bank - New,,,,13110.00 Cr
01-08-2025,Office Expenses,Payment,543,1850,
,Cash,,,,1850.00 Cr
01-08-2025,Wages Expenses A/C,Payment,544,7550,
,Cash,,,,7550.00 Cr
01-08-2025,BUSINESS PROMOTION EXPENSES,Payment,545,23849,
,HDFC Bank,,,,23849.00 Cr
01-08-2025,Shri Shyam Baat Bhandar (Bad Ke Bala Ji ),Receipt,483,,14070
,HDFC Bank,,,14070.00 Dr,
01-08-2025,Choudhary Pashu Aahar  Parbatsar,Receipt,484,,25600
,HDFC Bank,,,25600.00 Dr,
01-08-2025,Godha Enterprises (Hingoniya),Receipt,485,,9500
,Cash,,,9500.00 Dr,
01-08-2025,Shri Shyam Baat Bhandar (Bad Ke Bala Ji ),Sales,2716/25-26,13213,
,Sales Account,,,,13213.00 Cr
01-08-2025,Kharwash Trading Company (Muhana ),Sales,2717/25-26,66764,
,Sales Account,,,,66764.00 Cr
01-08-2025,Natural Guar Gum Pvt Lted Khairthal,Purchase,94,,201287
,Purchase Account,,,201287.00 Dr,
02-08-2025,Convence Expensece,Payment,546,3000,
,Cash,,,,3000.00 Cr
02-08-2025,Tour & Travel,Payment,547,1470,
,Cash,,,,1470.00 Cr
02-08-2025,Wages Expenses A/C,Payment,548,7100,
,Cash,,,,7100.00 Cr
02-08-2025,Natural Guar Gum Pvt Lted Khairthal,Payment,549,201287,
,HDFC Bank,,,,201287.00 Cr
02-08-2025,Mahesh Pashu Aahar  Doaultpura,Receipt,486,,2000
,Cash,,,2000.00 Dr,
02-08-2025,Godha Enterprises (Hingoniya),Receipt,487,,9500
,Cash,,,9500.00 Dr,
02-08-2025,Jain & Brothers - Muhana Mandi,Receipt,488,,62717
,HDFC Bank,,,62717.00 Dr,
02-08-2025,Greenfield,Sales,2718/25-26,183160,
,Sales Account,,,,183160.00 Cr
03-08-2025,Godha Enterprises (Hingoniya),Receipt,489,,9500
,Cash,,,9500.00 Dr,
03-08-2025,Ishwar and Company Surajpool,Sales,2719/25-26,78750,
,Sales Account,,,,78750.00 Cr
04-08-2025,Wages Expenses A/C,Payment,550,7650,
,Cash,,,,7650.00 Cr
04-08-2025,Tour & Travel,Payment,551,2400,
,Cash,,,,2400.00 Cr
04-08-2025,BANK  EXPENSES - HDFC BANK,Payment,552,590,
,HDFC Bank,,,,590.00 Cr
04-08-2025,Shyam Khandelwal Jaipur,Receipt,490,,60940
,HDFC Bank,,,60940.00 Dr,
04-08-2025,S Kumar & Company - Navalgarh,Receipt,491,,50000
,HDFC Bank,,,50000.00 Dr,
04-08-2025,Jamidara Treding Company Chidawa,Receipt,492,,5000
,HDFC Bank,,,5000.00 Dr,
04-08-2025,Choudhary Pashu Aahar  Parbatsar,Receipt,493,,25000
,HDFC Bank,,,25000.00 Dr,
04-08-2025,Godha Enterprises (Hingoniya),Receipt,494,,9500
,Cash,,,9500.00 Dr,
04-08-2025,Uttam Agencies Sambriya,Sales,2720/25-26,47492,
,Sales Account,,,,47492.00 Cr
05-08-2025,Wages Expenses A/C,Payment,553,7600,
,Cash,,,,7600.00 Cr
05-08-2025,Tour & Travel,Payment,554,1850,
,Cash,,,,1850.00 Cr
05-08-2025,Office Expenses,Payment,555,155,
,Cash,,,,155.00 Cr
05-08-2025,Shri Shyam Baat Bhandar (Bad Ke Bala Ji ),Receipt,495,,13213
,HDFC Bank,,,13213.00 Dr,
05-08-2025,Godha Enterprises (Hingoniya),Receipt,496,,9500
,Cash,,,9500.00 Dr,
05-08-2025,Vinayak Brothers - Renwal,Sales,2721/25-26,91840,
,Sales Account,,,,91840.00 Cr
05-08-2025,Shri Shyam Baat Bhandar (Bad Ke Bala Ji ),Sales,2722/25-26,31850,
,Sales Account,,,,31850.00 Cr
05-08-2025,Kharwash Trading Company (Muhana ),Sales,2723/25-26,64075,
,Sales Account,,,,64075.00 Cr
05-08-2025,"Kailash Chand Deen Dayal - Kasera, Shreemodhopur",Sales,2724/25-26,26955,
,Sales Account,,,,26955.00 Cr
06-08-2025,Wages Expenses A/C,Payment,556,7650,
,Cash,,,,7650.00 Cr
06-08-2025,Tour & Travel,Payment,557,2000,
,Cash,,,,2000.00 Cr
06-08-2025,J.S. Packers - Jaipur,Payment,558,41440,
,HDFC Bank,,,,41440.00 Cr
06-08-2025,Kharwash Trading Company (Muhana ),Receipt,497,,547284
,HDFC Bank,,,547284.00 Dr,
06-08-2025,Godha Enterprises (Hingoniya),Receipt,498,,9500
,Cash,,,9500.00 Dr,
06-08-2025,Haritwal Pashu Ahar Vatika,Sales,2725/25-26,72870,
,Sales Account,,,,72870.00 Cr
06-08-2025,Balaji Indastrises  Didwana,Sales,2726/25-26,66040,
,Sales Account,,,,66040.00 Cr
06-08-2025,S M Sales Corporation  Jaipur,Purchase,95,,3822
,Purchase Account,,,3822.00 Dr,
06-08-2025,Mangal Treding Company Kukerkheda Mhandi,Purchase,96,,7428.48
,Purchase Account,,,7073.00 Dr,
,CGST-Tax,,,177.74 Dr,
,SGST-Tax,,,177.74 Dr,
06-08-2025,DILIP UDYOUG,Purchase,97,,40986
,Purchase Account,,,40986.00 Dr,
07-08-2025,Nilesh Kumar Khandelwal,Payment,559,9500,
,Vijay Kumar Khandelwal,,,9500.00 Dr,
,Priyanka Devi Khandelwal,,,9500.00 Dr,
,Vishnu Gupta,,,9500.00 Dr,
,Nitesh,,,9500.00 Dr,
,Pradeep Kumar Gupta,,,9500.00 Dr,
,Raju Lal Ji,,,9500.00 Dr,
,Raju Mistri,,,9500.00 Dr,
,Cash,,,,76000.00 Cr
07-08-2025,Wages Expenses A/C,Payment,560,7550,
,Cash,,,,7550.00 Cr
07-08-2025,Convence Expensece,Payment,561,3000,
,Cash,,,,3000.00 Cr
07-08-2025,Shri Hari Shanker Khandelwal,Payment,562,9000,
,Cash,,,,9000.00 Cr
07-08-2025,Godha Enterprises (Hingoniya),Receipt,499,,9500
,Cash,,,9500.00 Dr,
07-08-2025,"Kailash Chand Deen Dayal - Kasera, Shreemodhopur",Receipt,500,,26900
,Punjab National Bank - New,,,26900.00 Dr,
07-08-2025,Rakesh Kirana Store - Khejroli,Sales,2727/25-26,32964,
,Sales Account,,,,32964.00 Cr
07-08-2025,Kharwash Trading Company (Muhana ),Sales,2728/25-26,57810,
,Sales Account,,,,57810.00 Cr
07-08-2025,Choudhary Pashu Aahar  Parbatsar,Sales,2729/25-26,74775,
,Sales Account,,,,74775.00 Cr
,Loading Exp,,,,
07-08-2025,Rajendra Kumar Pawan Kumar Fhagi,Sales,2730/25-26,28564,
,Sales Account,,,,28564.00 Cr
07-08-2025,Shri Balaji Agro Industries - Muhana,Sales,2731/25-26,26923,
,Sales Account,,,,26923.00 Cr
08-08-2025,Nilesh Kumar Khandelwal,Payment,563,9500,
,Vijay Kumar Khandelwal,,,9500.00 Dr,
,Priyanka Devi Khandelwal,,,9500.00 Dr,
,Pradeep Kumar Gupta,,,8000.00 Dr,
,Raju Lal Gupta,,,4500.00 Dr,
,Vishnu Gupta,,,9500.00 Dr,
,Nitesh,,,9500.00 Dr,
,Raju Mistri,,,4000.00 Dr,
,Cash,,,,64000.00 Cr
08-08-2025,Wages Expenses A/C,Payment,564,7600,
,Cash,,,,7600.00 Cr
08-08-2025,Machinery Reparing,Payment,565,2211,
,Cash,,,,2211.00 Cr
08-08-2025,Mangal Treding Company Kukerkheda Mhandi,Payment,566,4872,
,HDFC Bank,,,,4872.00 Cr
08-08-2025,Arihant  Kumar Rahul Kumar  Medta Seety - S,Receipt,501,,115873
,HDFC Bank,,,115873.00 Dr,
08-08-2025,(cancelled),Receipt,502,,
08-08-2025,Anjani Trading Company  -(Beawar),Receipt,503,,55394
,HDFC Bank,,,55394.00 Dr,
08-08-2025,Godha Enterprises (Hingoniya),Receipt,504,,9500
,Cash,,,9500.00 Dr,
08-08-2025,Shri Shyam Baat Bhandar (Bad Ke Bala Ji ),Receipt,505,,31850
,HDFC Bank,,,31850.00 Dr,
08-08-2025,Shri Shyam Baat Bhandar (Bad Ke Bala Ji ),Sales,2732/25-26,17535,
,Sales Account,,,,17535.00 Cr
08-08-2025,Lavik Traders,Sales,2733/25-26,38596,
,Sales Account,,,,38596.00 Cr
08-08-2025,Jain & Brothers - Muhana Mandi,Sales,2734/25-26,62716,
,Sales Account,,,,62716.00 Cr
08-08-2025,Sunny Industries Sitapura Jaipur,Purchase,98,,31560
,Purchase Account,,,31560.00 Dr,
08-08-2025,Ramkishor Pawan Kumar-Surajpool,Purchase,99,,26460
,Purchase Account,,,26460.00 Dr,
09-08-2025,Wages Expenses A/C,Payment,567,7650,
,Cash,,,,7650.00 Cr
09-08-2025,Office Expenses,Payment,568,2650,
,Cash,,,,2650.00 Cr
09-08-2025,Godha Enterprises (Hingoniya),Receipt,506,,9500
,Cash,,,9500.00 Dr,
10-08-2025,Rajendra Kumar Pawan Kumar Fhagi,Receipt,507,,28564
,HDFC Bank,,,28564.00 Dr,
10-08-2025,Shri Balaji Agro Industries - Muhana,Receipt,508,,21387
,HDFC Bank,,,21387.00 Dr,
10-08-2025,Godha Enterprises (Hingoniya),Receipt,509,,9500
,Cash,,,9500.00 Dr,
11-08-2025,Wages Expenses A/C,Payment,569,7600,
,Cash,,,,7600.00 Cr
11-08-2025,Tour & Travel,Payment,570,2000,
,Cash,,,,2000.00 Cr
11-08-2025,Electricity and Water Expenses,Payment,571,236,
,Cash,,,,236.00 Cr
11-08-2025,Sunny Industries Sitapura Jaipur,Payment,572,31560,
,HDFC Bank,,,,31560.00 Cr
11-08-2025,DILIP UDYOUG,Payment,573,40986,
,HDFC Bank,,,,40986.00 Cr
11-08-2025,Shri Shyam Baat Bhandar (Bad Ke Bala Ji ),Receipt,510,,17535
,HDFC Bank,,,17535.00 Dr,
11-08-2025,Prakash Enterprises - Phulera,Receipt,511,,78595
,Punjab National Bank - New,,,78595.00 Dr,
11-08-2025,Jitender Baat Bhandhar - Jhobner,Receipt,512,,5000
,HDFC Bank,,,5000.00 Dr,
11-08-2025,Godha Enterprises (Hingoniya),Receipt,513,,5000
,Cash,,,5000.00 Dr,
11-08-2025,Subham Pasu Aahar Badanwada,Receipt,514,,50000
,Subham Pasu Aahar Badanwada,,,,14050.00 Cr
,HDFC Bank,,,64050.00 Dr,
11-08-2025,Shri Shyam Baat Bhandar (Bad Ke Bala Ji ),Sales,2735/25-26,18760,
,Sales Account,,,,18760.00 Cr
12-08-2025,Wages Expenses A/C,Payment,574,7500,
,Cash,,,,7500.00 Cr
12-08-2025,Tour & Travel,Payment,575,2850,
,Cash,,,,2850.00 Cr
12-08-2025,Choudhary Pashu Aahar  Parbatsar,Receipt,515,,19725
,HDFC Bank,,,19725.00 Dr,
12-08-2025,Lavik Traders,Receipt,516,,42998
,HDFC Bank,,,42998.00 Dr,
12-08-2025,SHRI BALAJI ENTERPRISES-TIGARIYA,Sales,2736/25-26,68992,
,Sales Account,,,,68992.00 Cr
12-08-2025,Badri Lal Dwaraka Parsad Nasirabad,Sales,2737/25-26,106720,
,Sales Account,,,,106720.00 Cr
12-08-2025,Rambilas Ishwardas - Kukerkeda,Purchase,100,,3753
,Purchase Account,,,3574.00 Dr,
,CGST-Tax,,,89.50 Dr,
,SGST-Tax,,,89.50 Dr,
13-08-2025,Wages Expenses A/C,Payment,576,7650,
,Cash,,,,7650.00 Cr
13-08-2025,Convence Expensece,Payment,577,2300,
,Cash,,,,2300.00 Cr
13-08-2025,Choudhary Pashu Aahar  Parbatsar,Receipt,517,,20000
,HDFC Bank,,,20000.00 Dr,
13-08-2025,Balaji Indastrises  Didwana,Receipt,518,,66040
,HDFC Bank,,,66040.00 Dr,
13-08-2025,Dera Sachha Sodha,Receipt,519,,9500
,Cash,,,9500.00 Dr,
13-08-2025,Jain & Brothers - Muhana Mandi,Receipt,520,,62717
,HDFC Bank,,,62717.00 Dr,
13-08-2025,Patel Enterprises  Rojda,Sales,2738/25-26,61900,
,Sales Account,,,,61900.00 Cr
13-08-2025,Balaji Trading  Company  - Lalshot,Sales,2739/25-26,76146,
,Sales Account,,,,76146.00 Cr
13-08-2025,Ishwar and Company Surajpool,Sales,2740/25-26,94500,
,Sales Account,,,,94500.00 Cr
13-08-2025,Abhishek Treding Company  Fathenegar,Sales,2741/25-26,243000,
,Sales Account,,,,243000.00 Cr
13-08-2025,Om Prakash Rajesh Kumar - Jaipur,Purchase,101,,111720
,Purchase Account,,,111720.00 Dr,
13-08-2025,S M Sales Corporation  Jaipur,Purchase,102,,2547
,Purchase Account,,,2547.00 Dr,
13-08-2025,Mangal Treding Company Kukerkheda Mhandi,Purchase,103,,1746
,Purchase Account,,,1746.00 Dr,
14-08-2025,Wages Expenses A/C,Payment,578,7600,
,Cash,,,,7600.00 Cr
14-08-2025,Electricity and Water Expenses,Payment,579,74853,
,HDFC Bank,,,,74853.00 Cr
14-08-2025,Printing & Stationary,Payment,580,2640,
,Cash,,,,2640.00 Cr
14-08-2025,Shri Hari Shanker Khandelwal,Payment,581,150000,
,Cash,,,,150000.00 Cr
14-08-2025,Shri Shyam Baat Bhandar (Bad Ke Bala Ji ),Receipt,521,,18760
,HDFC Bank,,,18760.00 Dr,
14-08-2025,Balaji Trading  Company  - Lalshot,Receipt,522,,76146
,HDFC Bank,,,76146.00 Dr,
14-08-2025,Abhishek Treding Company  Fathenegar,Receipt,523,,243000
,HDFC Bank,,,243000.00 Dr,
14-08-2025,Dera Sachha Sodha,Receipt,524,,9500
,Cash,,,9500.00 Dr,
14-08-2025,Shri Shyam Baat Bhandar (Bad Ke Bala Ji ),Sales,2742/25-26,18760,
,Sales Account,,,,18760.00 Cr
14-08-2025,Kharwash Trading Company (Muhana ),Sales,2743/25-26,66760,
,Sales Account,,,,66760.00 Cr
16-08-2025,Wages Expenses A/C,Payment,582,7600,
,Cash,,,,7600.00 Cr
16-08-2025,Tour & Travel,Payment,583,2160,
,Cash,,,,2160.00 Cr
16-08-2025,BUSINESS PROMOTION EXPENSES,Payment,584,23849,
,HDFC Bank,,,,23849.00 Cr
16-08-2025,Dera Sachha Sodha,Receipt,525,,9500
,Cash,,,9500.00 Dr,
16-08-2025,Manish Trandig Company,Receipt,526,,9000
,Cash,,,9000.00 Dr,
16-08-2025,Shyam Baat Bhandar - Kanwarpura,Receipt,527,,9500
,Cash,,,9500.00 Dr,
16-08-2025,Lavik Traders,Sales,2744/25-26,50370,
,Sales Account,,,,50370.00 Cr
16-08-2025,Anjani Trading Company  -(Beawar),Sales,2745/25-26,51715,
,Sales Account,,,,51715.00 Cr
16-08-2025,Dera Sachha Sodha,Sales,2746/25-26,54900,
,Sales Account,,,,54900.00 Cr
16-08-2025,Jurashik Minral,Purchase,104,,35913
,Purchase Account,,,35913.00 Dr,
17-08-2025,Dinesh Baat Bhandar  (Dhabash),Receipt,528,,38988
,HDFC Bank,,,38988.00 Dr,
17-08-2025,Mehta Baat Bhandhar - GovindPura,Sales,2747/25-26,56160,
,Sales Account,,,,56160.00 Cr
17-08-2025,Godha Enterprises (Hingoniya),Sales,2748/25-26,106275,
,Sales Account,,,,106275.00 Cr
18-08-2025,Wages Expenses A/C,Payment,585,7650,
,Cash,,,,7650.00 Cr
18-08-2025,Office Expenses,Payment,586,1860,
,Cash,,,,1860.00 Cr
18-08-2025,Fright Exp,Payment,587,9000,
,Cash,,,,9000.00 Cr
18-08-2025,S M Sales Corporation  Jaipur,Payment,588,3822,
,HDFC Bank,,,,3822.00 Cr
18-08-2025,Dera Sachha Sodha,Receipt,529,,9500
,Cash,,,9500.00 Dr,
18-08-2025,Manish Trandig Company,Receipt,530,,9000
,Cash,,,9000.00 Dr,
18-08-2025,Shyam Baat Bhandar - Kanwarpura,Receipt,531,,9500
,Cash,,,9500.00 Dr,
18-08-2025,Shri Shyam Baat Bhandar (Bad Ke Bala Ji ),Sales,2749/25-26,3940,
,Sales Account,,,,3940.00 Cr
19-08-2025,Wages Expenses A/C,Payment,589,7550,
,Cash,,,,7550.00 Cr
19-08-2025,Tour & Travel,Payment,590,2000,
,Cash,,,,2000.00 Cr
19-08-2025,Fright Exp,Payment,591,8940,
,Cash,,,,8940.00 Cr
19-08-2025,G.K.N - Industries,Receipt,532,,71000
,HDFC Bank,,,71000.00 Dr,
19-08-2025,Dera Sachha Sodha,Receipt,533,,9500
,Cash,,,9500.00 Dr,
19-08-2025,Manish Trandig Company,Receipt,534,,9000
,Cash,,,9000.00 Dr,
19-08-2025,Shyam Baat Bhandar - Kanwarpura,Receipt,535,,9500
,Cash,,,9500.00 Dr,
19-08-2025,Pashupati Trading Company,Sales,2750/25-26,63740,
,Sales Account,,,,63740.00 Cr
19-08-2025,Jai Maa  Devi Traders (Jahanabad) Bihar,Purchase,105,,83410
,Purchase Account,,,83410.00 Dr,
19-08-2025,Agrasen Industries Jaitpura,Purchase,106,,158660
,Purchase Account,,,158660.00 Dr,
20-08-2025,Wages Expenses A/C,Payment,592,7550,
,Cash,,,,7550.00 Cr
20-08-2025,Convence Expensece,Payment,593,2000,
,Cash,,,,2000.00 Cr
20-08-2025,S M Sales Corporation  Jaipur,Payment,594,2547,
,Cash,,,,2547.00 Cr
20-08-2025,Dera Sachha Sodha,Receipt,536,,7400
,Cash,,,7400.00 Dr,
20-08-2025,Pashupati Trading Company,Receipt,537,,41497
,Punjab National Bank - New,,,41497.00 Dr,
20-08-2025,Manish Trandig Company,Receipt,538,,3000
,Cash,,,3000.00 Dr,
20-08-2025,Shyam Baat Bhandar - Kanwarpura,Receipt,539,,9500
,Cash,,,9500.00 Dr,
20-08-2025,Haritwal Pashu Ahar Vatika,Receipt,540,,9000
,Cash,,,9000.00 Dr,
20-08-2025,Kharwash Trading Company (Muhana ),Sales,2751/25-26,57810,
,Sales Account,,,,57810.00 Cr
20-08-2025,Shri Balaji Agro Industries - Muhana,Sales,2752/25-26,27900,
,Sales Account,,,,27900.00 Cr
20-08-2025,Arihant  Kumar Rahul Kumar  Medta Seety - S,Sales,2753/25-26,116165,
,Sales Account,,,,116165.00 Cr
20-08-2025,Mahavr Mills Kekri,Purchase,107,,123190
,Purchase Account,,,123190.00 Dr,
21-08-2025,Jai Maa  Devi Traders (Jahanabad) Bihar,Payment,595,83410,
,Punjab National Bank - New,,,,83410.00 Cr
21-08-2025,Insurance Exp,Payment,596,29371,
,HDFC Bank,,,,29371.00 Cr
21-08-2025,Mahavr Mills Kekri,Payment,597,123190,
,HDFC Bank,,,,123190.00 Cr
21-08-2025,Agrasen Industries Jaitpura,Payment,598,158660,
,HDFC Bank,,,,158660.00 Cr
21-08-2025,Jurashik Minral,Payment,599,35913,
,HDFC Bank,,,,35913.00 Cr
21-08-2025,Pritiya Organics - Jaipur,Payment,600,16900,
,HDFC Bank,,,,16900.00 Cr
21-08-2025,Wages Expenses A/C,Payment,601,7600,
,Cash,,,,7600.00 Cr
21-08-2025,Fright Exp,Payment,602,9000,
,Cash,,,,9000.00 Cr
21-08-2025,Hariyana Baat  Bhandar Dolaitpura,Receipt,541,,11000
,HDFC Bank,,,11000.00 Dr,
21-08-2025,Ishwar and Company Surajpool,Receipt,542,,96000
,HDFC Bank,,,96000.00 Dr,
21-08-2025,Babulal Ji Yadav - Mahaswas,Receipt,543,,81000
,HDFC Bank,,,81000.00 Dr,
21-08-2025,Shyam Baat Bhandar - Kanwarpura,Receipt,544,,9500
,Cash,,,9500.00 Dr,
21-08-2025,Haritwal Pashu Ahar Vatika,Receipt,545,,9500
,Cash,,,9500.00 Dr,
21-08-2025,Maa Bhagwati Trading Company BANDIKUI,Sales,.2754/2025-2026,62003,
,Sales Account,,,,62003.00 Cr
21-08-2025,Pritiya Organics - Jaipur,Purchase,108,,16900
,Purchase Account,,,16900.00 Dr,
21-08-2025,Balaji Trading Company MUHANA,Purchase,109,,58905
,Purchase Account,,,58905.00 Dr,
21-08-2025,Jain & Brothers - Muhana Mandi,Purchase,110,,16930
,Purchase Account,,,16930.00 Dr,
21-08-2025,National Traders Uttarakhand,Purchase,111,,481270
,Purchase Account,,,481270.00 Dr,
21-08-2025,Agri Channel Overseas Tonk Rood Jaipur,Purchase,112,,431399
,Purchase Account,,,410856.00 Dr,
,CGST-Tax,,,10271.50 Dr,
,SGST-Tax,,,10271.50 Dr,
21-08-2025,Padmawati Trading Co.,Purchase,113,,851834
,Purchase Account,,,851834.00 Dr,
21-08-2025,Shri Balaji Agro Industries - Muhana,Purchase,114,,1881
,Purchase Account,,,1881.00 Dr,
22-08-2025,Office Expenses,Payment,603,50,
,Cash,,,,50.00 Cr
22-08-2025,Wages Expenses A/C,Payment,604,6300,
,Cash,,,,6300.00 Cr
22-08-2025,Convence Expensece,Payment,605,4500,
,Cash,,,,4500.00 Cr
22-08-2025,Tour & Travel,Payment,606,2290,
,Cash,,,,2290.00 Cr
22-08-2025,Fright Exp,Payment,607,9000,
,Cash,,,,9000.00 Cr
22-08-2025,Blue Diamond Food Production,Receipt,546,,17240
,HDFC Bank,,,17240.00 Dr,
22-08-2025,Lavik Traders,Receipt,547,,38780
,HDFC Bank,,,38780.00 Dr,
22-08-2025,Shyam Baat Bhandar - Kanwarpura,Receipt,548,,9500
,Cash,,,9500.00 Dr,
22-08-2025,Haritwal Pashu Ahar Vatika,Receipt,549,,9500
,Cash,,,9500.00 Dr,
22-08-2025,Ganesh Pashuahar Chaksu,Sales,2755/2025-2026,106353,
,Sales Account,,,,106353.00 Cr
23-08-2025,Wages Expenses A/C,Payment,608,6850,
,Cash,,,,6850.00 Cr
23-08-2025,Tour & Travel,Payment,609,3210,
,Cash,,,,3210.00 Cr
23-08-2025,Shyam Baat Bhandar - Kanwarpura,Receipt,550,,6800
,Cash,,,6800.00 Dr,
23-08-2025,Haritwal Pashu Ahar Vatika,Receipt,551,,9500
,Cash,,,9500.00 Dr,
23-08-2025,Shri Namokaar Trading Company,Receipt,552,,5000
,Cash,,,5000.00 Dr,
23-08-2025,Dinesh Baat Bhandar  (Dhabash),Sales,2756/25-26,33650,
,Sales Account,,,,33650.00 Cr
23-08-2025,Lavik Traders,Sales,2757/25-26,33138,
,Sales Account,,,,33138.00 Cr
23-08-2025,Kharwash Trading Company (Muhana ),Sales,2758/25-26,63853,
,Sales Account,,,,63853.00 Cr
23-08-2025,G.K.N - Industries,Sales,2759/25-26,61945,
,Sales Account,,,,61945.00 Cr
25-08-2025,Om Prakash Rajesh Kumar - Jaipur,Payment,610,111720,
,HDFC Bank,,,,111720.00 Cr
25-08-2025,Office Expenses,Payment,611,1940,
,Cash,,,,1940.00 Cr
25-08-2025,Wages Expenses A/C,Payment,612,7600,
,Cash,,,,7600.00 Cr
25-08-2025,Fright Exp,Payment,613,9000,
,Cash,,,,9000.00 Cr
25-08-2025,Shri Shyam Baat Bhandar (Bad Ke Bala Ji ),Receipt,553,,22095
,HDFC Bank,,,22095.00 Dr,
25-08-2025,Giriraj Enterprises - Kalu Ka Baas,Receipt,554,,44887
,HDFC Bank,,,44887.00 Dr,
25-08-2025,SHRI BALAJI ENTERPRISES-TIGARIYA,Receipt,555,,61298
,HDFC Bank,,,61298.00 Dr,
25-08-2025,Anjani Trading Company  -(Beawar),Receipt,556,,51625
,HDFC Bank,,,51625.00 Dr,
25-08-2025,Haritwal Pashu Ahar Vatika,Receipt,557,,9500
,Cash,,,9500.00 Dr,
25-08-2025,Jain & Brothers - Muhana Mandi,Sales,2760/25-26,62715,
,Sales Account,,,,62715.00 Cr
25-08-2025,Shri Shyam Baat Bhandar (Bad Ke Bala Ji ),Sales,2761/25-26,17900,
,Sales Account,,,,17900.00 Cr
25-08-2025,Anjani Trading Company  -(Beawar),Sales,2762/25-26,52608,
,Sales Account,,,,52608.00 Cr
26-08-2025,National Traders Uttarakhand,Payment,614,481270,
,HDFC Bank,,,,481270.00 Cr
26-08-2025,Agri Channel Overseas Tonk Rood Jaipur,Payment,615,431399,
,HDFC Bank,,,,431399.00 Cr
26-08-2025,Balaji Trading Company MUHANA,Payment,616,58905,
,HDFC Bank,,,,58905.00 Cr
26-08-2025,Padmawati Trading Co.,Payment,617,843714,
,HDFC Bank,,,,843714.00 Cr
26-08-2025,Wages Expenses A/C,Payment,618,7650,
,Cash,,,,7650.00 Cr
26-08-2025,Tour & Travel,Payment,619,1000,
,Cash,,,,1000.00 Cr
26-08-2025,Fright Exp,Payment,620,4250,
,Cash,,,,4250.00 Cr
26-08-2025,Haritwal Pashu Ahar Vatika,Receipt,558,,9500
,Cash,,,9500.00 Dr,
26-08-2025,Tarachand Ji -Yadav Khejroli,Receipt,559,,44900
,HDFC Bank,,,44900.00 Dr,
26-08-2025,Vinayak Brothers - Renwal,Receipt,560,,94180
,HDFC Bank,,,94180.00 Dr,
26-08-2025,Discount Given,Journal,10,146,
,J P Fresh Mills - Jairampura,,,,146.00 Cr
26-08-2025,Kharwash Trading Company (Muhana ),Sales,2763/25-26,57810,
,Sales Account,,,,57810.00 Cr
26-08-2025,SHRI BALAJI ENTERPRISES-TIGARIYA,Sales,2764/25-26,69121,
,Sales Account,,,,69121.00 Cr
26-08-2025,Tarachand Ji -Yadav Khejroli,Sales,2765/25-26,44900,
,Sales Account,,,,44900.00 Cr
26-08-2025,Shri Chand Pasu Aahar Malpura,Sales,2766/25-26,97512,
,Sales Account,,,,97512.00 Cr
26-08-2025,DILIP UDYOUG,Purchase,115,,40986
,Purchase Account,,,40986.00 Dr,
26-08-2025,Sanjay Chura Mill - Bihar,Purchase,116,,248253
,Purchase Account,,,248253.00 Dr,
27-08-2025,Telephone Exp,Payment,621,1049,
,HDFC Bank,,,,1049.00 Cr
27-08-2025,Wages Expenses A/C,Payment,622,7550,
,Cash,,,,7550.00 Cr
27-08-2025,Convence Expensece,Payment,623,2500,
,Cash,,,,2500.00 Cr
27-08-2025,Haritwal Pashu Ahar Vatika,Receipt,561,,9500
,Cash,,,9500.00 Dr,
27-08-2025,Jain & Brothers - Muhana Mandi,Receipt,562,,62717
,HDFC Bank,,,62717.00 Dr,
27-08-2025,Shri Shyam Baat Bhandar (Bad Ke Bala Ji ),Receipt,563,,17900
,HDFC Bank,,,17900.00 Dr,
27-08-2025,Shri Shyam Baat Bhandar (Bad Ke Bala Ji ),Sales,2767/25-26,18805,
,Sales Account,,,,18805.00 Cr
27-08-2025,Shiv Trading Comnay Vatika,Sales,2768/25-26,73385,
,Sales Account,,,,73385.00 Cr
27-08-2025,KAMAL TRADING CO Dudu,Sales,2769/25-26,51500,
,Sales Account,,,,51500.00 Cr
28-08-2025,Rambilas Ishwardas - Kukerkeda,Payment,624,3753,
,Punjab National Bank - New,,,,3753.00 Cr
28-08-2025,Wages Expenses A/C,Payment,625,7600,
,Cash,,,,7600.00 Cr
28-08-2025,Machinery Reparing,Payment,626,1850,
,Cash,,,,1850.00 Cr
28-08-2025,Anukumar Mukesh Kumar Malpura,Receipt,564,,90000
,HDFC Bank,,,90000.00 Dr,
28-08-2025,Shiv Trading Comnay Vatika,Receipt,565,,73170
,HDFC Bank,,,73170.00 Dr,
28-08-2025,Choudhary Pashu Aahar  Parbatsar,Receipt,566,,40000
,HDFC Bank,,,40000.00 Dr,
28-08-2025,J P Fresh Mills - Jairampura,Receipt,567,,17000
,HDFC Bank,,,17000.00 Dr,
28-08-2025,J P Fresh Mills - Jairampura,Receipt,568,,300
,HDFC Bank,,,300.00 Dr,
28-08-2025,Haritwal Pashu Ahar Vatika,Receipt,569,,6870
,Cash,,,6870.00 Dr,
28-08-2025,Shyam Ji Yadav,Sales,2770/25-26,63798,
,Sales Account,,,,63798.00 Cr
28-08-2025,Babulal Ji Yadav - Mahaswas,Sales,2771/25-26,78600,
,Sales Account,,,,78600.00 Cr
29-08-2025,Vetkind Animal Health India,Payment,627,143000,
,HDFC Bank,,,,143000.00 Cr
29-08-2025,Wages Expenses A/C,Payment,628,7650,
,Cash,,,,7650.00 Cr
29-08-2025,Tour & Travel,Payment,629,1750,
,Cash,,,,1750.00 Cr
29-08-2025,Anjani Trading Company  -(Beawar),Receipt,570,,52608
,HDFC Bank,,,52608.00 Dr,
29-08-2025,Shri Balaji Agro Industries - Muhana,Receipt,571,,26920
,HDFC Bank,,,26920.00 Dr,
29-08-2025,Rajendra Kumar Pawan Kumar Fhagi,Sales,2772/25-26,26012,
,Sales Account,,,,26012.00 Cr
29-08-2025,Rajendra Kumar Pawan Kumar Fhagi,Sales,2773/25-26,21681,
,Sales Account,,,,21681.00 Cr
29-08-2025,Kharwash Trading Company (Muhana ),Sales,2774/25-26,60000,
,Sales Account,,,,60000.00 Cr
29-08-2025,J.S. Packers - Jaipur,Purchase,117,,30975
,Purchase Account,,,26250.00 Dr,
,CGST-Tax,,,2362.50 Dr,
,SGST-Tax,,,2362.50 Dr,
29-08-2025,Agrasen Industries Jaitpura,Purchase,118,,50422
,Purchase Account,,,50422.00 Dr,
30-08-2025,Car Loan - Hyrider,Payment,630,48357,
,Punjab National Bank - New,,,,48357.00 Cr
30-08-2025,Sanjay Chura Mill - Bihar,Payment,631,248253,
,HDFC Bank,,,,248253.00 Cr
30-08-2025,DILIP UDYOUG,Payment,632,40986,
,HDFC Bank,,,,40986.00 Cr
30-08-2025,Wages Expenses A/C,Payment,633,7600,
,Cash,,,,7600.00 Cr
30-08-2025,Printing & Stationary,Payment,634,1910,
,Cash,,,,1910.00 Cr
30-08-2025,Shri Shyam Baat Bhandar (Bad Ke Bala Ji ),Receipt,572,,18805
,HDFC Bank,,,18805.00 Dr,
30-08-2025,KAMAL TRADING CO Dudu,Receipt,573,,60000
,HDFC Bank,,,60000.00 Dr,
30-08-2025,Lavik Traders,Receipt,574,,50443
,HDFC Bank,,,50443.00 Dr,
30-08-2025,Shri Shyam Baat Bhandar (Bad Ke Bala Ji ),Sales,2775/25-26,17535,
,Sales Account,,,,17535.00 Cr
30-08-2025,Maruti Trading Company Kalwar,Sales,2776/25-26,62100,
,Sales Account,,,,62100.00 Cr
30-08-2025,Vetkind Animal Health India,Purchase,119,,9000
,Purchase Account,,,9000.00 Dr,
30-08-2025,Vetkind Animal Health India,Purchase,120,,24000
,Purchase Account,,,24000.00 Dr,
30-08-2025,Vetkind Animal Health India,Purchase,121,,70000
,Purchase Account,,,70000.00 Dr,
31-08-2025,Shri Chand Pasu Aahar Malpura,Receipt,575,,102517
,HDFC Bank,,,102517.00 Dr,
31-08-2025,Ishwar and Company Surajpool,Sales,2777/25-26,78750,
,Sales Account,,,,78750.00 Cr
01-09-2025,Mangal Treding Company Kukerkheda Mhandi,Payment,635,9174,
,Punjab National Bank - New,,,,9174.00 Cr
01-09-2025,Wages Expenses A/C,Payment,636,7650,
,Cash,,,,7650.00 Cr
01-09-2025,Machinery Reparing,Payment,637,1850,
,Cash,,,,1850.00 Cr
01-09-2025,Convence Expensece,Payment,638,2000,
,Cash,,,,2000.00 Cr
01-09-2025,Rajendra Kumar Pawan Kumar Fhagi,Receipt,576,,47693
,HDFC Bank,,,47693.00 Dr,
01-09-2025,Nakoda Trading Company  Nimbaheda,Receipt,577,,9000
,HDFC Bank,,,9000.00 Dr,
01-09-2025,Vinayak Brothers - Renwal,Sales,2778/25-26,93894,
,Sales Account,,,,93894.00 Cr
01-09-2025,Jai Jagdamba Treding Company Nangal Bhirda,Sales,2779/25-26,65589,
,Sales Account,,,,65589.00 Cr
01-09-2025,Nakoda Trading Company  Nimbaheda,Sales,2780/25-26,9000,
,Sales Account,,,,9000.00 Cr
02-09-2025,Chitarmal Manoj Kumar,Payment,639,32943,
,HDFC Bank,,,,32943.00 Cr
02-09-2025,Agrasen Industries Jaitpura,Payment,640,50422,
,HDFC Bank,,,,50422.00 Cr
02-09-2025,BUSINESS PROMOTION EXPENSES,Payment,641,39750,
,HDFC Bank,,,,39750.00 Cr
02-09-2025,Wages Expenses A/C,Payment,642,7600,
,Cash,,,,7600.00 Cr
02-09-2025,Tour & Travel,Payment,643,2210,
,Cash,,,,2210.00 Cr
02-09-2025,Choudhary Pashu Aahar  Parbatsar,Receipt,578,,21880
,HDFC Bank,,,21880.00 Dr,
02-09-2025,Badri Lal Dwaraka Parsad Nasirabad,Receipt,579,,106890
,HDFC Bank,,,106890.00 Dr,
02-09-2025,Arihant  Kumar Rahul Kumar  Medta Seety - S,Receipt,580,,115587
,HDFC Bank,,,115587.00 Dr,
02-09-2025,Giriraj Enterprises - Kalu Ka Baas,Sales,2781/25-26,58354,
,Sales Account,,,,58354.00 Cr
02-09-2025,Shri RamDev Enterprises - Masoda,Sales,2782/25-26,264463,
,Sales Account,,,,264463.00 Cr
02-09-2025,Arihant  Kumar Rahul Kumar  Medta Seety - S,Sales,2783/25-26,60465,
,Sales Account,,,,60465.00 Cr
02-09-2025,Chitarmal Manoj Kumar,Purchase,122,,32943
,Purchase Account,,,32943.00 Dr,
02-09-2025,Swastik Agro Industries Harayana,Purchase,123,,567930
,Purchase Account,,,540886.00 Dr,
,IGST-Tax,,,27044.00 Dr,
03-09-2025,Padmawati Trading Co.,Payment,644,3120,
,HDFC Bank,,,,3120.00 Cr
03-09-2025,Wages Expenses A/C,Payment,645,7550,
,Cash,,,,7550.00 Cr
03-09-2025,Office Expenses,Payment,646,2350,
,Cash,,,,2350.00 Cr
03-09-2025,S Kumar & Company - Navalgarh,Receipt,581,,50000
,HDFC Bank,,,50000.00 Dr,
03-09-2025,G.K.N - Industries,Receipt,582,,62077
,HDFC Bank,,,62077.00 Dr,
03-09-2025,Jain & Brothers - Muhana Mandi,Receipt,583,,62717
,HDFC Bank,,,62717.00 Dr,
03-09-2025,Discount Given,Journal,11,578,
,Arihant  Kumar Rahul Kumar  Medta Seety - S,,,,578.00 Cr
03-09-2025,Jaipur Packers - Rajasthan,Purchase,124,,219869
,Purchase Account,,,186329.00 Dr,
,CGST-Tax,,,16770.00 Dr,
,SGST-Tax,,,16770.00 Dr,
04-09-2025,Khandelwal Steel Jaipur - Jaipur,Payment,647,6561,
,Punjab National Bank - New,,,,6561.00 Cr
04-09-2025,Wages Expenses A/C,Payment,648,7650,
,Cash,,,,7650.00 Cr
04-09-2025,Convence Expensece,Payment,649,2300,
,Cash,,,,2300.00 Cr
04-09-2025,Ishwar and Company Surajpool,Receipt,584,,104000
,HDFC Bank,,,104000.00 Dr,
04-09-2025,Lavik Traders,Sales,2784/25-26,65650,
,Sales Account,,,,65650.00 Cr
05-09-2025,Wages Expenses A/C,Payment,650,7550,
,Cash,,,,7550.00 Cr
05-09-2025,Machinery Reparing,Payment,651,2550,
,Cash,,,,2550.00 Cr
05-09-2025,Giriraj Enterprises - Kalu Ka Baas,Receipt,585,,800
,HDFC Bank,,,800.00 Dr,
05-09-2025,Shri Shyam Baat Bhandar (Bad Ke Bala Ji ),Receipt,586,,17535
,HDFC Bank,,,17535.00 Dr,
05-09-2025,Dugya Cattle Feed - Muhana,Receipt,587,,72700
,HDFC Bank,,,72700.00 Dr,
05-09-2025,Shri Shyam Baat Bhandar (Bad Ke Bala Ji ),Sales,2785/25-26,18148,
,Sales Account,,,,18148.00 Cr
05-09-2025,Dugya Cattle Feed - Muhana,Sales,2786/25-26,66276,
,Sales Account,,,,66276.00 Cr
05-09-2025,Murlidhar Ji Yadav- Khejroli,Sales,2787/25-26,46100,
,Sales Account,,,,46100.00 Cr
05-09-2025,Shri Ram Cattle Feed  Industrises Jaitpura,Purchase,125,,76332
,Purchase Account,,,76332.00 Dr,
06-09-2025,Ajay Kumar,Payment,652,15000,
,HDFC Bank,,,,15000.00 Cr
06-09-2025,Wages Expenses A/C,Payment,653,7600,
,Cash,,,,7600.00 Cr
06-09-2025,Tour & Travel,Payment,654,2070,
,Cash,,,,2070.00 Cr
06-09-2025,Ratan Lal and Company     Khejroli,Sales,2788/25-26,64170,
,Sales Account,,,,64170.00 Cr
06-09-2025,Prakash Enterprises - Phulera,Sales,2789/25-26,71253,
,Sales Account,,,,71253.00 Cr
06-09-2025,Jhandewalas Foods Limited Jaipur,Purchase,126,,6816
,Purchase Account,,,6816.00 Dr,
06-09-2025,SHRI RAM INDUSTRIES  (PHULERA),Purchase,127,,133875
,Purchase Account,,,133875.00 Dr,
07-09-2025,Rakesh Kirana Store - Khejroli,Sales,2790/25-26,47400,
,Sales Account,,,,47400.00 Cr
08-09-2025,Swastik Agro Industries Harayana,Payment,655,567680,
,HDFC Bank,,,,567680.00 Cr
08-09-2025,Wages Expenses A/C,Payment,656,7650,
,Cash,,,,7650.00 Cr
08-09-2025,Office Expenses,Payment,657,1960,
,Cash,,,,1960.00 Cr
08-09-2025,Shri Hari Shanker Khandelwal,Payment,658,9000,
,Cash,,,,9000.00 Cr
08-09-2025,Nilesh Kumar Khandelwal,Payment,659,9500,
,Vijay Kumar Khandelwal,,,9500.00 Dr,
,Priyanka Devi Khandelwal,,,9500.00 Dr,
,Vishnu Gupta,,,9500.00 Dr,
,Nitesh,,,9500.00 Dr,
,Pradeep Kumar Gupta,,,9500.00 Dr,
,Raju Lal Ji,,,9500.00 Dr,
,Raju Mistri,,,9500.00 Dr,
,Cash,,,,76000.00 Cr
08-09-2025,Shri Shyam Baat Bhandar (Bad Ke Bala Ji ),Receipt,588,,18148
,HDFC Bank,,,18148.00 Dr,
08-09-2025,Choudhary Pashu Aahar  Parbatsar,Receipt,589,,20000
,HDFC Bank,,,20000.00 Dr,
08-09-2025,Ramnarayan  Girraj Jaipur,Sales,2791/25-26,24717,
,Sales Account,,,,24717.00 Cr
08-09-2025,Shri Shyam Baat Bhandar (Bad Ke Bala Ji ),Sales,2792/25-26,22468,
,Sales Account,,,,22468.00 Cr
08-09-2025,"Kailash Chand Deen Dayal - Kasera, Shreemodhopur",Sales,2793/25-26,22415,
,Sales Account,,,,22415.00 Cr
08-09-2025,G.K.N - Industries,Sales,2794/25-26,42811,
,Sales Account,,,,42811.00 Cr
08-09-2025,J.S. Packers - Jaipur,Purchase,128,,20486
,Purchase Account,,,17361.00 Dr,
,CGST-Tax,,,1562.50 Dr,
,SGST-Tax,,,1562.50 Dr,
09-09-2025,Shri Ram Cattle Feed  Industrises Jaitpura,Payment,660,76332,
,HDFC Bank,,,,76332.00 Cr
09-09-2025,SHRI RAM INDUSTRIES  (PHULERA),Payment,661,133875,
,HDFC Bank,,,,133875.00 Cr
09-09-2025,Wages Expenses A/C,Payment,662,7550,
,Cash,,,,7550.00 Cr
09-09-2025,Tour & Travel,Payment,663,2010,
,Cash,,,,2010.00 Cr
09-09-2025,Nilesh Kumar Khandelwal,Payment,664,9500,
,Vijay Kumar Khandelwal,,,9500.00 Dr,
,Priyanka Devi Khandelwal,,,9500.00 Dr,
,Pradeep Kumar Gupta,,,8000.00 Dr,
,Raju Lal Gupta,,,4500.00 Dr,
,Vishnu Gupta,,,9500.00 Dr,
,Nitesh,,,9500.00 Dr,
,Raju Mistri,,,4000.00 Dr,
,Cash,,,,64000.00 Cr
09-09-2025,Patel Enterprises  Rojda,Receipt,590,,123800
,HDFC Bank,,,123800.00 Dr,
09-09-2025,Lavik Traders,Receipt,591,,33318
,HDFC Bank,,,33318.00 Dr,
09-09-2025,Kharwash Trading Company (Muhana ),Receipt,592,,362905
,HDFC Bank,,,362905.00 Dr,
09-09-2025,Balaji Trading  Company  - Lalshot,Sales,2795/25-26,74432,
,Sales Account,,,,74432.00 Cr
09-09-2025,Ishwar and Company Surajpool,Sales,2796/25-26,78750,
,Sales Account,,,,78750.00 Cr
09-09-2025,Arihant  Kumar Rahul Kumar  Medta Seety - S,Sales,2797/25-26,112458,
,Sales Account,,,,112458.00 Cr
09-09-2025,Choudhary Pashu Aahar  Parbatsar,Sales,2798/25-26,76065,
,Sales Account,,,,76065.00 Cr
10-09-2025,Wages Expenses A/C,Payment,665,7600,
,Cash,,,,7600.00 Cr
10-09-2025,Printing & Stationary,Payment,666,1750,
,Cash,,,,1750.00 Cr
10-09-2025,Convence Expensece,Payment,667,2000,
,Cash,,,,2000.00 Cr
10-09-2025,Tour & Travel,Payment,668,1000,
,Cash,,,,1000.00 Cr
10-09-2025,S Kumar & Company - Navalgarh,Receipt,593,,50000
,HDFC Bank,,,50000.00 Dr,
10-09-2025,G.K.N - Industries,Receipt,594,,65000
,HDFC Bank,,,65000.00 Dr,
10-09-2025,"Kailash Chand Deen Dayal - Kasera, Shreemodhopur",Receipt,595,,22415
,Punjab National Bank - New,,,22415.00 Dr,
10-09-2025,Jain & Brothers - Muhana Mandi,Sales,2799/25-26,62717,
,Sales Account,,,,62717.00 Cr
10-09-2025,Anjani Trading Company  -(Beawar),Sales,2800/25-26,51716,
,Sales Account,,,,51716.00 Cr
11-09-2025,Wages Expenses A/C,Payment,669,7650,
,Cash,,,,7650.00 Cr
11-09-2025,Electricity and Water Expenses,Payment,670,67878,
,HDFC Bank,,,,67878.00 Cr
11-09-2025,Jhandewalas Foods Limited Jaipur,Payment,671,6816,
,Punjab National Bank - New,,,,6816.00 Cr
11-09-2025,Convence Expensece,Payment,672,3100,
,Cash,,,,3100.00 Cr
11-09-2025,Balaji Trading  Company  - Lalshot,Receipt,596,,74432
,HDFC Bank,,,74432.00 Dr,
11-09-2025,Shri Shyam Baat Bhandar (Bad Ke Bala Ji ),Receipt,597,,22468
,HDFC Bank,,,22468.00 Dr,
11-09-2025,Shri Balaji Agro Industries - Muhana,Sales,2801/25-26,27663,
,Sales Account,,,,27663.00 Cr
11-09-2025,Shri Shyam Baat Bhandar (Bad Ke Bala Ji ),Sales,2802/25-26,17780,
,Sales Account,,,,17780.00 Cr
11-09-2025,G.K.N - Industries,Sales,2803/25-26,47992,
,Sales Account,,,,47992.00 Cr
11-09-2025,Uttam Agencies Sambriya,Sales,2804/25-26,50314,
,Sales Account,,,,50314.00 Cr
11-09-2025,Agrasen Industries Jaitpura,Purchase,129,,52415
,Purchase Account,,,52415.00 Dr,
12-09-2025,Shri Veer Enterprises Msinpuri  Up,Payment,673,2000,
,Punjab National Bank - New,,,,2000.00 Cr
12-09-2025,Wages Expenses A/C,Payment,674,7600,
,Cash,,,,7600.00 Cr
12-09-2025,Machinery Reparing,Payment,675,2190,
,Cash,,,,2190.00 Cr
12-09-2025,PRABHA MAHILA KISSAN PRODUSER KHANDER,Receipt,598,,28000
,HDFC Bank,,,28000.00 Dr,
12-09-2025,Uttam Agencies Sambriya,Receipt,599,,47490
,Punjab National Bank - New,,,47490.00 Dr,
12-09-2025,Abhishek Treding Company  Fathenegar,Sales,2805/25-26,302000,
,Sales Account,,,,302000.00 Cr
12-09-2025,KAMAL TRADING CO Dudu,Sales,2806/25-26,61182,
,Sales Account,,,,61182.00 Cr
12-09-2025,J.S. Packers - Jaipur,Purchase,130,,32205
,Purchase Account,,,27292.00 Dr,
,SGST-Tax,,,2456.50 Dr,
,CGST-Tax,,,2456.50 Dr,
12-09-2025,Agrasen Industries Jaitpura,Purchase,131,,42138
,Purchase Account,,,42138.00 Dr,
13-09-2025,Wages Expenses A/C,Payment,676,7650,
,Cash,,,,7650.00 Cr
13-09-2025,Tour & Travel,Payment,677,2240,
,Cash,,,,2240.00 Cr
13-09-2025,Abhishek Treding Company  Fathenegar,Receipt,600,,302000
,HDFC Bank,,,302000.00 Dr,
13-09-2025,Kharwash Trading Company (Muhana ),Sales,2807/25-26,57810,
,Sales Account,,,,57810.00 Cr
13-09-2025,Shri Chand Pasu Aahar Malpura,Sales,2808/25-26,108000,
,Sales Account,,,,108000.00 Cr
13-09-2025,Anukumar Mukesh Kumar Malpura,Sales,2809/25-26,69740,
,Sales Account,,,,69740.00 Cr
13-09-2025,G.K.N - Industries,Sales,2810/25-26,44330,
,Sales Account,,,,44330.00 Cr
13-09-2025,Balaji Indastrises  Didwana,Sales,2811/25-26,63798,
,Sales Account,,,,63798.00 Cr
13-09-2025,S M Sales Corporation  Jaipur,Purchase,132,,14165
,Purchase Account,,,14165.00 Dr,
13-09-2025,Khandelwal Bardana Bhandhar,Purchase,133,,10655
,Purchase Account,,,10143.00 Dr,
,CGST-Tax,,,256.00 Dr,
,SGST-Tax,,,256.00 Dr,
13-09-2025,Shri Veer Enterprises Msinpuri  Up,Purchase,134,,544479
,Purchase Account,,,544479.00 Dr,
13-09-2025,Mangal Treding Company Kukerkheda Mhandi,Purchase,135,,17666
,Purchase Account,,,17666.00 Dr,
15-09-2025,Wages Expenses A/C,Payment,678,7550,
,Cash,,,,7550.00 Cr
15-09-2025,Office Expenses,Payment,679,1750,
,Cash,,,,1750.00 Cr
15-09-2025,Godha Enterprises (Hingoniya),Receipt,601,,9000
,Cash,,,9000.00 Dr,
15-09-2025,Shyam Ji Yadav,Receipt,602,,9500
,Cash,,,9500.00 Dr,
15-09-2025,PRABHA MAHILA KISSAN PRODUSER KHANDER,Sales,2812/25-26,63350,
,Sales Account,,,,63350.00 Cr
15-09-2025,Pashupati Trading Company,Sales,2813/25-26,61950,
,Sales Account,,,,61950.00 Cr
15-09-2025,Khandelwal Steel Jaipur - Jaipur,Purchase,136,,6561
,Purchase Account,,,5858.00 Dr,
,CGST-Tax,,,351.50 Dr,
,SGST-Tax,,,351.50 Dr,
16-09-2025,Agrasen Industries Jaitpura,Payment,680,94553,
,HDFC Bank,,,,94553.00 Cr
16-09-2025,Office Expenses,Payment,681,1025,
,Cash,,,,1025.00 Cr
16-09-2025,Wages Expenses A/C,Payment,682,7650,
,Cash,,,,7650.00 Cr
16-09-2025,Convence Expensece,Payment,683,2000,
,Cash,,,,2000.00 Cr
16-09-2025,Jai Bhawani Trading Company - Achrol,Receipt,603,,35770
,HDFC Bank,,,35770.00 Dr,
16-09-2025,Ishwar and Company Surajpool,Receipt,604,,92000
,HDFC Bank,,,92000.00 Dr,
16-09-2025,Ishwar and Company Surajpool,Receipt,605,,80000
,HDFC Bank,,,80000.00 Dr,
16-09-2025,Shri Shyam Baat Bhandar (Bad Ke Bala Ji ),Receipt,606,,17780
,HDFC Bank,,,17780.00 Dr,
16-09-2025,Maruti Trading Company Kalwar,Receipt,607,,50100
,HDFC Bank,,,50100.00 Dr,
16-09-2025,Godha Enterprises (Hingoniya),Receipt,608,,9000
,Cash,,,9000.00 Dr,
16-09-2025,Shyam Ji Yadav,Receipt,609,,9500
,Cash,,,9500.00 Dr,
16-09-2025,Vinayak Brothers - Renwal,Receipt,610,,91850
,HDFC Bank,,,91850.00 Dr,
16-09-2025,Shri Balaji Agro Industries - Muhana,Receipt,611,,27900
,HDFC Bank,,,27900.00 Dr,
16-09-2025,Lavik Traders,Sales,2814/25-26,61383,
,Sales Account,,,,61383.00 Cr
16-09-2025,Shri Shyam Baat Bhandar (Bad Ke Bala Ji ),Sales,2815/25-26,18148,
,Sales Account,,,,18148.00 Cr
16-09-2025,Giriraj Trading Company - Alwar,Sales,2816/25-26,79790,
,Sales Account,,,,79790.00 Cr
16-09-2025,Goyal Treders Fhagi,Sales,2817/25-26,85497,
,Sales Account,,,,85497.00 Cr
16-09-2025,Shiv Trading Comnay Vatika,Sales,2818/25-26,73845,
,Sales Account,,,,73845.00 Cr
16-09-2025,Agrasen Industries Jaitpura,Purchase,137,,55400
,Purchase Account,,,55400.00 Dr,
16-09-2025,DILIP UDYOUG,Purchase,138,,40986
,Purchase Account,,,40986.00 Dr,
17-09-2025,Tha Karnal Coop Sugar Mills Haryana,Payment,684,482764,
,HDFC Bank,,,,482764.00 Cr
17-09-2025,S M Sales Corporation  Jaipur,Payment,685,14165,
,HDFC Bank,,,,14165.00 Cr
17-09-2025,Wages Expenses A/C,Payment,686,7600,
,Cash,,,,7600.00 Cr
17-09-2025,Convence Expensece,Payment,687,2350,
,Cash,,,,2350.00 Cr
17-09-2025,Shri RamDev Enterprises - Masoda,Receipt,612,,264463
,Punjab National Bank - New,,,264463.00 Dr,
17-09-2025,Pashupati Trading Company,Receipt,613,,60000
,Punjab National Bank - New,,,60000.00 Dr,
17-09-2025,Godha Enterprises (Hingoniya),Receipt,614,,9000
,Cash,,,9000.00 Dr,
17-09-2025,Shyam Ji Yadav,Receipt,615,,9500
,Cash,,,9500.00 Dr,
18-09-2025,Khandelwal Bardana Bhandhar,Payment,688,10655,
,HDFC Bank,,,,10655.00 Cr
18-09-2025,Agrasen Industries Jaitpura,Payment,689,55400,
,HDFC Bank,,,,55400.00 Cr
18-09-2025,DILIP UDYOUG,Payment,690,40986,
,HDFC Bank,,,,40986.00 Cr
18-09-2025,Wages Expenses A/C,Payment,691,7650,
,Cash,,,,7650.00 Cr
18-09-2025,Tour & Travel,Payment,692,1800,
,Cash,,,,1800.00 Cr
18-09-2025,Godha Enterprises (Hingoniya),Receipt,616,,9000
,Cash,,,9000.00 Dr,
18-09-2025,Ranjeet Singh,Receipt,617,,9000
,Cash,,,9000.00 Dr,
18-09-2025,Shyam Ji Yadav,Receipt,618,,9500
,Cash,,,9500.00 Dr,
18-09-2025,Anjani Trading Company  -(Beawar),Receipt,619,,51716
,HDFC Bank,,,51716.00 Dr,
18-09-2025,SHRI BALAJI ENTERPRISES-TIGARIYA,Sales,2819/2025-2026,60488,
,Sales Account,,,,60488.00 Cr
18-09-2025,Ranjeet Singh,Sales,2820/25-26,16660,
,Sales Account,,,,16660.00 Cr
18-09-2025,Swastik Agro Industries Harayana,Purchase,139,,525220
,Purchase Account,,,525220.00 Dr,
18-09-2025,Tha Karnal Coop Sugar Mills Haryana,Purchase,140,,482764
,Purchase Account,,,459775.00 Dr,
,IGST-Tax,,,22989.00 Dr,
19-09-2025,Jaipur Packers - Rajasthan,Payment,693,155907,
,Punjab National Bank - New,,,,155907.00 Cr
19-09-2025,BUSINESS PROMOTION EXPENSES,Payment,694,44747,
,HDFC Bank,,,,44747.00 Cr
19-09-2025,Wages Expenses A/C,Payment,695,7550,
,Cash,,,,7550.00 Cr
19-09-2025,Pashupati Trading Company,Receipt,620,,3130
,Punjab National Bank - New,,,3130.00 Dr,
19-09-2025,Godha Enterprises (Hingoniya),Receipt,621,,27500
,HDFC Bank,,,27500.00 Dr,
19-09-2025,Godha Enterprises (Hingoniya),Receipt,622,,9000
,Cash,,,9000.00 Dr,
19-09-2025,Arihant  Kumar Rahul Kumar  Medta Seety - S,Receipt,623,,112458
,HDFC Bank,,,112458.00 Dr,
19-09-2025,Arihant  Kumar Rahul Kumar  Medta Seety - S,Receipt,624,,60465
,HDFC Bank,,,60465.00 Dr,
19-09-2025,Jain & Brothers - Muhana Mandi,Receipt,625,,45787
,HDFC Bank,,,45787.00 Dr,
19-09-2025,Lavik Traders,Receipt,626,,65558
,HDFC Bank,,,65558.00 Dr,
19-09-2025,Ranjeet Singh,Receipt,627,,7600
,Cash,,,7600.00 Dr,
19-09-2025,Shyam Ji Yadav,Receipt,628,,9500
,Cash,,,9500.00 Dr,
19-09-2025,Godha Enterprises (Hingoniya),Sales,2821/25-26,78500,
,Sales Account,,,,78500.00 Cr
20-09-2025,Wages Expenses A/C,Payment,696,7550,
,Cash,,,,7550.00 Cr
20-09-2025,Machinery Reparing,Payment,697,2250,
,Cash,,,,2250.00 Cr
20-09-2025,Giriraj Enterprises - Kalu Ka Baas,Receipt,629,,48576
,HDFC Bank,,,48576.00 Dr,
20-09-2025,Godha Enterprises (Hingoniya),Receipt,630,,6000
,Cash,,,6000.00 Dr,
20-09-2025,Shri Shyam Baat Bhandar (Bad Ke Bala Ji ),Receipt,631,,18148
,HDFC Bank,,,18148.00 Dr,
20-09-2025,Shyam Ji Yadav,Receipt,632,,9500
,Cash,,,9500.00 Dr,
20-09-2025,Shri Shyam Baat Bhandar (Bad Ke Bala Ji ),Sales,2822/25-26,18148,
,Sales Account,,,,18148.00 Cr
20-09-2025,Ganesh Pashuahar Chaksu,Sales,2823/25-26,95248,
,Sales Account,,,,95248.00 Cr
20-09-2025,Ishwar and Company Surajpool,Sales,2824/25-26,78750,
,Sales Account,,,,78750.00 Cr
20-09-2025,Shri Vaibhav Metacast Pvt Ltd Unit,Sales,2825/25-26,29400,
,Sales Account,,,,29400.00 Cr
20-09-2025,Rajendra Kumar Pawan Kumar Fhagi,Sales,2826/25-26,37357,
,Sales Account,,,,37357.00 Cr
20-09-2025,Shri Shyam Pulses Pvt  Ltd Rd No 15,Purchase,141,,50379
,Purchase Account,,,50379.00 Dr,
22-09-2025,Wages Expenses A/C,Payment,698,7600,
,Cash,,,,7600.00 Cr
22-09-2025,Convence Expensece,Payment,699,3000,
,Cash,,,,3000.00 Cr
22-09-2025,Balaji Indastrises  Didwana,Receipt,633,,63798
,HDFC Bank,,,63798.00 Dr,
22-09-2025,Cash,Receipt,634,,
22-09-2025,SHRI BALAJI ENTERPRISES-TIGARIYA,Receipt,635,,63030
,HDFC Bank,,,63030.00 Dr,
22-09-2025,Rajendra Kumar Pawan Kumar Fhagi,Receipt,636,,37357
,HDFC Bank,,,37357.00 Dr,
22-09-2025,Shyam Ji Yadav,Receipt,637,,6800
,Cash,,,6800.00 Dr,
22-09-2025,Dera Sachha Sodha,Receipt,638,,9000
,Cash,,,9000.00 Dr,
23-09-2025,Swastik Agro Industries Harayana,Payment,700,525220,
,HDFC Bank,,,,525220.00 Cr
23-09-2025,Wages Expenses A/C,Payment,701,7650,
,Cash,,,,7650.00 Cr
23-09-2025,Tour & Travel,Payment,702,1630,
,Cash,,,,1630.00 Cr
23-09-2025,Shiv Trading Comnay Vatika,Receipt,639,,73233
,HDFC Bank,,,73233.00 Dr,
23-09-2025,S K Dairy - Mukunpura,Receipt,640,,10000
,HDFC Bank,,,10000.00 Dr,
23-09-2025,Nakoda Trading Company  Nimbaheda,Receipt,641,,18000
,HDFC Bank,,,18000.00 Dr,
23-09-2025,Tarachand Ji -Yadav Khejroli,Receipt,642,,44900
,HDFC Bank,,,44900.00 Dr,
23-09-2025,Rakesh Kirana Store - Khejroli,Receipt,643,,32965
,HDFC Bank,,,32965.00 Dr,
23-09-2025,Dera Sachha Sodha,Receipt,644,,9000
,Cash,,,9000.00 Dr,
23-09-2025,Patel Enterprises  Rojda,Sales,2827/25-26,61900,
,Sales Account,,,,61900.00 Cr
23-09-2025,Nakoda Trading Company  Nimbaheda,Sales,2828/25-26,18000,
,Sales Account,,,,18000.00 Cr
23-09-2025,Sagar Feed Bilwada,Sales,2829/25-26,85530,
,Sales Account,,,,85530.00 Cr
23-09-2025,Shri Balaji Agro Industries - Muhana,Sales,2830/25-26,27094,
,Sales Account,,,,27094.00 Cr
23-09-2025,J.S. Packers - Jaipur,Purchase,142,,46640
,Purchase Account,,,39525.00 Dr,
,CGST-Tax,,,3557.50 Dr,
,SGST-Tax,,,3557.50 Dr,
23-09-2025,Bina Enterprises - Jaipur,Purchase,143,,199025
,Purchase Account,,,199025.00 Dr,
23-09-2025,Swastik Agro Industries Harayana,Purchase,144,,565003
,Purchase Account,,,565003.00 Dr,
24-09-2025,Mangal Treding Company Kukerkheda Mhandi,Payment,703,17666,
,Punjab National Bank - New,,,,17666.00 Cr
24-09-2025,Shri Shyam Pulses Pvt  Ltd Rd No 15,Payment,704,50379,
,HDFC Bank,,,,50379.00 Cr
24-09-2025,Shri Veer Enterprises Msinpuri  Up,Payment,705,542479,
,HDFC Bank,,,,542479.00 Cr
24-09-2025,Wages Expenses A/C,Payment,706,7600,
,Cash,,,,7600.00 Cr
24-09-2025,Office Expenses,Payment,707,2340,
,Cash,,,,2340.00 Cr
24-09-2025,Dera Sachha Sodha,Receipt,645,,9000
,Cash,,,9000.00 Dr,
24-09-2025,Shri Namokaar Trading Company,Receipt,646,,5000
,Cash,,,5000.00 Dr,
24-09-2025,Vinayak Brothers - Renwal,Sales,2831/25-26,94397,
,Sales Account,,,,94397.00 Cr
24-09-2025,Kedar Kirana Stor Benadamod,Sales,2832/25-26,50200,
,Sales Account,,,,50200.00 Cr
24-09-2025,Ankit Trading Company Fulera,Sales,2833/25-26,65283,
,Sales Account,,,,65283.00 Cr
24-09-2025,Tarachand Ji -Yadav Khejroli,Sales,2834/25-26,44900,
,Sales Account,,,,44900.00 Cr
24-09-2025,(cancelled),Sales,2509,,
25-09-2025,Swastik Agro Industries Harayana,Payment,708,565003,
,HDFC Bank,,,,565003.00 Cr
25-09-2025,Wages Expenses A/C,Payment,709,7650,
,Cash,,,,7650.00 Cr
25-09-2025,Car Repairing,Payment,710,2430,
,Cash,,,,2430.00 Cr
25-09-2025,KAMAL TRADING CO Dudu,Receipt,647,,65000
,HDFC Bank,,,65000.00 Dr,
25-09-2025,Goyal Treders Fhagi,Receipt,648,,86279
,HDFC Bank,,,86279.00 Dr,
25-09-2025,Dera Sachha Sodha,Receipt,649,,9000
,Cash,,,9000.00 Dr,
25-09-2025,Murlidhar Ji Yadav- Khejroli,Receipt,650,,9000
,Cash,,,9000.00 Dr,
25-09-2025,SHRI BALAJI ENTERPRISES-TIGARIYA,Sales,2836/2025-2026,21690,
,Sales Account,,,,21690.00 Cr
25-09-2025,Rambilas Ishwardas - Kukerkeda,Purchase,145,,17825
,Purchase Account,,,16976.00 Dr,
,CGST-Tax,,,424.50 Dr,
,SGST-Tax,,,424.50 Dr,
25-09-2025,S M Sales Corporation  Jaipur,Purchase,146,,13010
,Purchase Account,,,13010.00 Dr,
25-09-2025,Shri Astik Maharaj Traders Mainpuri Up,Purchase,147,,841056
,Purchase Account,,,841056.00 Dr,
25-09-2025,SHRI RAM INDUSTRIES  (PHULERA),Purchase,148,,190094
,Purchase Account,,,190094.00 Dr,
25-09-2025,Sunny Industries Sitapura Jaipur,Purchase,149,,38830
,Purchase Account,,,38830.00 Dr,
26-09-2025,Electricity and Water Expenses,Payment,711,3589,
,HDFC Bank,,,,3589.00 Cr
26-09-2025,Telephone Exp,Payment,712,1070,
,HDFC Bank,,,,1070.00 Cr
26-09-2025,SHRI RAM INDUSTRIES  (PHULERA),Payment,713,190094,
,HDFC Bank,,,,190094.00 Cr
26-09-2025,Wages Expenses A/C,Payment,714,7550,
,Cash,,,,7550.00 Cr
26-09-2025,S Kumar & Company - Navalgarh,Receipt,651,,50000
,HDFC Bank,,,50000.00 Dr,
26-09-2025,Shri Shyam Baat Bhandar (Bad Ke Bala Ji ),Receipt,652,,18148
,HDFC Bank,,,18148.00 Dr,
26-09-2025,Dera Sachha Sodha,Receipt,653,,9500
,Cash,,,9500.00 Dr,
26-09-2025,Maa Bhagwati Trading Company BANDIKUI,Receipt,654,,63897
,HDFC Bank,,,63897.00 Dr,
26-09-2025,Murlidhar Ji Yadav- Khejroli,Receipt,655,,9000
,Cash,,,9000.00 Dr,
26-09-2025,Shri Shyam Baat Bhandar (Bad Ke Bala Ji ),Sales,2837/2025-2026,18148,
,Sales Account,,,,18148.00 Cr
26-09-2025,Dinesh Baat Bhandar  (Dhabash),Sales,2838/25-26,12000,
,Sales Account,,,,12000.00 Cr
26-09-2025,Shyam Ji Yadav,Sales,2839/25-26,62550,
,Sales Account,,,,62550.00 Cr
26-09-2025,Priyanka Oil Mill Ganedi Dadu,Sales,2840/25-26,228552,
,Sales Account,,,,228552.00 Cr
,Loading Exp,,,,
26-09-2025,Arihant  Kumar Rahul Kumar  Medta Seety - S,Sales,2841/25-26,79506,
,Sales Account,,,,79506.00 Cr
26-09-2025,Anjani Trading Company  -(Beawar),Sales,2842/25-26,52608,
,Sales Account,,,,52608.00 Cr
27-09-2025,Wages Expenses A/C,Payment,715,7600,
,Cash,,,,7600.00 Cr
27-09-2025,Tour & Travel,Payment,716,2260,
,Cash,,,,2260.00 Cr
27-09-2025,Ranjeet Singh,Receipt,656,,9000
,Cash,,,9000.00 Dr,
27-09-2025,Dera Sachha Sodha,Receipt,657,,9400
,Cash,,,9400.00 Dr,
27-09-2025,Murlidhar Ji Yadav- Khejroli,Receipt,658,,2000
,Cash,,,2000.00 Dr,
27-09-2025,Ranjeet Singh,Sales,2843/2025-2026,16230,
,Sales Account,,,,16230.00 Cr
27-09-2025,KAMAL TRADING CO Dudu,Sales,2844/25-26,20600,
,Sales Account,,,,20600.00 Cr
27-09-2025,KAMAL TRADING CO Dudu,Sales,2845/25-26,45900,
,Sales Account,,,,45900.00 Cr
27-09-2025,Ishwar and Company Surajpool,Sales,2846/25-26,58275,
,Sales Account,,,,58275.00 Cr
28-09-2025,Balaji Trading  Company  - Lalshot,Sales,2847/25-26,62415,
,Sales Account,,,,62415.00 Cr
29-09-2025,Sunny Industries Sitapura Jaipur,Payment,717,38830,
,Punjab National Bank - New,,,,38830.00 Cr
29-09-2025,Car Loan - Hyrider,Payment,718,48357,
,Punjab National Bank - New,,,,48357.00 Cr
29-09-2025,J.S. Packers - Jaipur,Payment,719,29480,
,HDFC Bank,,,,29480.00 Cr
29-09-2025,Wages Expenses A/C,Payment,720,7650,
,Cash,,,,7650.00 Cr
29-09-2025,Convence Expensece,Payment,721,3100,
,Cash,,,,3100.00 Cr
29-09-2025,Ganesh Pashuahar Chaksu,Receipt,659,,200000
,HDFC Bank,,,200000.00 Dr,
29-09-2025,Shri Balaji Agro Industries - Muhana,Receipt,660,,27544
,HDFC Bank,,,27544.00 Dr,
29-09-2025,Ranjeet Singh,Receipt,661,,7230
,Cash,,,7230.00 Dr,
29-09-2025,Krishna Baat Bhandhar- Sirsi Mode,Sales,2848/25-26,17000,
,Sales Account,,,,17000.00 Cr
29-09-2025,"Kailash Chand Deen Dayal - Kasera, Shreemodhopur",Sales,2849/25-26,70083,
,Sales Account,,,,70083.00 Cr
29-09-2025,Dera Sachha Sodha,Sales,2850/25-26,54900,
,Sales Account,,,,54900.00 Cr
30-09-2025,Machinery Reparing,Payment,722,1865,
,Punjab National Bank - New,,,,1865.00 Cr
30-09-2025,Rambilas Ishwardas - Kukerkeda,Payment,723,17825,
,Punjab National Bank - New,,,,17825.00 Cr
30-09-2025,S M Sales Corporation  Jaipur,Payment,724,13010,
,Punjab National Bank - New,,,,13010.00 Cr
30-09-2025,Wages Expenses A/C,Payment,725,7550,
,Cash,,,,7550.00 Cr
30-09-2025,Tour & Travel,Payment,726,2000,
,Cash,,,,2000.00 Cr
30-09-2025,Vinayak Brothers - Renwal,Receipt,662,,93700
,HDFC Bank,,,93700.00 Dr,
30-09-2025,Greenfield,Receipt,663,,182000
,HDFC Bank,,,182000.00 Dr,
30-09-2025,Discount Given,Journal,12,1160,
,Greenfield,,,,1160.00 Cr
30-09-2025,Bina Enterprises - Jaipur,Purchase,150,,162427
,Purchase Account,,,162427.00 Dr,
30-09-2025,Vetkind Animal Health India,Purchase,151,,17500
,Purchase Account,,,17500.00 Dr,
30-09-2025,Vetkind Animal Health India,Purchase,152,,24000
,Purchase Account,,,24000.00 Dr,
30-09-2025,Vetkind Animal Health India,Purchase,153,,30375
,Purchase Account,,,30375.00 Dr,
01-10-2025,Shri Astik Maharaj Traders Mainpuri Up,Payment,727,837736,
,HDFC Bank,,,,837736.00 Cr
01-10-2025,Wages Expenses A/C,Payment,728,7600,
,Cash,,,,7600.00 Cr
01-10-2025,Office Expenses,Payment,729,800,
,Cash,,,,800.00 Cr
01-10-2025,Tour & Travel,Payment,730,1860,
,Cash,,,,1860.00 Cr
01-10-2025,Bina Enterprises - Jaipur,Payment,731,162497,
,Punjab National Bank - New,,,,162497.00 Cr
01-10-2025,Bina Enterprises - Jaipur,Payment,732,197025,
,Punjab National Bank - New,,,,197025.00 Cr
01-10-2025,Choudhary Pashu Aahar  Parbatsar,Receipt,664,,40000
,HDFC Bank,,,40000.00 Dr,
01-10-2025,Ganesh Pashuahar Chaksu,Receipt,665,,250000
,HDFC Bank,,,250000.00 Dr,
01-10-2025,Dugya Cattle Feed - Muhana,Receipt,666,,72100
,HDFC Bank,,,72100.00 Dr,
01-10-2025,Ishwar and Company Surajpool,Receipt,667,,44800
,Ishwar and Company Surajpool,,,,80000.00 Cr
,HDFC Bank,,,124800.00 Dr,
01-10-2025,"Kailash Chand Deen Dayal - Kasera, Shreemodhopur",Receipt,668,,69865
,Punjab National Bank - New,,,69865.00 Dr,
01-10-2025,(cancelled),Journal,13,,
01-10-2025,Babulal Ji Yadav - Mahaswas,Sales,2851/25-26,78000,
,Sales Account,,,,78000.00 Cr
01-10-2025,G.K.N - Industries,Sales,2852/25-26,64150,
,Sales Account,,,,64150.00 Cr
01-10-2025,DILIP UDYOUG,Purchase,154,,40986
,Purchase Account,,,40986.00 Dr,
02-10-2025,Wages Expenses A/C,Payment,733,7650,
,Cash,,,,7650.00 Cr
02-10-2025,Machinery Reparing,Payment,734,1950,
,Cash,,,,1950.00 Cr
02-10-2025,Shri Shyam Baat Bhandar (Bad Ke Bala Ji ),Receipt,669,,18148
,HDFC Bank,,,18148.00 Dr,
02-10-2025,Manish Trandig Company,Receipt,670,,9000
,Cash,,,9000.00 Dr,
02-10-2025,Lavik Traders,Receipt,671,,61393
,HDFC Bank,,,61393.00 Dr,
02-10-2025,Dugya Cattle Feed - Muhana,Sales,2854/25-26,60464,
,Sales Account,,,,60464.00 Cr
02-10-2025,Shri Shyam Baat Bhandar (Bad Ke Bala Ji ),Sales,2855/25-26,13458,
,Sales Account,,,,13458.00 Cr
02-10-2025,Ishwar and Company Surajpool,Sales,2853/25-26,94500,
,Sales Account,,,,94500.00 Cr
02-10-2025,Jain & Brothers - Muhana Mandi,Sales,2856/25-26,62717,
,Sales Account,,,,62717.00 Cr
02-10-2025,Giriraj Enterprises - Kalu Ka Baas,Sales,2857/25-26,51172,
,Sales Account,,,,51172.00 Cr
02-10-2025,Choudhary Pashu Aahar  Parbatsar,Sales,2858/25-26,80760,
,Sales Account,,,,80760.00 Cr
03-10-2025,Office Expenses,Payment,735,2250,
,Cash,,,,2250.00 Cr
03-10-2025,Wages Expenses A/C,Payment,736,7550,
,Cash,,,,7550.00 Cr
03-10-2025,J.S. Packers - Jaipur,Payment,737,20076,
,Punjab National Bank - New,,,,20076.00 Cr
03-10-2025,Balaji Trading  Company  - Lalshot,Receipt,672,,62415
,HDFC Bank,,,62415.00 Dr,
03-10-2025,Choudhary Pashu Aahar  Parbatsar,Receipt,673,,25625
,HDFC Bank,,,25625.00 Dr,
03-10-2025,(cancelled),Receipt,674,,
03-10-2025,Anjani Trading Company  -(Beawar),Receipt,675,,52608
,HDFC Bank,,,52608.00 Dr,
03-10-2025,Ratan Lal and Company     Khejroli,Receipt,676,,64732
,HDFC Bank,,,64732.00 Dr,
03-10-2025,Sagar Feed Bilwada,Receipt,677,,85350
,HDFC Bank,,,85350.00 Dr,
03-10-2025,Manish Trandig Company,Receipt,678,,9000
,Cash,,,9000.00 Dr,
03-10-2025,Navin Pashu Aahar   Malpura Rood Mandi Ke Samne,Receipt,679,,4000
,HDFC Bank,,,4000.00 Dr,
03-10-2025,Discount Given,Journal,14,180,
,Sagar Feed Bilwada,,,,180.00 Cr
03-10-2025,Khandelwal Kirana  Store - Nindar,Sales,2859/2025-2026,25800,
,Sales Account,,,,25800.00 Cr
03-10-2025,Cash,Sales,2860/25-26,4000,
,Sales Account,,,,4000.00 Cr
03-10-2025,Shri Balaji Agro Industries - Muhana,Sales,2861/25-26,28770,
,Sales Account,,,,28770.00 Cr
03-10-2025,Arihant  Kumar Rahul Kumar  Medta Seety - S,Sales,2862/25-26,117000,
,Sales Account,,,,117000.00 Cr
04-10-2025,Vetkind Animal Health India,Payment,738,176000,
,HDFC Bank,,,,176000.00 Cr
04-10-2025,DILIP UDYOUG,Payment,739,40986,
,HDFC Bank,,,,40986.00 Cr
04-10-2025,Insurance Exp,Payment,740,8998,
,HDFC Bank,,,,8998.00 Cr
04-10-2025,Wages Expenses A/C,Payment,741,7400,
,Cash,,,,7400.00 Cr
04-10-2025,Tour & Travel,Payment,742,1500,
,Cash,,,,1500.00 Cr
04-10-2025,Blue Diamond Food Production,Receipt,680,,10000
,HDFC Bank,,,10000.00 Dr,
04-10-2025,Kharwash Trading Company (Muhana ),Receipt,681,,255419
,HDFC Bank,,,255419.00 Dr,
04-10-2025,Manish Trandig Company,Receipt,682,,7500
,Cash,,,7500.00 Dr,
04-10-2025,Krishna Baat Bhandhar- Sirsi Mode,Receipt,683,,9000
,Cash,,,9000.00 Dr,
04-10-2025,Discount Given,Journal,15,9000,
,Kharwash Trading Company (Muhana ),,,,9000.00 Cr
04-10-2025,Shri Shyam Baat Bhandar (Bad Ke Bala Ji ),Sales,2863/25-26,9380,
,Sales Account,,,,9380.00 Cr
04-10-2025,Ankit Trading Company Fulera,Sales,2864/25-26,46053,
,Sales Account,,,,46053.00 Cr
04-10-2025,Shri Ram Cattle Feed  Industrises Jaitpura,Purchase,155,,82170
,Purchase Account,,,82170.00 Dr,
05-10-2025,Shri Shyam Baat Bhandar (Bad Ke Bala Ji ),Receipt,684,,13458
,HDFC Bank,,,13458.00 Dr,
05-10-2025,Krishna Baat Bhandhar- Sirsi Mode,Receipt,685,,8000
,Cash,,,8000.00 Dr,
05-10-2025,Ramnarayan  Girraj Jaipur,Receipt,686,,7200
,Cash,,,7200.00 Dr,
05-10-2025,Vinayak Brothers - Renwal,Sales,2865/25-26,92500,
,Sales Account,,,,92500.00 Cr
06-10-2025,BUSINESS PROMOTION EXPENSES,Payment,743,31801,
,HDFC Bank,,,,31801.00 Cr
06-10-2025,Wages Expenses A/C,Payment,744,7650,
,Cash,,,,7650.00 Cr
06-10-2025,Convence Expensece,Payment,745,3010,
,Cash,,,,3010.00 Cr
06-10-2025,G.K.N - Industries,Receipt,687,,57789
,HDFC Bank,,,57789.00 Dr,
06-10-2025,Shri Shyam Baat Bhandar (Bad Ke Bala Ji ),Sales,2866/25-26,17535,
,Sales Account,,,,17535.00 Cr
06-10-2025,Shri Shyam Treding Company Khejroli,Sales,2867/25-26,78000,
,Sales Account,,,,78000.00 Cr
06-10-2025,Sehri Agro Oils Pvt Ltd  Kukar Kheda Mandi,Purchase,156,,31902
,Purchase Account,,,30376.00 Dr,
,CGST-Tax,,,763.00 Dr,
,SGST-Tax,,,763.00 Dr,
06-10-2025,Sehri Agro Oils Pvt Ltd  Kukar Kheda Mandi,Purchase,157,,17300
,Purchase Account,,,17300.00 Dr,
06-10-2025,S M Sales Corporation  Jaipur,Purchase,158,,14014
,Purchase Account,,,14014.00 Dr,
07-10-2025,Shri Ram Cattle Feed  Industrises Jaitpura,Payment,746,82170,
,HDFC Bank,,,,82170.00 Cr
07-10-2025,Wages Expenses A/C,Payment,747,7550,
,Cash,,,,7550.00 Cr
07-10-2025,Office Expenses,Payment,748,2650,
,Cash,,,,2650.00 Cr
07-10-2025,Nilesh Kumar Khandelwal,Payment,749,9500,
,Vijay Kumar Khandelwal,,,9500.00 Dr,
,Priyanka Devi Khandelwal,,,9500.00 Dr,
,Vishnu Gupta,,,9500.00 Dr,
,Nitesh,,,9500.00 Dr,
,Pradeep Kumar Gupta,,,9500.00 Dr,
,Raju Lal Ji,,,9500.00 Dr,
,Raju Mistri,,,9500.00 Dr,
,Cash,,,,76000.00 Cr
07-10-2025,Shri Hari Shanker Khandelwal,Payment,750,9000,
,Cash,,,,9000.00 Cr
07-10-2025,S Kumar & Company - Navalgarh,Receipt,688,,50000
,HDFC Bank,,,50000.00 Dr,
07-10-2025,Jain & Brothers - Muhana Mandi,Receipt,689,,62717
,HDFC Bank,,,62717.00 Dr,
07-10-2025,SHRI BALAJI ENTERPRISES-TIGARIYA,Receipt,690,,68745
,HDFC Bank,,,68745.00 Dr,
07-10-2025,Arihant  Kumar Rahul Kumar  Medta Seety - S,Receipt,691,,117000
,HDFC Bank,,,117000.00 Dr,
07-10-2025,Arihant  Kumar Rahul Kumar  Medta Seety - S,Receipt,692,,79506
,HDFC Bank,,,79506.00 Dr,
07-10-2025,Ranjeet Singh,Receipt,693,,9800
,Cash,,,9800.00 Dr,
07-10-2025,Ranjeet Singh,Sales,2868/25-26,19960,
,Sales Account,,,,19960.00 Cr
07-10-2025,Prakash Enterprises - Phulera,Sales,2869/25-26,82740,
,Sales Account,,,,82740.00 Cr
07-10-2025,Ganesh Pashuahar Chaksu,Sales,2870/25-26,93630,
,Sales Account,,,,93630.00 Cr
,Loading Exp,,,,
07-10-2025,Arihant  Kumar Rahul Kumar  Medta Seety - S,Sales,2871/25-26,92045,
,Sales Account,,,,92045.00 Cr
07-10-2025,Shri Chand Pasu Aahar Malpura,Sales,2872/25-26,92160,
,Sales Account,,,,92160.00 Cr
07-10-2025,Jaipur Packers - Rajasthan,Purchase,159,,35160
,Purchase Account,,,29797.00 Dr,
,CGST-Tax,,,2681.50 Dr,
,SGST-Tax,,,2681.50 Dr,
08-10-2025,Telephone Exp,Payment,751,1070,
,HDFC Bank,,,,1070.00 Cr
08-10-2025,Tour & Travel,Payment,752,4454,
,Cash,,,,4454.00 Cr
08-10-2025,Wages Expenses A/C,Payment,753,7600,
,Cash,,,,7600.00 Cr
08-10-2025,Nilesh Kumar Khandelwal,Payment,754,9500,
,Vijay Kumar Khandelwal,,,9500.00 Dr,
,Priyanka Devi Khandelwal,,,9500.00 Dr,
,Pradeep Kumar Gupta,,,8000.00 Dr,
,Raju Lal Gupta,,,4500.00 Dr,
,Vishnu Gupta,,,9500.00 Dr,
,Nitesh,,,9500.00 Dr,
,Raju Mistri,,,4000.00 Dr,
,Cash,,,,64000.00 Cr
08-10-2025,Shri Shyam Baat Bhandar (Bad Ke Bala Ji ),Receipt,694,,9380
,HDFC Bank,,,9380.00 Dr,
08-10-2025,Ranjeet Singh,Receipt,695,,9000
,Cash,,,9000.00 Dr,
08-10-2025,SHRI BALAJI ENTERPRISES-TIGARIYA,Sales,2873/25-26,67965,
,Sales Account,,,,67965.00 Cr
09-10-2025,Electricity and Water Expenses,Payment,755,79248,
,HDFC Bank,,,,79248.00 Cr
09-10-2025,S M Sales Corporation  Jaipur,Payment,756,14014,
,HDFC Bank,,,,14014.00 Cr
09-10-2025,Wages Expenses A/C,Payment,757,7150,
,Cash,,,,7150.00 Cr
09-10-2025,Printing & Stationary,Payment,758,2190,
,Cash,,,,2190.00 Cr
09-10-2025,Ranjeet Singh,Receipt,696,,1160
,Cash,,,1160.00 Dr,
09-10-2025,Vikas Trading Company,Sales,2874/25-26,73070,
,Sales Account,,,,73070.00 Cr
09-10-2025,GRIPWEL ENTERPRISES PVT LTD,Purchase,160,,39606
,Purchase Account,,,37720.00 Dr,
,CGST-Tax,,,943.00 Dr,
,SGST-Tax,,,943.00 Dr,
10-10-2025,Wages Expenses A/C,Payment,759,7600,
,Cash,,,,7600.00 Cr
10-10-2025,Tour & Travel,Payment,760,2030,
,Cash,,,,2030.00 Cr
10-10-2025,Blue Diamond Food Production,Receipt,697,,10000
,HDFC Bank,,,10000.00 Dr,
10-10-2025,Shiv Trading Comnay Vatika,Receipt,698,,71745
,HDFC Bank,,,71745.00 Dr,
10-10-2025,Shri Shyam Baat Bhandar (Bad Ke Bala Ji ),Receipt,699,,17535
,HDFC Bank,,,17535.00 Dr,
10-10-2025,Mehta Baat Bhandhar - GovindPura,Receipt,700,,56160
,HDFC Bank,,,56160.00 Dr,
10-10-2025,Shri Vaibhav Metacast Pvt Ltd Unit,Receipt,701,,29400
,HDFC Bank,,,29400.00 Dr,
10-10-2025,Giriraj Trading Company - Alwar,Receipt,702,,40000
,Punjab National Bank - New,,,40000.00 Dr,
10-10-2025,Uttam Agencies Sambriya,Receipt,703,,50312
,Punjab National Bank - New,,,50312.00 Dr,
10-10-2025,Shri Shyam Baat Bhandar (Bad Ke Bala Ji ),Sales,2875/25-26,17976,
,Sales Account,,,,17976.00 Cr
10-10-2025,Shiv Trading Comnay Vatika,Sales,2876/25-26,76980,
,Sales Account,,,,76980.00 Cr
10-10-2025,Anjani Trading Company  -(Beawar),Sales,2877/25-26,86788,
,Sales Account,,,,86788.00 Cr
10-10-2025,Mr Traders Farrukhabad Up,Purchase,161,,527660
,Purchase Account,,,527660.00 Dr,
11-10-2025,BUSINESS PROMOTION EXPENSES,Payment,761,31801,
,HDFC Bank,,,,31801.00 Cr
11-10-2025,Ajay Kumar,Payment,762,15000,
,HDFC Bank,,,,15000.00 Cr
11-10-2025,Wages Expenses A/C,Payment,763,7500,
,Cash,,,,7500.00 Cr
11-10-2025,Machinery Reparing,Payment,764,2860,
,Cash,,,,2860.00 Cr
11-10-2025,Prakash Enterprises - Phulera,Receipt,704,,72500
,Punjab National Bank - New,,,72500.00 Dr,
11-10-2025,Shiv Shanker Baat Bhandhar - Ramkutiya,Receipt,705,,9000
,Cash,,,9000.00 Dr,
11-10-2025,Love General Stor    Tunga,Receipt,706,,25000
,HDFC Bank,,,25000.00 Dr,
11-10-2025,Ishwar and Company Surajpool,Sales,2878/25-26,102375,
,Sales Account,,,,102375.00 Cr
11-10-2025,Lavik Traders,Sales,2879/25-26,52910,
,Sales Account,,,,52910.00 Cr
11-10-2025,Shri Vaibhav Metacast Pvt Ltd Unit,Sales,2880/25-26,30100,
,Sales Account,,,,30100.00 Cr
12-10-2025,KAMAL TRADING CO Dudu,Receipt,707,,60000
,HDFC Bank,,,60000.00 Dr,
12-10-2025,Shri Shyam Treding Company Khejroli,Sales,2881/25-26,77250,
,Sales Account,,,,77250.00 Cr
12-10-2025,DILIP UDYOUG,Purchase,162,,40986
,Purchase Account,,,40986.00 Dr,
12-10-2025,Agrasen Industries Jaitpura,Purchase,163,,49088
,Purchase Account,,,49088.00 Dr,
12-10-2025,Agrasen Industries Jaitpura,Purchase,164,,46304
,Purchase Account,,,46304.00 Dr,
12-10-2025,Agrasen Industries Jaitpura,Purchase,165,,46120
,Purchase Account,,,46120.00 Dr,
13-10-2025,Wages Expenses A/C,Payment,765,7650,
,Cash,,,,7650.00 Cr
13-10-2025,Office Expenses,Payment,766,1960,
,Cash,,,,1960.00 Cr
13-10-2025,Machinery Reparing,Payment,767,734,
,Cash,,,,734.00 Cr
13-10-2025,Shiv Shanker Baat Bhandhar - Ramkutiya,Receipt,708,,9000
,Cash,,,9000.00 Dr,
13-10-2025,Anjani Trading Company  -(Beawar),Receipt,709,,86788
,HDFC Bank,,,86788.00 Dr,
13-10-2025,Ranjeet Singh,Receipt,710,,9000
,Cash,,,9000.00 Dr,
13-10-2025,Shri Shyam Baat Bhandar (Bad Ke Bala Ji ),Sales,2882/2025-2026,14070,
,Sales Account,,,,14070.00 Cr
13-10-2025,Ranjeet Singh,Sales,2883/25-26,18090,
,Sales Account,,,,18090.00 Cr
13-10-2025,Balaji Trading  Company  - Lalshot,Sales,2884,53912,
,Sales Account,,,,53912.00 Cr
13-10-2025,Pashupati Trading Company,Sales,2885/25-26,65380,
,Sales Account,,,,65380.00 Cr
13-10-2025,Ganesh Pashuahar Chaksu,Sales,2886/25-26,141335,
,Sales Account,,,,141335.00 Cr
14-10-2025,Wages Expenses A/C,Payment,768,7600,
,Cash,,,,7600.00 Cr
14-10-2025,Tour & Travel,Payment,769,2000,
,Cash,,,,2000.00 Cr
14-10-2025,Convence Expensece,Payment,770,3000,
,Cash,,,,3000.00 Cr
14-10-2025,Balaji Trading  Company  - Lalshot,Receipt,711,,53912
,HDFC Bank,,,53912.00 Dr,
14-10-2025,Pashupati Trading Company,Receipt,712,,60975
,Punjab National Bank - New,,,60975.00 Dr,
14-10-2025,Ranjeet Singh,Receipt,713,,9090
,Cash,,,9090.00 Dr,
14-10-2025,Shiv Shanker Baat Bhandhar - Ramkutiya,Receipt,714,,7000
,Cash,,,7000.00 Dr,
14-10-2025,Discount Given,Journal,16,975,
,Pashupati Trading Company,,,,975.00 Cr
14-10-2025,Rakesh Kirana Store - Khejroli,Sales,2887/25-26,37925,
,Sales Account,,,,37925.00 Cr
14-10-2025,Shri Balaji Agro Industries - Muhana,Sales,2888/25-26,70030,
,Sales Account,,,,70030.00 Cr
14-10-2025,G.K.N - Industries,Sales,2889/25-26,44330,
,Sales Account,,,,44330.00 Cr
15-10-2025,Sehri Agro Oils Pvt Ltd  Kukar Kheda Mandi,Payment,771,49202,
,HDFC Bank,,,,49202.00 Cr
15-10-2025,Wages Expenses A/C,Payment,772,7170,
,Cash,,,,7170.00 Cr
15-10-2025,Printing & Stationary,Payment,773,3571,
,Cash,,,,3571.00 Cr
15-10-2025,Machinery Reparing,Payment,774,1050,
,Cash,,,,1050.00 Cr
15-10-2025,Shri Shyam Baat Bhandar (Bad Ke Bala Ji ),Receipt,715,,17976
,HDFC Bank,,,17976.00 Dr,
15-10-2025,Vikas Trading Company,Receipt,716,,73070
,HDFC Bank,,,73070.00 Dr,
15-10-2025,Choudhary Pashu Aahar  Parbatsar,Receipt,717,,40000
,HDFC Bank,,,40000.00 Dr,
15-10-2025,Vinayak Genral Stor Ranwal,Receipt,718,,24678
,HDFC Bank,,,24678.00 Dr,
15-10-2025,G.K.N - Industries,Receipt,719,,61945
,HDFC Bank,,,61945.00 Dr,
15-10-2025,Ankit Trading Company Fulera,Receipt,720,,65436
,HDFC Bank,,,65436.00 Dr,
15-10-2025,Babulal Ji Yadav - Mahaswas,Receipt,721,,78600
,HDFC Bank,,,78600.00 Dr,
15-10-2025,Jain & Brothers - Muhana Mandi,Sales,2890/25-26,62717,
,Sales Account,,,,62717.00 Cr
15-10-2025,Manish Trandig Company,Sales,2891/25-26,57150,
,Sales Account,,,,57150.00 Cr
15-10-2025,Shri Shyam Baat Bhandar (Bad Ke Bala Ji ),Sales,2892/25-26,13458,
,Sales Account,,,,13458.00 Cr
15-10-2025,Uttam Agencies Sambriya,Sales,2893/25-26,51020,
,Sales Account,,,,51020.00 Cr
15-10-2025,Bina Enterprises - Jaipur,Purchase,166,,281157
,Purchase Account,,,281157.00 Dr,
15-10-2025,GRIPWEL ENTERPRISES PVT LTD,Purchase,167,,39739
,Purchase Account,,,37847.00 Dr,
,CGST-Tax,,,946.00 Dr,
,SGST-Tax,,,946.00 Dr,
16-10-2025,GRIPWEL ENTERPRISES PVT LTD,Payment,775,39739,
,HDFC Bank,,,,39739.00 Cr
16-10-2025,Wages Expenses A/C,Payment,776,7700,
,Cash,,,,7700.00 Cr
16-10-2025,Tour & Travel,Payment,777,2340,
,Cash,,,,2340.00 Cr
16-10-2025,Mithlesh Cattle Feed,Receipt,722,,15000
,HDFC Bank,,,15000.00 Dr,
16-10-2025,Anukumar Mukesh Kumar Malpura,Receipt,723,,45800
,Punjab National Bank - New,,,45800.00 Dr,
16-10-2025,Vinayak Brothers - Renwal,Sales,2894/25-26,94300,
,Sales Account,,,,94300.00 Cr
16-10-2025,Maruti Trading Company Kalwar,Sales,2895/25-26,57960,
,Sales Account,,,,57960.00 Cr
16-10-2025,Harsit Kotari,Sales,2896/25-26,215680,
,Sales Account,,,,215680.00 Cr
17-10-2025,BUSINESS PROMOTION EXPENSES,Payment,778,2435,
,HDFC Bank,,,,2435.00 Cr
17-10-2025,Bina Enterprises - Jaipur,Payment,779,281157,
,HDFC Bank,,,,281157.00 Cr
17-10-2025,Mr Traders Farrukhabad Up,Payment,780,525660,
,HDFC Bank,,,,525660.00 Cr
17-10-2025,Agrasen Industries Jaitpura,Payment,781,141190,
,HDFC Bank,,,,141190.00 Cr
17-10-2025,GRIPWEL ENTERPRISES PVT LTD,Payment,782,39606,
,HDFC Bank,,,,39606.00 Cr
17-10-2025,DILIP UDYOUG,Payment,783,40986,
,HDFC Bank,,,,40986.00 Cr
17-10-2025,Wages Expenses A/C,Payment,784,7600,
,Cash,,,,7600.00 Cr
17-10-2025,Convence Expensece,Payment,785,2300,
,Cash,,,,2300.00 Cr
17-10-2025,Machinery Reparing,Payment,786,41160,
,Punjab National Bank - New,,,,41160.00 Cr
17-10-2025,Shri Shyam Baat Bhandar (Bad Ke Bala Ji ),Receipt,724,,14070
,HDFC Bank,,,14070.00 Dr,
17-10-2025,Tarachand Ji -Yadav Khejroli,Receipt,725,,44900
,HDFC Bank,,,44900.00 Dr,
17-10-2025,Ankit Trading Company Fulera,Receipt,726,,46278
,HDFC Bank,,,46278.00 Dr,
17-10-2025,Shyam Ji Yadav,Sales,2897/25-26,11000,
,Sales Account,,,,11000.00 Cr
17-10-2025,Tarachand Ji -Yadav Khejroli,Sales,2898/25-26,49400,
,Sales Account,,,,49400.00 Cr
17-10-2025,Lavik Traders,Sales,2899/25-26,44500,
,Sales Account,,,,44500.00 Cr
17-10-2025,Anukumar Mukesh Kumar Malpura,Sales,2900/25-26,83530,
,Sales Account,,,,83530.00 Cr
18-10-2025,Wages Expenses A/C,Payment,787,7650,
,Cash,,,,7650.00 Cr
18-10-2025,Printing & Stationary,Payment,788,1980,
,Cash,,,,1980.00 Cr
18-10-2025,SHRI BALAJI ENTERPRISES-TIGARIYA,Receipt,727,,68990
,HDFC Bank,,,68990.00 Dr,
18-10-2025,Ranjeet Singh,Receipt,728,,9600
,Cash,,,9600.00 Dr,
18-10-2025,Jaipur Agro Tech Surajpole Mandi,Sales,2901/25-26,78750,
,Sales Account,,,,78750.00 Cr
18-10-2025,Shri Shyam Baat Bhandar (Bad Ke Bala Ji ),Sales,2902/25-26,19000,
,Sales Account,,,,19000.00 Cr
18-10-2025,Jaipur Agro Tech Surajpole Mandi,Sales,2903/25-26,27562,
,Sales Account,,,,27562.00 Cr
18-10-2025,Shri Balaji Agro Industries - Muhana,Sales,2904/25-26,26400,
,Sales Account,,,,26400.00 Cr
18-10-2025,Balaji Indastrises  Didwana,Sales,2905/25-26,66090,
,Sales Account,,,,66090.00 Cr
18-10-2025,R K Indeastrises  Nani Sikar,Sales,2906/25-26,189090,
,Sales Account,,,,189090.00 Cr
18-10-2025,S M Sales Corporation  Jaipur,Purchase,168,,1301
,Purchase Account,,,1301.00 Dr,
18-10-2025,Khandelwal Bardana Bhandhar,Purchase,169,,10815
,Purchase Account,,,10300.00 Dr,
,CGST-Tax,,,257.50 Dr,
,SGST-Tax,,,257.50 Dr,
19-10-2025,Arihant  Kumar Rahul Kumar  Medta Seety - S,Receipt,729,,91306
,HDFC Bank,,,91306.00 Dr,
19-10-2025,Ranjeet Singh,Sales,2907/25-26,19100,
,Sales Account,,,,19100.00 Cr
19-10-2025,Arihant  Kumar Rahul Kumar  Medta Seety - S,Sales,2908/25-26,211381,
,Sales Account,,,,211381.00 Cr
19-10-2025,KAMAL TRADING CO Dudu,Sales,2909/25-26,71950,
,Sales Account,,,,71950.00 Cr
20-10-2025,Wages Expenses A/C,Payment,789,7500,
,Cash,,,,7500.00 Cr
20-10-2025,Tour & Travel,Payment,790,1950,
,Cash,,,,1950.00 Cr
20-10-2025,Shri Shyam Baat Bhandar (Bad Ke Bala Ji ),Receipt,730,,13458
,HDFC Bank,,,13458.00 Dr,
20-10-2025,Ranjeet Singh,Receipt,731,,9500
,Cash,,,9500.00 Dr,
20-10-2025,Godha Enterprises (Hingoniya),Receipt,732,,9500
,Cash,,,9500.00 Dr,
20-10-2025,Shri Shyam Baat Bhandar (Bad Ke Bala Ji ),Sales,2910/25-26,13090,
,Sales Account,,,,13090.00 Cr
21-10-2025,Office Expenses,Payment,791,3640,
,Cash,,,,3640.00 Cr
21-10-2025,Bonus - Yearly,Payment,792,31900,
,Cash,,,,31900.00 Cr
21-10-2025,Choudhary Pashu Aahar  Parbatsar,Receipt,733,,43675
,HDFC Bank,,,43675.00 Dr,
21-10-2025,Godha Enterprises (Hingoniya),Receipt,734,,9500
,Cash,,,9500.00 Dr,
22-10-2025,Rakesh Kirana Store - Khejroli,Receipt,735,,47406
,HDFC Bank,,,47406.00 Dr,
22-10-2025,Khandelwal Kirana  Store - Nindar,Receipt,736,,9000
,Cash,,,9000.00 Dr,
22-10-2025,Godha Enterprises (Hingoniya),Receipt,737,,9500
,Cash,,,9500.00 Dr,
23-10-2025,Wages Expenses A/C,Payment,793,7650,
,Cash,,,,7650.00 Cr
23-10-2025,Shri Shyam Baat Bhandar (Bad Ke Bala Ji ),Receipt,738,,19000
,HDFC Bank,,,19000.00 Dr,
23-10-2025,Ganesh Pashuahar Chaksu,Receipt,739,,200000
,HDFC Bank,,,200000.00 Dr,
23-10-2025,Jain & Brothers - Muhana Mandi,Receipt,740,,62717
,HDFC Bank,,,62717.00 Dr,
23-10-2025,Khandelwal Kirana  Store - Nindar,Receipt,741,,9000
,Cash,,,9000.00 Dr,
23-10-2025,Godha Enterprises (Hingoniya),Receipt,742,,9500
,Cash,,,9500.00 Dr,
23-10-2025,G.K.N - Industries,Sales,2911/25-26,47992,
,Sales Account,,,,47992.00 Cr
23-10-2025,Abhishek Treding Company  Fathenegar,Sales,2912/25-26,253000,
,Sales Account,,,,253000.00 Cr
23-10-2025,Shri Ram Cattle Feed  Industrises Jaitpura,Purchase,170,,80400
,Purchase Account,,,80400.00 Dr,
24-10-2025,BUSINESS PROMOTION EXPENSES,Payment,794,31300,
,HDFC Bank,,,,31300.00 Cr
24-10-2025,Khandelwal Bardana Bhandhar,Payment,795,10815,
,HDFC Bank,,,,10815.00 Cr
24-10-2025,Wages Expenses A/C,Payment,796,7100,
,Cash,,,,7100.00 Cr
24-10-2025,Tour & Travel,Payment,797,3000,
,Cash,,,,3000.00 Cr
24-10-2025,Khandelwal Kirana  Store - Nindar,Receipt,743,,7800
,Cash,,,7800.00 Dr,
24-10-2025,G.K.N - Industries,Receipt,744,,42811
,HDFC Bank,,,42811.00 Dr,
24-10-2025,R K Indeastrises  Nani Sikar,Receipt,745,,189090
,HDFC Bank,,,189090.00 Dr,
24-10-2025,Shyam Ji Yadav,Receipt,746,,9500
,Cash,,,9500.00 Dr,
24-10-2025,M Choudhry Trading Company - Jalpali,Receipt,747,,59600
,HDFC Bank,,,59600.00 Dr,
24-10-2025,Lavik Traders,Receipt,748,,53064
,HDFC Bank,,,53064.00 Dr,
24-10-2025,Manish Trandig Company,Receipt,749,,9500
,Cash,,,9500.00 Dr,
24-10-2025,Godha Enterprises (Hingoniya),Receipt,750,,9500
,Cash,,,9500.00 Dr,
24-10-2025,Murlidhar Ji Yadav- Khejroli,Sales,2913/25-26,57500,
,Sales Account,,,,57500.00 Cr
24-10-2025,Choudhary Pashu Aahar  Parbatsar,Sales,2914/25-26,86260,
,Sales Account,,,,86260.00 Cr
24-10-2025,Jai Jagdamba Treding Company Nangal Bhirda,Sales,2915/25-26,54270,
,Sales Account,,,,54270.00 Cr
25-10-2025,Wages Expenses A/C,Payment,798,7550,
,Cash,,,,7550.00 Cr
25-10-2025,Tour & Travel,Payment,799,2000,
,Cash,,,,2000.00 Cr
25-10-2025,Insurance Exp,Payment,800,18800,
,Punjab National Bank - New,,,,18800.00 Cr
25-10-2025,Abhishek Treding Company  Fathenegar,Receipt,751,,253000
,HDFC Bank,,,253000.00 Dr,
25-10-2025,S K Dairy - Mukunpura,Receipt,752,,5000
,Cash,,,5000.00 Dr,
25-10-2025,Shyam Ji Yadav,Receipt,753,,9500
,Cash,,,9500.00 Dr,
25-10-2025,Manish Trandig Company,Receipt,754,,9500
,Cash,,,9500.00 Dr,
25-10-2025,Godha Enterprises (Hingoniya),Receipt,755,,9500
,Cash,,,9500.00 Dr,
25-10-2025,Shyam Ji Yadav,Sales,2916/25-26,65390,
,Sales Account,,,,65390.00 Cr
25-10-2025,M Choudhry Trading Company - Jalpali,Sales,2917/25-26,59600,
,Sales Account,,,,59600.00 Cr
25-10-2025,DILIP UDYOUG,Purchase,171,,40986
,Purchase Account,,,40986.00 Dr,
25-10-2025,S M Sales Corporation  Jaipur,Purchase,172,,32429
,Purchase Account,,,32429.00 Dr,
25-10-2025,Sehri Agro Oils Pvt Ltd  Kukar Kheda Mandi,Purchase,173,,19200
,Purchase Account,,,19200.00 Dr,
25-10-2025,Sehri Agro Oils Pvt Ltd  Kukar Kheda Mandi,Purchase,174,,15200
,Purchase Account,,,14473.00 Dr,
,CGST-Tax,,,363.50 Dr,
,SGST-Tax,,,363.50 Dr,
26-10-2025,Vinayak Brothers - Renwal,Receipt,756,,92500
,HDFC Bank,,,92500.00 Dr,
26-10-2025,Vinayak Brothers - Renwal,Receipt,757,,93700
,HDFC Bank,,,93700.00 Dr,
26-10-2025,Mehta Baat Bhandhar - GovindPura,Sales,2918/25-26,56160,
,Sales Account,,,,56160.00 Cr
26-10-2025,Narendar Kumar Khejroli,Sales,2919/25-26,77780,
,Sales Account,,,,77780.00 Cr
27-10-2025,Wages Expenses A/C,Payment,801,7600,
,Cash,,,,7600.00 Cr
27-10-2025,Convence Expensece,Payment,802,3200,
,Cash,,,,3200.00 Cr
27-10-2025,S K Dairy - Mukunpura,Receipt,758,,5000
,Cash,,,5000.00 Dr,
27-10-2025,Kharwash Trading Company (Muhana ),Receipt,759,,239479
,HDFC Bank,,,239479.00 Dr,
27-10-2025,Balaji Indastrises  Didwana,Receipt,760,,66101
,HDFC Bank,,,66101.00 Dr,
27-10-2025,Shyam Ji Yadav,Receipt,761,,9500
,Cash,,,9500.00 Dr,
27-10-2025,Manish Trandig Company,Receipt,762,,9500
,Cash,,,9500.00 Dr,
27-10-2025,Godha Enterprises (Hingoniya),Receipt,763,,9500
,Cash,,,9500.00 Dr,
27-10-2025,Shri Namokaar Trading Company,Receipt,764,,5000
,Cash,,,5000.00 Dr,
27-10-2025,Lavik Traders,Sales,2920/25-26,65342,
,Sales Account,,,,65342.00 Cr
27-10-2025,Ranjeet Singh,Sales,2921/25-26,15495,
,Sales Account,,,,15495.00 Cr
27-10-2025,Balaji Trading  Company  - Lalshot,Sales,2922/25-26,58184,
,Sales Account,,,,58184.00 Cr
27-10-2025,SHRI BALAJI ENTERPRISES-TIGARIYA,Sales,2923/25-26,67215,
,Sales Account,,,,67215.00 Cr
27-10-2025,Jain & Brothers - Muhana Mandi,Sales,2924/25-26,62717,
,Sales Account,,,,62717.00 Cr
28-10-2025,BUSINESS PROMOTION EXPENSES,Payment,803,31801,
,HDFC Bank,,,,31801.00 Cr
28-10-2025,DILIP UDYOUG,Payment,804,40986,
,HDFC Bank,,,,40986.00 Cr
28-10-2025,Shri Ram Cattle Feed  Industrises Jaitpura,Payment,805,80400,
,HDFC Bank,,,,80400.00 Cr
28-10-2025,Shri Hari Shanker Khandelwal,Payment,806,16440,
,HDFC Bank,,,,16440.00 Cr
28-10-2025,Wages Expenses A/C,Payment,807,7650,
,Cash,,,,7650.00 Cr
28-10-2025,Office Expenses,Payment,808,2650,
,Cash,,,,2650.00 Cr
28-10-2025,S M Sales Corporation  Jaipur,Payment,809,33730,
,Punjab National Bank - New,,,,33730.00 Cr
28-10-2025,Balaji Trading  Company  - Lalshot,Receipt,765,,58184
,HDFC Bank,,,58184.00 Dr,
28-10-2025,Shyam Ji Yadav,Receipt,766,,9500
,Cash,,,9500.00 Dr,
28-10-2025,Manish Trandig Company,Receipt,767,,9500
,Cash,,,9500.00 Dr,
28-10-2025,Godha Enterprises (Hingoniya),Receipt,768,,9500
,Cash,,,9500.00 Dr,
28-10-2025,PRABHA MAHILA KISSAN PRODUSER KHANDER,Sales,2925/2025-2026,63000,
,Sales Account,,,,63000.00 Cr
28-10-2025,Godha Enterprises (Hingoniya),Sales,2926/25-26,78500,
,Sales Account,,,,78500.00 Cr
28-10-2025,Anjani Trading Company  -(Beawar),Sales,2927/25-26,51715,
,Sales Account,,,,51715.00 Cr
28-10-2025,Shri Chand Pasu Aahar Malpura,Sales,2928/25-26,103680,
,Sales Account,,,,103680.00 Cr
28-10-2025,Ashwani Enterprises Baran  Rajasthan,Purchase,175,,691375
,Purchase Account,,,691375.00 Dr,
28-10-2025,Sehri Agro Oils Pvt Ltd  Kukar Kheda Mandi,Purchase,176,,22907
,Purchase Account,,,21812.00 Dr,
,CGST-Tax,,,547.50 Dr,
,SGST-Tax,,,547.50 Dr,
28-10-2025,Sehri Agro Oils Pvt Ltd  Kukar Kheda Mandi,Purchase,177,,29880
,Purchase Account,,,29880.00 Dr,
28-10-2025,Ram Singh Rajawat,Purchase,178,,84643
,Purchase Account,,,84643.00 Dr,
29-10-2025,SHRI RAM INDUSTRIES  (PHULERA),Payment,810,175384,
,HDFC Bank,,,,175384.00 Cr
29-10-2025,Wages Expenses A/C,Payment,811,7500,
,Cash,,,,7500.00 Cr
29-10-2025,Tour & Travel,Payment,812,2350,
,Cash,,,,2350.00 Cr
29-10-2025,Sehri Agro Oils Pvt Ltd  Kukar Kheda Mandi,Payment,813,34400,
,Punjab National Bank - New,,,,34400.00 Cr
29-10-2025,Shri Shyam Baat Bhandar (Bad Ke Bala Ji ),Receipt,769,,13090
,HDFC Bank,,,13090.00 Dr,
29-10-2025,Anukumar Mukesh Kumar Malpura,Receipt,770,,67050
,HDFC Bank,,,67050.00 Dr,
29-10-2025,Babulal Ji Yadav - Mahaswas,Receipt,771,,78000
,HDFC Bank,,,78000.00 Dr,
29-10-2025,Ishwar and Company Surajpool,Receipt,772,,308800
,HDFC Bank,,,308800.00 Dr,
29-10-2025,Shri Balaji Agro Industries - Muhana,Receipt,773,,28770
,HDFC Bank,,,28770.00 Dr,
29-10-2025,Shri Balaji Agro Industries - Muhana,Receipt,774,,27100
,HDFC Bank,,,27100.00 Dr,
29-10-2025,Shyam Ji Yadav,Receipt,775,,9500
,Cash,,,9500.00 Dr,
29-10-2025,Manish Trandig Company,Receipt,776,,9500
,Cash,,,9500.00 Dr,
29-10-2025,Godha Enterprises (Hingoniya),Receipt,777,,2500
,Cash,,,2500.00 Dr,
29-10-2025,Shri Balaji Agro Industries - Muhana,Sales,2929/25-26,24097,
,Sales Account,,,,24097.00 Cr
29-10-2025,Shri Shyam Baat Bhandar (Bad Ke Bala Ji ),Sales,2930/25-26,17900,
,Sales Account,,,,17900.00 Cr
29-10-2025,Shree Balaji Agro Industries Baran,Purchase,179,,632740
,Purchase Account,,,632740.00 Dr,
29-10-2025,SHRI RAM INDUSTRIES  (PHULERA),Purchase,180,,175384
,Purchase Account,,,175384.00 Dr,
30-10-2025,Wages Expenses A/C,Payment,814,7650,
,Cash,,,,7650.00 Cr
30-10-2025,Machinery Reparing,Payment,815,2250,
,Cash,,,,2250.00 Cr
30-10-2025,Car Loan - Hyrider,Payment,816,48357,
,Punjab National Bank - New,,,,48357.00 Cr
30-10-2025,BANK  EXPENSES- PNB BANK,Payment,817,49.57,
,Punjab National Bank - New,,,,49.57 Cr
30-10-2025,Ranjeet Singh,Receipt,778,,15495
,HDFC Bank,,,15495.00 Dr,
30-10-2025,Shyam Ji Yadav,Receipt,779,,9500
,Cash,,,9500.00 Dr,
30-10-2025,Manish Trandig Company,Receipt,780,,8100
,Cash,,,8100.00 Dr,
30-10-2025,Jai Jagdamba Treding Company Nangal Bhirda,Receipt,781,,9500
,Cash,,,9500.00 Dr,
30-10-2025,Shri Shyam Treding Company Khejroli,Receipt,782,,9500
,Cash,,,9500.00 Dr,
30-10-2025,Shri Shyam Baat Bhandar (Bad Ke Bala Ji ),Sales,2931/25-26,13455,
,Sales Account,,,,13455.00 Cr
30-10-2025,Babulal Ji Yadav - Mahaswas,Sales,2932/25-26,87500,
,Sales Account,,,,87500.00 Cr
30-10-2025,Ramnarayan Ji Yadev  Dhanota,Sales,2933/25-26,37920,
,Sales Account,,,,37920.00 Cr
30-10-2025,Shri Shyam Treding Company Khejroli,Sales,2934/25-26,37500,
,Sales Account,,,,37500.00 Cr
31-10-2025,Ram Singh Rajawat,Payment,818,84643,
,HDFC Bank,,,,84643.00 Cr
31-10-2025,Ashwani Enterprises Baran  Rajasthan,Payment,819,688555,
,HDFC Bank,,,,688555.00 Cr
31-10-2025,Wages Expenses A/C,Payment,820,7600,
,Cash,,,,7600.00 Cr
31-10-2025,Car Repairing,Payment,821,1680,
,Cash,,,,1680.00 Cr
31-10-2025,G.K.N - Industries,Receipt,783,,47992
,HDFC Bank,,,47992.00 Dr,
31-10-2025,Giriraj Enterprises - Kalu Ka Baas,Receipt,784,,72604
,HDFC Bank,,,72604.00 Dr,
31-10-2025,Arihant  Kumar Rahul Kumar  Medta Seety - S,Receipt,785,,211381
,HDFC Bank,,,211381.00 Dr,
31-10-2025,S Kumar & Company - Navalgarh,Receipt,786,,50000
,HDFC Bank,,,50000.00 Dr,
31-10-2025,Lavik Traders,Receipt,787,,44734
,HDFC Bank,,,44734.00 Dr,
31-10-2025,Shyam Ji Yadav,Receipt,788,,5550
,Cash,,,5550.00 Dr,
31-10-2025,Harsit Kotari,Receipt,789,,100000
,HDFC Bank,,,100000.00 Dr,
31-10-2025,Jai Jagdamba Treding Company Nangal Bhirda,Receipt,790,,9500
,Cash,,,9500.00 Dr,
31-10-2025,Shri Shyam Treding Company Khejroli,Receipt,791,,9500
,Cash,,,9500.00 Dr,
31-10-2025,Krishna Baat Bhandhar- Sirsi Mode,Sales,2935/25-26,17000,
,Sales Account,,,,17000.00 Cr
31-10-2025,Manish Trandig Company,Sales,2936/25-26,57050,
,Sales Account,,,,57050.00 Cr
31-10-2025,Jaipur Agro Tech Surajpole Mandi,Sales,2937/25-26,94500,
,Sales Account,,,,94500.00 Cr
31-10-2025,G.K.N - Industries,Sales,2938/25-26,44330,
,Sales Account,,,,44330.00 Cr
31-10-2025,"Kailash Chand Deen Dayal - Kasera, Shreemodhopur",Sales,2939/25-26,53860,
,Sales Account,,,,53860.00 Cr
31-10-2025,Badri Lal Dwaraka Parsad Nasirabad,Sales,2940/25-26,125388,
,Sales Account,,,,125388.00 Cr
31-10-2025,Grow More Trade Links Jaipur,Purchase,181,,390540
,Purchase Account,,,371943.00 Dr,
,CGST-Tax,,,9298.50 Dr,
,SGST-Tax,,,9298.50 Dr,
31-10-2025,Vetkind Animal Health India,Purchase,182,,15250
,Purchase Account,,,15250.00 Dr,
31-10-2025,Vetkind Animal Health India,Purchase,183,,24000
,Purchase Account,,,24000.00 Dr,
31-10-2025,Vetkind Animal Health India,Purchase,184,,21000
,Purchase Account,,,21000.00 Dr,
01-11-2025,Grow More Trade Links Jaipur,Payment,822,390540,
,HDFC Bank,,,,390540.00 Cr
01-11-2025,Shree Balaji Agro Industries Baran,Payment,823,630145,
,HDFC Bank,,,,630145.00 Cr
01-11-2025,Wages Expenses A/C,Payment,824,6780,
,Cash,,,,6780.00 Cr
01-11-2025,Tour & Travel,Payment,825,3000,
,Cash,,,,3000.00 Cr
01-11-2025,Fright Exp,Payment,826,8850,
,Cash,,,,8850.00 Cr
01-11-2025,Kedar Kirana Stor Benadamod,Receipt,792,,50000
,HDFC Bank,,,50000.00 Dr,
01-11-2025,Jai Jagdamba Treding Company Nangal Bhirda,Receipt,793,,9500
,Cash,,,9500.00 Dr,
01-11-2025,Shri Shyam Treding Company Khejroli,Receipt,794,,9500
,Cash,,,9500.00 Dr,
01-11-2025,Discount Given,Journal,17,200,
,Kedar Kirana Stor Benadamod,,,,200.00 Cr
01-11-2025,Pashupati Trading Company,Sales,2941/25-26,62272,
,Sales Account,,,,62272.00 Cr
01-11-2025,JAGMOHAN  SATISH KUMAR  MAHUWA,Sales,2942/25-26,86760,
,Sales Account,,,,86760.00 Cr
01-11-2025,Satyenarayan Kunj Bihari  Ude,Sales,2943/25-26,32744,
,Sales Account,,,,32744.00 Cr
01-11-2025,Shri Ram Cattle Feed  Industrises Jaitpura,Purchase,185,,74585
,Purchase Account,,,74585.00 Dr,
01-11-2025,Nath Solvent Extractions Pvt Ltd Haryana,Purchase,186,,486425
,Purchase Account,,,463261.00 Dr,
,IGST-Tax,,,23164.00 Dr,
01-11-2025,Goyal Solvents Punjab,Purchase,187,,511506
,Purchase Account,,,511506.00 Dr,
02-11-2025,"Kailash Chand Deen Dayal - Kasera, Shreemodhopur",Receipt,795,,53860
,Punjab National Bank - New,,,53860.00 Dr,
02-11-2025,Ganesh Pashuahar Chaksu,Sales,2944/25-26,189785,
,Sales Account,,,,189785.00 Cr
03-11-2025,Tour & Travel,Payment,827,2100,
,Cash,,,,2100.00 Cr
03-11-2025,Wages Expenses A/C,Payment,828,7650,
,Cash,,,,7650.00 Cr
03-11-2025,Shri Shyam Baat Bhandar (Bad Ke Bala Ji ),Receipt,796,,17900
,HDFC Bank,,,17900.00 Dr,
03-11-2025,Tarachand Ji -Yadav Khejroli,Receipt,797,,20000
,HDFC Bank,,,20000.00 Dr,
03-11-2025,SHRI BALAJI ENTERPRISES-TIGARIYA,Receipt,798,,69120
,HDFC Bank,,,69120.00 Dr,
03-11-2025,Love General Stor    Tunga,Receipt,799,,13000
,HDFC Bank,,,13000.00 Dr,
03-11-2025,Ranjeet Singh,Receipt,800,,9000
,Cash,,,9000.00 Dr,
03-11-2025,Jai Jagdamba Treding Company Nangal Bhirda,Receipt,801,,9500
,Cash,,,9500.00 Dr,
03-11-2025,Shri Shyam Treding Company Khejroli,Receipt,802,,9500
,Cash,,,9500.00 Dr,
03-11-2025,Patel Enterprises  Rojda,Sales,2945/25-26,61900,
,Sales Account,,,,61900.00 Cr
03-11-2025,Shri Shyam Baat Bhandar (Bad Ke Bala Ji ),Sales,2946/25-26,14070,
,Sales Account,,,,14070.00 Cr
03-11-2025,Ranjeet Singh,Sales,2947/25-26,21830,
,Sales Account,,,,21830.00 Cr
03-11-2025,Giriraj Enterprises - Kalu Ka Baas,Sales,2948/25-26,31250,
,Sales Account,,,,31250.00 Cr
03-11-2025,Giriraj Enterprises - Kalu Ka Baas,Sales,2949/25-26,35910,
,Sales Account,,,,35910.00 Cr
03-11-2025,Rajendra Kumar Pawan Kumar Fhagi,Sales,2950/25-26,67050,
,Sales Account,,,,67050.00 Cr
04-11-2025,Shri Ram Cattle Feed  Industrises Jaitpura,Payment,829,74585,
,HDFC Bank,,,,74585.00 Cr
04-11-2025,Goyal Solvents Punjab,Payment,830,511506,
,HDFC Bank,,,,511506.00 Cr
04-11-2025,Wages Expenses A/C,Payment,831,7550,
,Cash,,,,7550.00 Cr
04-11-2025,Machinery Reparing,Payment,832,2650,
,Cash,,,,2650.00 Cr
04-11-2025,Pashupati Trading Company,Receipt,803,,64300
,Punjab National Bank - New,,,64300.00 Dr,
04-11-2025,Ranjeet Singh,Receipt,804,,9000
,Cash,,,9000.00 Dr,
04-11-2025,Ishwar and Company Surajpool,Receipt,805,,176000
,HDFC Bank,,,176000.00 Dr,
04-11-2025,Jai Jagdamba Treding Company Nangal Bhirda,Receipt,806,,9500
,Cash,,,9500.00 Dr,
04-11-2025,Shri Shyam Treding Company Khejroli,Receipt,807,,9500
,Cash,,,9500.00 Dr,
04-11-2025,Shri Shyam Baat Bhandar (Bad Ke Bala Ji ),Sales,2951/25-26,18588,
,Sales Account,,,,18588.00 Cr
04-11-2025,Lavik Traders,Sales,2952/25-26,63222,
,Sales Account,,,,63222.00 Cr
04-11-2025,Deep Solvents Pvt Ltd Punjab,Purchase,188,,503590
,Purchase Account,,,479349.00 Dr,
,IGST-Tax,,,24241.00 Dr,
05-11-2025,Mr Traders Farrukhabad Up,Payment,833,2000,
,HDFC Bank,,,,2000.00 Cr
05-11-2025,Ashwani Enterprises Baran  Rajasthan,Payment,834,2820,
,HDFC Bank,,,,2820.00 Cr
05-11-2025,Wages Expenses A/C,Payment,835,7650,
,Cash,,,,7650.00 Cr
05-11-2025,Convence Expensece,Payment,836,3200,
,Cash,,,,3200.00 Cr
05-11-2025,Ranjeet Singh,Receipt,808,,3830
,Cash,,,3830.00 Dr,
05-11-2025,Satyenarayan Kunj Bihari  Ude,Receipt,809,,9000
,Cash,,,9000.00 Dr,
05-11-2025,Shyam Ji Yadav,Receipt,810,,9000
,Cash,,,9000.00 Dr,
05-11-2025,Shri Shyam Treding Company Khejroli,Receipt,811,,9500
,Cash,,,9500.00 Dr,
05-11-2025,Rakesh Kirana Store - Khejroli,Sales,2953/25-26,28475,
,Sales Account,,,,28475.00 Cr
05-11-2025,SHUBHAM TRADERS BAKEWER (UP),Purchase,189,,309035
,Purchase Account,,,309035.00 Dr,
06-11-2025,SHUBHAM TRADERS BAKEWER (UP),Payment,837,309035,
,HDFC Bank,,,,309035.00 Cr
06-11-2025,Deep Solvents Pvt Ltd Punjab,Payment,838,503590,
,HDFC Bank,,,,503590.00 Cr
06-11-2025,Nath Solvent Extractions Pvt Ltd Haryana,Payment,839,481210,
,HDFC Bank,,,,481210.00 Cr
06-11-2025,Wages Expenses A/C,Payment,840,7600,
,Cash,,,,7600.00 Cr
06-11-2025,Fright Exp,Payment,841,710,
,Cash,,,,710.00 Cr
06-11-2025,Office Expenses,Payment,842,2440,
,Cash,,,,2440.00 Cr
06-11-2025,Shri Chand Pasu Aahar Malpura,Receipt,812,,203124
,HDFC Bank,,,203124.00 Dr,
06-11-2025,Nakoda Trading Company  Nimbaheda,Receipt,813,,9000
,HDFC Bank,,,9000.00 Dr,
06-11-2025,Shri Shyam Baat Bhandar (Bad Ke Bala Ji ),Receipt,814,,14070
,HDFC Bank,,,14070.00 Dr,
06-11-2025,Shri Shyam Baat Bhandar (Bad Ke Bala Ji ),Receipt,815,,13455
,HDFC Bank,,,13455.00 Dr,
06-11-2025,Shri Vaibhav Metacast Pvt Ltd Unit,Receipt,816,,30100
,HDFC Bank,,,30100.00 Dr,
06-11-2025,Jain & Brothers - Muhana Mandi,Receipt,817,,62717
,HDFC Bank,,,62717.00 Dr,
06-11-2025,Anjani Trading Company  -(Beawar),Receipt,818,,51716
,HDFC Bank,,,51716.00 Dr,
06-11-2025,Jai Jagdamba Treding Company Nangal Bhirda,Receipt,819,,9500
,Cash,,,9500.00 Dr,
06-11-2025,Shri Shyam Treding Company Khejroli,Receipt,820,,9500
,Cash,,,9500.00 Dr,
06-11-2025,Satyenarayan Kunj Bihari  Ude,Receipt,821,,8080
,Cash,,,8080.00 Dr,
06-11-2025,Shyam Ji Yadav,Receipt,822,,2040
,Cash,,,2040.00 Dr,
06-11-2025,Dugya Cattle Feed - Muhana,Sales,2954/25-26,60540,
,Sales Account,,,,60540.00 Cr
06-11-2025,Nakoda Trading Company  Nimbaheda,Sales,2955/25-26,9000,
,Sales Account,,,,9000.00 Cr
06-11-2025,Anjani Trading Company  -(Beawar),Sales,2956/25-26,60484,
,Sales Account,,,,60484.00 Cr
07-11-2025,BUSINESS PROMOTION EXPENSES,Payment,843,39751,
,HDFC Bank,,,,39751.00 Cr
07-11-2025,Wages Expenses A/C,Payment,844,7550,
,Cash,,,,7550.00 Cr
07-11-2025,Office Expenses,Payment,845,1935,
,Cash,,,,1935.00 Cr
07-11-2025,Tour & Travel,Payment,846,1800,
,Cash,,,,1800.00 Cr
07-11-2025,Shri Hari Shanker Khandelwal,Payment,847,9000,
,Cash,,,,9000.00 Cr
07-11-2025,Nilesh Kumar Khandelwal,Payment,848,9500,
,Vijay Kumar Khandelwal,,,9500.00 Dr,
,Priyanka Devi Khandelwal,,,9500.00 Dr,
,Vishnu Gupta,,,9500.00 Dr,
,Nitesh,,,9500.00 Dr,
,Pradeep Kumar Gupta,,,9500.00 Dr,
,Raju Lal Ji,,,9500.00 Dr,
,Raju Mistri,,,9500.00 Dr,
,Cash,,,,76000.00 Cr
07-11-2025,Choudhary Pashu Aahar  Parbatsar,Receipt,823,,30000
,HDFC Bank,,,30000.00 Dr,
07-11-2025,Dinesh Baat Bhandar  (Dhabash),Receipt,824,,45725
,HDFC Bank,,,45725.00 Dr,
07-11-2025,Dugya Cattle Feed - Muhana,Receipt,825,,69300
,HDFC Bank,,,69300.00 Dr,
07-11-2025,Jai Jagdamba Treding Company Nangal Bhirda,Receipt,826,,9000
,Cash,,,9000.00 Dr,
07-11-2025,Shri Shyam Treding Company Khejroli,Receipt,827,,9500
,Cash,,,9500.00 Dr,
07-11-2025,Uttam Agencies Sambriya,Receipt,828,,51020
,Punjab National Bank - New,,,51020.00 Dr,
07-11-2025,Shri Balaji Agro Industries - Muhana,Sales,2957/25-26,36519,
,Sales Account,,,,36519.00 Cr
07-11-2025,Shiv Trading Comnay Vatika,Sales,2958/25-26,73170,
,Sales Account,,,,73170.00 Cr
07-11-2025,Khandelwal Kirana  Store - Nindar,Sales,2959/25-26,25800,
,Sales Account,,,,25800.00 Cr
07-11-2025,Shri Shyam Baat Bhandar (Bad Ke Bala Ji ),Sales,2960/25-26,15253,
,Sales Account,,,,15253.00 Cr
07-11-2025,Balaji Trading  Company  - Lalshot,Sales,2961/25-26,67590,
,Sales Account,,,,67590.00 Cr
07-11-2025,R K Indeastrises  Nani Sikar,Sales,2962/25-26,120164,
,Sales Account,,,,120164.00 Cr
07-11-2025,Goyal Treders Fhagi,Sales,2963/25-26,77818,
,Sales Account,,,,77818.00 Cr
08-11-2025,Audit & Legal Fees,Payment,849,11500,
,Punjab National Bank - New,,,,11500.00 Cr
08-11-2025,Audit & Legal Fees,Payment,850,27000,
,Punjab National Bank - New,,,,27000.00 Cr
08-11-2025,Audit & Legal Fees,Payment,851,3600,
,Punjab National Bank - New,,,,3600.00 Cr
08-11-2025,Wages Expenses A/C,Payment,852,7600,
,Cash,,,,7600.00 Cr
08-11-2025,Machinery Reparing,Payment,853,1400,
,Cash,,,,1400.00 Cr
08-11-2025,Office Expenses,Payment,854,1840,
,Cash,,,,1840.00 Cr
08-11-2025,Nilesh Kumar Khandelwal,Payment,855,9500,
,Vijay Kumar Khandelwal,,,9500.00 Dr,
,Priyanka Devi Khandelwal,,,9500.00 Dr,
,Pradeep Kumar Gupta,,,8000.00 Dr,
,Raju Lal Gupta,,,4500.00 Dr,
,Vishnu Gupta,,,9500.00 Dr,
,Nitesh,,,9500.00 Dr,
,Raju Mistri,,,4000.00 Dr,
,Cash,,,,64000.00 Cr
08-11-2025,Rajendra Kumar Pawan Kumar Fhagi,Receipt,829,,67050
,HDFC Bank,,,67050.00 Dr,
08-11-2025,Shri Shyam Baat Bhandar (Bad Ke Bala Ji ),Receipt,830,,18588
,HDFC Bank,,,18588.00 Dr,
08-11-2025,Vijay Enterprises- Jaipur,Receipt,831,,49900
,HDFC Bank,,,49900.00 Dr,
08-11-2025,Vijay Enterprises- Jaipur,Receipt,832,,100
,HDFC Bank,,,100.00 Dr,
08-11-2025,Jai Jagdamba Treding Company Nangal Bhirda,Receipt,833,,730
,Cash,,,730.00 Dr,
08-11-2025,Shri Shyam Treding Company Khejroli,Receipt,834,,9500
,Cash,,,9500.00 Dr,
08-11-2025,Vishnu Dairy Lalchandpura,Receipt,835,,9500
,Cash,,,9500.00 Dr,
08-11-2025,Shri Shyam Baat Bhandar (Bad Ke Bala Ji ),Sales,2964/25-26,17535,
,Sales Account,,,,17535.00 Cr
08-11-2025,Vishnu Dairy Lalchandpura,Sales,2965/25-26,72000,
,Sales Account,,,,72000.00 Cr
08-11-2025,Uttam Agencies Sambriya,Sales,2966/25-26,49608,
,Sales Account,,,,49608.00 Cr
09-11-2025,JAGMOHAN  SATISH KUMAR  MAHUWA,Receipt,836,,86632
,HDFC Bank,,,86632.00 Dr,
09-11-2025,Shri Balaji Agro Industries - Muhana,Sales,2967/25-26,48420,
,Sales Account,,,,48420.00 Cr
09-11-2025,Jaipur Agro Tech Surajpole Mandi,Sales,2968/25-26,86625,
,Sales Account,,,,86625.00 Cr
10-11-2025,Ajay Kumar,Payment,856,15000,
,HDFC Bank,,,,15000.00 Cr
10-11-2025,Sehri Agro Oils Pvt Ltd  Kukar Kheda Mandi,Payment,857,52787,
,HDFC Bank,,,,52787.00 Cr
10-11-2025,Wages Expenses A/C,Payment,858,7500,
,Cash,,,,7500.00 Cr
10-11-2025,Fright Exp,Payment,859,2400,
,Cash,,,,2400.00 Cr
10-11-2025,Tour & Travel,Payment,860,3000,
,Cash,,,,3000.00 Cr
10-11-2025,Shri Shyam Baat Bhandar (Bad Ke Bala Ji ),Receipt,837,,17535
,HDFC Bank,,,17535.00 Dr,
10-11-2025,Balaji Trading  Company  - Lalshot,Receipt,838,,67590
,HDFC Bank,,,67590.00 Dr,
10-11-2025,Choudhary Pashu Aahar  Parbatsar,Receipt,839,,45175
,HDFC Bank,,,45175.00 Dr,
10-11-2025,Shri Balaji Agro Industries - Muhana,Receipt,840,,68775
,HDFC Bank,,,68775.00 Dr,
10-11-2025,Shri Balaji Agro Industries - Muhana,Receipt,841,,4000
,HDFC Bank,,,4000.00 Dr,
10-11-2025,Shri Balaji Agro Industries - Muhana,Receipt,842,,22278
,HDFC Bank,,,22278.00 Dr,
10-11-2025,KAMAL TRADING CO Dudu,Receipt,843,,75000
,HDFC Bank,,,75000.00 Dr,
10-11-2025,Harsit Kotari,Receipt,844,,85000
,HDFC Bank,,,85000.00 Dr,
10-11-2025,Anjani Trading Company  -(Beawar),Receipt,845,,60484
,HDFC Bank,,,60484.00 Dr,
10-11-2025,Lavik Traders,Receipt,846,,65189
,HDFC Bank,,,65189.00 Dr,
10-11-2025,Shri Shyam Treding Company Khejroli,Receipt,847,,2000
,Cash,,,2000.00 Dr,
10-11-2025,Vishnu Dairy Lalchandpura,Receipt,848,,9500
,Cash,,,9500.00 Dr,
10-11-2025,Shri Shyam Baat Bhandar (Bad Ke Bala Ji ),Sales,2969/25-26,13433,
,Sales Account,,,,13433.00 Cr
10-11-2025,Tarachand Ji -Yadav Khejroli,Sales,2970/25-26,44900,
,Sales Account,,,,44900.00 Cr
10-11-2025,Lavik Traders,Sales,2971/25-26,20710,
,Sales Account,,,,20710.00 Cr
10-11-2025,Shri Ram Cattle Feed  Industrises Jaitpura,Purchase,190,,85382
,Purchase Account,,,85382.00 Dr,
11-11-2025,Electricity and Water Expenses,Payment,861,86557,
,HDFC Bank,,,,86557.00 Cr
11-11-2025,Wages Expenses A/C,Payment,862,7650,
,Cash,,,,7650.00 Cr
11-11-2025,Tour & Travel,Payment,863,2550,
,Cash,,,,2550.00 Cr
11-11-2025,Maruti Trading Company Kalwar,Receipt,849,,62625
,HDFC Bank,,,62625.00 Dr,
11-11-2025,Prakash Enterprises - Phulera,Receipt,850,,82740
,Punjab National Bank - New,,,82740.00 Dr,
11-11-2025,Jain & Brothers - Muhana Mandi,Receipt,851,,62717
,HDFC Bank,,,62717.00 Dr,
11-11-2025,Shri Shyam Treding Company Khejroli,Receipt,852,,9500
,Cash,,,9500.00 Dr,
11-11-2025,Vishnu Dairy Lalchandpura,Receipt,853,,9500
,Cash,,,9500.00 Dr,
11-11-2025,KAMAL TRADING CO Dudu,Sales,2972/25-26,64350,
,Sales Account,,,,64350.00 Cr
11-11-2025,Dinesh Baat Bhandar  (Dhabash),Sales,2973/25-26,25383,
,Sales Account,,,,25383.00 Cr
11-11-2025,Haritwal Pashu Ahar Vatika,Sales,2974/25-26,73695,
,Sales Account,,,,73695.00 Cr
11-11-2025,Harsit Kotari,Sales,2975/25-26,222400,
,Sales Account,,,,222400.00 Cr
11-11-2025,DILIP UDYOUG,Purchase,191,,40986
,Purchase Account,,,40986.00 Dr,
12-11-2025,Vinayak Fabriks Badharna,Payment,864,45337,
,HDFC Bank,,,,45337.00 Cr
12-11-2025,Shri Ram Cattle Feed  Industrises Jaitpura,Payment,865,85382,
,HDFC Bank,,,,85382.00 Cr
12-11-2025,Wages Expenses A/C,Payment,866,7600,
,Cash,,,,7600.00 Cr
12-11-2025,Convence Expensece,Payment,867,2400,
,Cash,,,,2400.00 Cr
12-11-2025,Tarachand Ji -Yadav Khejroli,Receipt,854,,29390
,HDFC Bank,,,29390.00 Dr,
12-11-2025,G.K.N - Industries,Receipt,855,,44330
,HDFC Bank,,,44330.00 Dr,
12-11-2025,Ranjeet Singh,Receipt,856,,9500
,Cash,,,9500.00 Dr,
12-11-2025,Shri Shyam Treding Company Khejroli,Receipt,857,,9500
,Cash,,,9500.00 Dr,
12-11-2025,Ishwar and Company Surajpool,Receipt,858,,80000
,HDFC Bank,,,80000.00 Dr,
12-11-2025,Vishnu Dairy Lalchandpura,Receipt,859,,9500
,Cash,,,9500.00 Dr,
12-11-2025,Ranjeet Singh,Sales,2976/25-26,21830,
,Sales Account,,,,21830.00 Cr
12-11-2025,Jain & Brothers - Muhana Mandi,Sales,2977/25-26,63630,
,Sales Account,,,,63630.00 Cr
12-11-2025,M M Trading Company - Khejroli,Sales,2978/25-26,72000,
,Sales Account,,,,72000.00 Cr
12-11-2025,SHRI BALAJI ENTERPRISES-TIGARIYA,Sales,2979/25-26,66720,
,Sales Account,,,,66720.00 Cr
12-11-2025,Choudhary Pashu Aahar  Parbatsar,Sales,2981/2025-2026,86585,
,Sales Account,,,,86585.00 Cr
12-11-2025,Greenfield,Sales,2980/2025-2026,5075,
,Sales Account,,,,5075.00 Cr
12-11-2025,Jai Shanker Rice and  Gen Mill,Purchase,192,,467043
,Purchase Account,,,467043.00 Dr,
12-11-2025,Vinayak Fabriks Badharna,Purchase,193,,45337
,Purchase Account,,,38421.00 Dr,
,CGST-Tax,,,3458.00 Dr,
,SGST-Tax,,,3458.00 Dr,
13-11-2025,J.S. Packers - Jaipur,Payment,868,31561,
,Punjab National Bank - New,,,,31561.00 Cr
13-11-2025,Wages Expenses A/C,Payment,869,7550,
,Cash,,,,7550.00 Cr
13-11-2025,Printing & Stationary,Payment,870,1650,
,Cash,,,,1650.00 Cr
13-11-2025,Shri Shyam Baat Bhandar (Bad Ke Bala Ji ),Receipt,860,,13433
,HDFC Bank,,,13433.00 Dr,
13-11-2025,Shiv Trading Comnay Vatika,Receipt,861,,76920
,HDFC Bank,,,76920.00 Dr,
13-11-2025,Ranjeet Singh,Receipt,862,,2330
,Cash,,,2330.00 Dr,
13-11-2025,Shri Shyam Treding Company Khejroli,Receipt,863,,9500
,Cash,,,9500.00 Dr,
13-11-2025,Vishnu Dairy Lalchandpura,Receipt,864,,9500
,Cash,,,9500.00 Dr,
13-11-2025,Discount Given,Journal,18,360,
,Shiv Trading Comnay Vatika,,,,360.00 Cr
13-11-2025,Shri Shyam Baat Bhandar (Bad Ke Bala Ji ),Sales,2982/25-26,13457,
,Sales Account,,,,13457.00 Cr
13-11-2025,DILIP UDYOUG,Purchase,194,,40986
,Purchase Account,,,40986.00 Dr,
13-11-2025,Sitaram Narendar Kumar Oil Products Jaipur,Purchase,195,,54338
,Purchase Account,,,51750.00 Dr,
,CGST-Tax,,,1294.00 Dr,
,SGST-Tax,,,1294.00 Dr,
13-11-2025,Sitaram Narendar Kumar Oil Products Jaipur,Purchase,196,,48507
,Purchase Account,,,48507.00 Dr,
14-11-2025,Vetkind Animal Health India,Payment,871,155000,
,HDFC Bank,,,,155000.00 Cr
14-11-2025,Jai Shanker Rice and  Gen Mill,Payment,872,467043,
,HDFC Bank,,,,467043.00 Cr
14-11-2025,DILIP UDYOUG,Payment,873,40986,
,HDFC Bank,,,,40986.00 Cr
14-11-2025,Wages Expenses A/C,Payment,874,7500,
,Cash,,,,7500.00 Cr
14-11-2025,Machinery Reparing,Payment,875,1950,
,Cash,,,,1950.00 Cr
14-11-2025,R K Indeastrises  Nani Sikar,Receipt,865,,120164
,Punjab National Bank - New,,,120164.00 Dr,
14-11-2025,Rakesh Kirana Store - Khejroli,Receipt,866,,37926
,HDFC Bank,,,37926.00 Dr,
14-11-2025,Ranjeet Singh,Receipt,867,,10000
,HDFC Bank,,,10000.00 Dr,
14-11-2025,Shri Shyam Treding Company Khejroli,Receipt,868,,9500
,Cash,,,9500.00 Dr,
14-11-2025,Shri Balaji Agro Industries - Muhana,Receipt,869,,24100
,HDFC Bank,,,24100.00 Dr,
14-11-2025,Cash,Receipt,870,,
14-11-2025,Ishwar and Company Surajpool,Receipt,871,,116000
,HDFC Bank,,,116000.00 Dr,
14-11-2025,Vishnu Dairy Lalchandpura,Receipt,872,,9500
,Cash,,,9500.00 Dr,
14-11-2025,JAGMOHAN  SATISH KUMAR  MAHUWA,Sales,2984/2025-2026,87660,
,Sales Account,,,,87660.00 Cr
14-11-2025,Arihant  Kumar Rahul Kumar  Medta Seety - S,Sales,2985/25-26,234946,
,Sales Account,,,,234946.00 Cr
14-11-2025,Arihant  Kumar Rahul Kumar  Medta Seety - S,Sales,2986/25-26,51480,
,Sales Account,,,,51480.00 Cr
14-11-2025,Laxmiroto Packers Pvt Ltd,Purchase,197,,4425
,Purchase Account,,,3750.00 Dr,
,CGST-Tax,,,337.50 Dr,
,SGST-Tax,,,337.50 Dr,
14-11-2025,Techno Hind Marbles Granites Pvt Ltd Jaipur,Purchase,198,,55583
,Purchase Account,,,55583.00 Dr,
14-11-2025,Jaipur Packers - Rajasthan,Purchase,199,,192989
,Purchase Account,,,163550.00 Dr,
,CGST-Tax,,,14719.50 Dr,
,SGST-Tax,,,14719.50 Dr,
15-11-2025,Sitaram Narendar Kumar Oil Products Jaipur,Payment,876,48507,
,Sitaram Narendar Kumar Oil Products Jaipur,,,54250.00 Dr,
,HDFC Bank,,,,102757.00 Cr
15-11-2025,Wages Expenses A/C,Payment,877,7650,
,Cash,,,,7650.00 Cr
15-11-2025,Office Expenses,Payment,878,2250,
,Cash,,,,2250.00 Cr
15-11-2025,Shri Shyam Baat Bhandar (Bad Ke Bala Ji ),Receipt,873,,13457
,HDFC Bank,,,13457.00 Dr,
15-11-2025,Shri Shyam Treding Company Khejroli,Receipt,874,,9500
,Cash,,,9500.00 Dr,
15-11-2025,Vishnu Dairy Lalchandpura,Receipt,875,,9500
,Cash,,,9500.00 Dr,
15-11-2025,Shri Shyam Baat Bhandar (Bad Ke Bala Ji ),Sales,2987/25-26,14070,
,Sales Account,,,,14070.00 Cr
15-11-2025,Lavik Traders,Sales,2988/25-26,44825,
,Sales Account,,,,44825.00 Cr
15-11-2025,Shri Chand Pasu Aahar Malpura,Sales,2989/25-26,108000,
,Sales Account,,,,108000.00 Cr
15-11-2025,Balaji Trading  Company  - Lalshot,Sales,2990/25-26,51300,
,Sales Account,,,,51300.00 Cr
15-11-2025,Maruti Trading Company Kalwar,Sales,2991/25-26,46000,
,Sales Account,,,,46000.00 Cr
15-11-2025,Anjani Trading Company  -(Beawar),Sales,2992/25-26,213017,
,Sales Account,,,,213017.00 Cr
15-11-2025,Ashok Traders  Up,Purchase,200,,211307
,Purchase Account,,,211307.00 Dr,
16-11-2025,Ishwar and Company Surajpool,Sales,2993/25-26,78750,
,Sales Account,,,,78750.00 Cr
16-11-2025,Ganesh Pashuahar Chaksu,Sales,2994/25-26,62974,
,Sales Account,,,,62974.00 Cr
16-11-2025,Greenfield,Sales,2995/25-26,233250,
,Sales Account,,,,233250.00 Cr
16-11-2025,Adinath Trading Company,Purchase,201,,604740
,Purchase Account,,,604740.00 Dr,
17-11-2025,BUSINESS PROMOTION EXPENSES,Payment,879,3708,
,Punjab National Bank - New,,,,3708.00 Cr
17-11-2025,DILIP UDYOUG,Payment,880,40986,
,Punjab National Bank - New,,,,40986.00 Cr
17-11-2025,Techno Hind Marbles Granites Pvt Ltd Jaipur,Payment,881,55583,
,Punjab National Bank - New,,,,55583.00 Cr
17-11-2025,Wages Expenses A/C,Payment,882,7600,
,Cash,,,,7600.00 Cr
17-11-2025,BUSINESS PROMOTION EXPENSES,Payment,883,2435,
,Cash,,,,2435.00 Cr
17-11-2025,Balaji Trading  Company  - Lalshot,Receipt,876,,51300
,HDFC Bank,,,51300.00 Dr,
17-11-2025,Lavik Traders,Receipt,877,,63064
,HDFC Bank,,,63064.00 Dr,
17-11-2025,Shri Shyam Treding Company Khejroli,Receipt,878,,9500
,Cash,,,9500.00 Dr,
17-11-2025,Vishnu Dairy Lalchandpura,Receipt,879,,5500
,Cash,,,5500.00 Dr,
17-11-2025,Ranjeet Singh,Sales,2996/25-26,8330,
,Sales Account,,,,8330.00 Cr
17-11-2025,Shyam Ji Yadav,Sales,2997/25-26,14720,
,Sales Account,,,,14720.00 Cr
17-11-2025,Kedar Kirana Stor Benadamod,Sales,2998/25-26,50200,
,Sales Account,,,,50200.00 Cr
18-11-2025,Telephone Exp,Payment,884,1049,
,HDFC Bank,,,,1049.00 Cr
18-11-2025,Electricity and Water Expenses,Payment,885,1317,
,HDFC Bank,,,,1317.00 Cr
18-11-2025,Printing & Stationary,Payment,886,5400,
,Punjab National Bank - New,,,,5400.00 Cr
18-11-2025,BANK  EXPENSES- PNB BANK,Payment,887,11.22,
,Punjab National Bank - New,,,,11.22 Cr
18-11-2025,Tour & Travel,Payment,888,4000,
,Cash,,,,4000.00 Cr
18-11-2025,Wages Expenses A/C,Payment,889,7650,
,Cash,,,,7650.00 Cr
18-11-2025,Harsit Kotari,Receipt,880,,57000
,HDFC Bank,,,57000.00 Dr,
18-11-2025,Badri Lal Dwaraka Parsad Nasirabad,Receipt,881,,125380
,HDFC Bank,,,125380.00 Dr,
18-11-2025,Goyal Treders Fhagi,Receipt,882,,77458
,HDFC Bank,,,77458.00 Dr,
18-11-2025,Shri Shyam Treding Company Khejroli,Receipt,883,,9500
,Cash,,,9500.00 Dr,
18-11-2025,Shri Vaibhav Metacast Pvt Ltd Unit,Sales,2999/25-26,40180,
,Sales Account,,,,40180.00 Cr
18-11-2025,Umesh Enterprises Up,Purchase,202,,290254
,Purchase Account,,,290254.00 Dr,
19-11-2025,Ashok Traders  Up,Payment,890,211307,
,HDFC Bank,,,,211307.00 Cr
19-11-2025,BUSINESS PROMOTION EXPENSES,Payment,891,23851,
,HDFC Bank,,,,23851.00 Cr
19-11-2025,Adinath Trading Company,Payment,892,602156,
,HDFC Bank,,,,602156.00 Cr
19-11-2025,Wages Expenses A/C,Payment,893,7550,
,Cash,,,,7550.00 Cr
19-11-2025,Tour & Travel,Payment,894,2900,
,Cash,,,,2900.00 Cr
19-11-2025,Ranjeet Singh,Receipt,884,,8330
,HDFC Bank,,,8330.00 Dr,
19-11-2025,Krishna Baat Bhandhar- Sirsi Mode,Receipt,885,,9000
,Cash,,,9000.00 Dr,
19-11-2025,Khandelwal Kirana  Store - Nindar,Receipt,886,,9000
,Cash,,,9000.00 Dr,
19-11-2025,Shri Shyam Treding Company Khejroli,Receipt,887,,1250
,Cash,,,1250.00 Dr,
19-11-2025,G.K.N - Industries,Sales,3000/25-26,44330,
,Sales Account,,,,44330.00 Cr
19-11-2025,Ms Adinath Enterprises Chittorgarh Raj,Purchase,203,,519034
,Purchase Account,,,519034.00 Dr,
19-11-2025,SHRI RAM INDUSTRIES  (PHULERA),Purchase,204,,183875
,Purchase Account,,,183875.00 Dr,
19-11-2025,R S Oil Mils,Purchase,205,,78967
,Purchase Account,,,78967.00 Dr,
20-11-2025,Laxmiroto Packers Pvt Ltd,Payment,895,4425,
,Punjab National Bank - New,,,,4425.00 Cr
20-11-2025,Wages Expenses A/C,Payment,896,7600,
,Cash,,,,7600.00 Cr
20-11-2025,Convence Expensece,Payment,897,2600,
,Cash,,,,2600.00 Cr
20-11-2025,S Kumar & Company - Navalgarh,Receipt,888,,58400
,HDFC Bank,,,58400.00 Dr,
20-11-2025,Blue Diamond Food Production,Receipt,889,,10000
,HDFC Bank,,,10000.00 Dr,
20-11-2025,Ramnarayan Ji Yadev  Dhanota,Receipt,890,,37875
,HDFC Bank,,,37875.00 Dr,
20-11-2025,Hariyana Baat  Bhandar Dolaitpura,Receipt,891,,20000
,HDFC Bank,,,20000.00 Dr,
20-11-2025,Mehta Baat Bhandhar - GovindPura,Receipt,892,,56160
,HDFC Bank,,,56160.00 Dr,
20-11-2025,Krishna Baat Bhandhar- Sirsi Mode,Receipt,893,,8000
,Cash,,,8000.00 Dr,
20-11-2025,Khandelwal Kirana  Store - Nindar,Receipt,894,,9000
,Cash,,,9000.00 Dr,
20-11-2025,Shri Shyam Treding Company Khejroli,Receipt,895,,9500
,Cash,,,9500.00 Dr,
20-11-2025,"Kailash Chand Deen Dayal - Kasera, Shreemodhopur",Sales,3001/25-26,53860,
,Sales Account,,,,53860.00 Cr
20-11-2025,Satyenarayan Kunj Bihari  Ude,Sales,3002/25-26,30070,
,Sales Account,,,,30070.00 Cr
20-11-2025,M M Trading Company - Khejroli,Sales,3003/25-26,67500,
,Sales Account,,,,67500.00 Cr
20-11-2025,J.S. Packers - Jaipur,Purchase,206,,15298
,Purchase Account,,,12964.00 Dr,
,CGST-Tax,,,1167.00 Dr,
,SGST-Tax,,,1167.00 Dr,
21-11-2025,Wages Expenses A/C,Payment,898,7500,
,Cash,,,,7500.00 Cr
21-11-2025,Machinery Reparing,Payment,899,2640,
,Cash,,,,2640.00 Cr
21-11-2025,Choudhary Pashu Aahar  Parbatsar,Receipt,896,,40000
,HDFC Bank,,,40000.00 Dr,
21-11-2025,SHRI BALAJI ENTERPRISES-TIGARIYA,Receipt,897,,60508
,HDFC Bank,,,60508.00 Dr,
21-11-2025,Khandelwal Kirana  Store - Nindar,Receipt,898,,7800
,Cash,,,7800.00 Dr,
21-11-2025,Shri Shyam Treding Company Khejroli,Receipt,899,,9500
,Cash,,,9500.00 Dr,
21-11-2025,Shri Balaji Agro Industries - Muhana,Sales,3004/25-26,59220,
,Sales Account,,,,59220.00 Cr
21-11-2025,Jai Shree Trading Company Churu,Purchase,207,,243700
,Purchase Account,,,243700.00 Dr,
22-11-2025,Wages Expenses A/C,Payment,900,7650,
,Cash,,,,7650.00 Cr
22-11-2025,Office Expenses,Payment,901,2150,
,Cash,,,,2150.00 Cr
22-11-2025,SAMRIDI TRADERS,Receipt,900,,59180
,Punjab National Bank - New,,,59180.00 Dr,
22-11-2025,Tarachand Ji -Yadav Khejroli,Receipt,901,,34900
,HDFC Bank,,,34900.00 Dr,
22-11-2025,Shri Shyam Baat Bhandar (Bad Ke Bala Ji ),Receipt,902,,14070
,HDFC Bank,,,14070.00 Dr,
22-11-2025,"Kailash Chand Deen Dayal - Kasera, Shreemodhopur",Receipt,903,,48760
,Punjab National Bank - New,,,48760.00 Dr,
22-11-2025,Shri Shyam Treding Company Khejroli,Receipt,904,,9500
,Cash,,,9500.00 Dr,
22-11-2025,Discount Given,Journal,19,5100,
,"Kailash Chand Deen Dayal - Kasera, Shreemodhopur",,,,5100.00 Cr
22-11-2025,Shri Shyam Baat Bhandar (Bad Ke Bala Ji ),Sales,3005/25-26,18393,
,Sales Account,,,,18393.00 Cr
22-11-2025,Pashupati Trading Company,Sales,3006/25-26,62081,
,Sales Account,,,,62081.00 Cr
23-11-2025,Abhishek Treding Company  Fathenegar,Sales,3007/25-26,253000,
,Sales Account,,,,253000.00 Cr
24-11-2025,Jai Shree Trading Company Churu,Payment,902,238700,
,HDFC Bank,,,,238700.00 Cr
24-11-2025,Umesh Enterprises Up,Payment,903,290254,
,HDFC Bank,,,,290254.00 Cr
24-11-2025,SHRI RAM INDUSTRIES  (PHULERA),Payment,904,183875,
,HDFC Bank,,,,183875.00 Cr
24-11-2025,Ms Adinath Enterprises Chittorgarh Raj,Payment,905,515984,
,HDFC Bank,,,,515984.00 Cr
24-11-2025,Insurance Exp,Payment,906,4893,
,HDFC Bank,,,,4893.00 Cr
24-11-2025,Wages Expenses A/C,Payment,907,7650,
,Cash,,,,7650.00 Cr
24-11-2025,Tour & Travel,Payment,908,3170,
,Cash,,,,3170.00 Cr
24-11-2025,Jai Shree Trading Company Churu,Payment,909,5000,
,Cash,,,,5000.00 Cr
24-11-2025,Mangal Pashu Ahar Kekari,Receipt,905,,10000
,HDFC Bank,,,10000.00 Dr,
24-11-2025,Pashupati Trading Company,Receipt,906,,61849
,Punjab National Bank - New,,,61849.00 Dr,
24-11-2025,PRABHA MAHILA KISSAN PRODUSER KHANDER,Receipt,907,,63000
,HDFC Bank,,,63000.00 Dr,
24-11-2025,Shri Shyam Treding Company Khejroli,Receipt,908,,9000
,Cash,,,9000.00 Dr,
24-11-2025,Ranjeet Singh,Sales,3008/25-26,12990,
,Sales Account,,,,12990.00 Cr
25-11-2025,R S Oil Mils,Payment,910,78967,
,Punjab National Bank - New,,,,78967.00 Cr
25-11-2025,Adinath Trading Company,Payment,911,2584,
,Punjab National Bank - New,,,,2584.00 Cr
25-11-2025,Wages Expenses A/C,Payment,912,7550,
,Cash,,,,7550.00 Cr
25-11-2025,Convence Expensece,Payment,913,2600,
,Cash,,,,2600.00 Cr
25-11-2025,G.K.N - Industries,Receipt,909,,64150
,HDFC Bank,,,64150.00 Dr,
25-11-2025,Shri Shyam Baat Bhandar (Bad Ke Bala Ji ),Receipt,910,,18393
,HDFC Bank,,,18393.00 Dr,
25-11-2025,Shri Chand Pasu Aahar Malpura,Receipt,911,,206006
,HDFC Bank,,,206006.00 Dr,
25-11-2025,Anjani Trading Company  -(Beawar),Receipt,912,,213017
,HDFC Bank,,,213017.00 Dr,
25-11-2025,JAGMOHAN  SATISH KUMAR  MAHUWA,Receipt,913,,87534
,HDFC Bank,,,87534.00 Dr,
25-11-2025,Moti Ratan Trading Company Bhilwara,Receipt,914,,50000
,HDFC Bank,,,50000.00 Dr,
25-11-2025,Shri Balaji Agro Industries - Muhana,Receipt,915,,36900
,HDFC Bank,,,36900.00 Dr,
25-11-2025,Shri Balaji Agro Industries - Muhana,Receipt,916,,48215
,HDFC Bank,,,48215.00 Dr,
25-11-2025,Shri Namokaar Trading Company,Receipt,917,,5000
,Cash,,,5000.00 Dr,
25-11-2025,Shri Shyam Baat Bhandar (Bad Ke Bala Ji ),Sales,3009/25-26,17535,
,Sales Account,,,,17535.00 Cr
26-11-2025,Wages Expenses A/C,Payment,914,7650,
,Cash,,,,7650.00 Cr
26-11-2025,Tour & Travel,Payment,915,2150,
,Cash,,,,2150.00 Cr
26-11-2025,Ranjeet Singh,Receipt,918,,12990
,HDFC Bank,,,12990.00 Dr,
26-11-2025,Abhishek Treding Company  Fathenegar,Receipt,919,,253000
,HDFC Bank,,,253000.00 Dr,
26-11-2025,Lavik Traders,Receipt,920,,20823
,HDFC Bank,,,20823.00 Dr,
26-11-2025,Satyenarayan Kunj Bihari  Ude,Receipt,921,,15000
,HDFC Bank,,,15000.00 Dr,
26-11-2025,Balaji Trading  Company  - Lalshot,Sales,3010/25-26,74430,
,Sales Account,,,,74430.00 Cr
26-11-2025,Jain & Brothers - Muhana Mandi,Sales,3011/25-26,62716,
,Sales Account,,,,62716.00 Cr
26-11-2025,Cash,Sales,3012/25-26,,
,Sales Account,,,,
26-11-2025,SAMRIDI TRADERS,Sales,3013/2025-2026,59260,
,Sales Account,,,,59260.00 Cr
26-11-2025,Vinayak Brothers - Renwal,Sales,3014/2025-2026,93690,
,Sales Account,,,,93690.00 Cr
26-11-2025,Shri Shyam Baat Bhandar (Bad Ke Bala Ji ),Sales,3015/2025-2026,13458,
,Sales Account,,,,13458.00 Cr
27-11-2025,Wages Expenses A/C,Payment,916,7600,
,Cash,,,,7600.00 Cr
27-11-2025,Shiv Trading Comnay Vatika,Sales,3016/25-26,73170,
,Sales Account,,,,73170.00 Cr
27-11-2025,Dinesh Baat Bhandar  (Dhabash),Sales,3017/25-26,28500,
,Sales Account,,,,28500.00 Cr
27-11-2025,Kedar Kirana Stor Benadamod,Sales,3018/25-26,21495,
,Sales Account,,,,21495.00 Cr
27-11-2025,G.K.N - Industries,Sales,3019/25-26,44905,
,Sales Account,,,,44905.00 Cr
28-11-2025,Wages Expenses A/C,Payment,917,6200,
,Cash,,,,6200.00 Cr
28-11-2025,Tour & Travel,Payment,918,4000,
,Cash,,,,4000.00 Cr
28-11-2025,Shri Shyam Baat Bhandar (Bad Ke Bala Ji ),Receipt,922,,17535
,HDFC Bank,,,17535.00 Dr,
28-11-2025,Balaji Trading  Company  - Lalshot,Receipt,923,,74432
,HDFC Bank,,,74432.00 Dr,
28-11-2025,Harsit Kotari,Receipt,924,,100000
,HDFC Bank,,,100000.00 Dr,
28-11-2025,JAGMOHAN  SATISH KUMAR  MAHUWA,Sales,3020/25-26,86760,
,Sales Account,,,,86760.00 Cr
28-11-2025,M M Trading Company - Khejroli,Sales,3021/25-26,67500,
,Sales Account,,,,67500.00 Cr
28-11-2025,Ishwar and Company Surajpool,Sales,3022/25-26,98438,
,Sales Account,,,,98438.00 Cr
29-11-2025,Car Loan - Hyrider,Payment,919,48357,
,Punjab National Bank - New,,,,48357.00 Cr
29-11-2025,Wages Expenses A/C,Payment,920,7650,
,Cash,,,,7650.00 Cr
29-11-2025,Office Expenses,Payment,921,1850,
,Cash,,,,1850.00 Cr
29-11-2025,Anukumar Mukesh Kumar Malpura,Receipt,925,,49000
,Punjab National Bank - New,,,49000.00 Dr,
29-11-2025,Prakash Enterprises - Phulera,Sales,3023/25-26,78195,
,Sales Account,,,,78195.00 Cr
29-11-2025,Harsit Kotari,Sales,3024/25-26,231425,
,Sales Account,,,,231425.00 Cr
29-11-2025,G.K.N - Industries,Sales,3025/25-26,51320,
,Sales Account,,,,51320.00 Cr
29-11-2025,S M Sales Corporation  Jaipur,Purchase,208,,30455
,Purchase Account,,,30455.00 Dr,
29-11-2025,Mangal Treding Company Kukerkheda Mhandi,Purchase,209,,7984
,Purchase Account,,,7602.00 Dr,
,CGST-Tax,,,191.00 Dr,
,SGST-Tax,,,191.00 Dr,
29-11-2025,Mangal Treding Company Kukerkheda Mhandi,Purchase,210,,19152
,Purchase Account,,,19152.00 Dr,
30-11-2025,KAMAL TRADING CO Dudu,Receipt,926,,50000
,HDFC Bank,,,50000.00 Dr,
30-11-2025,KAMAL TRADING CO Dudu,Receipt,927,,20000
,HDFC Bank,,,20000.00 Dr,
30-11-2025,Krishna Baat Bhandhar- Sirsi Mode,Sales,3026/25-26,17000,
,Sales Account,,,,17000.00 Cr
30-11-2025,Satyenarayan Kunj Bihari  Ude,Sales,3027/25-26,30070,
,Sales Account,,,,30070.00 Cr
30-11-2025,Subhash Industries Jaipur,Purchase,211,,31851
,Purchase Account,,,31851.00 Dr,
30-11-2025,Vetkind Animal Health India,Purchase,212,,35000
,Purchase Account,,,35000.00 Dr,
30-11-2025,Vetkind Animal Health India,Purchase,213,,25000
,Purchase Account,,,25000.00 Dr,
30-11-2025,Vetkind Animal Health India,Purchase,214,,51750
,Purchase Account,,,51750.00 Dr,
30-11-2025,Vetkind Animal Health India,Purchase,215,,32500
,Purchase Account,,,32500.00 Dr,
30-11-2025,Vetkind Animal Health India,Purchase,216,,155000
,Purchase Account,,,155000.00 Dr,
30-11-2025,Vetkind Animal Health India,Purchase,217,,24000
,Purchase Account,,,24000.00 Dr,
30-11-2025,Vetkind Animal Health India,Purchase,218,,16500
,Purchase Account,,,16500.00 Dr,
01-12-2025,Wages Expenses A/C,Payment,922,7650,
,Cash,,,,7650.00 Cr
01-12-2025,Tour & Travel,Payment,923,2620,
,Cash,,,,2620.00 Cr
01-12-2025,Shri Shyam Baat Bhandar (Bad Ke Bala Ji ),Receipt,928,,13458
,HDFC Bank,,,13458.00 Dr,
01-12-2025,Babulal Ji Yadav - Mahaswas,Receipt,929,,80000
,HDFC Bank,,,80000.00 Dr,
01-12-2025,Ranjeet Singh,Receipt,930,,9500
,Cash,,,9500.00 Dr,
01-12-2025,M M Trading Company - Khejroli,Receipt,931,,9000
,Cash,,,9000.00 Dr,
01-12-2025,Rakesh Kirana Store - Khejroli,Receipt,932,,3435
,Cash,,,3435.00 Dr,
01-12-2025,Shyam Ji Yadav,Receipt,933,,9500
,Cash,,,9500.00 Dr,
01-12-2025,Shri Shyam Baat Bhandar (Bad Ke Bala Ji ),Sales,3028/25-26,14070,
,Sales Account,,,,14070.00 Cr
01-12-2025,Lavik Traders,Sales,3029/25-26,62805,
,Sales Account,,,,62805.00 Cr
01-12-2025,Vishnu Dairy Lalchandpura,Sales,3030/25-26,62647,
,Sales Account,,,,62647.00 Cr
01-12-2025,SHRI BALAJI ENTERPRISES-TIGARIYA,Sales,3031/25-26,67766,
,Sales Account,,,,67766.00 Cr
01-12-2025,Babulal Ji Yadav - Mahaswas,Sales,3032/25-26,78750,
,Sales Account,,,,78750.00 Cr
01-12-2025,Shri Chand Pasu Aahar Malpura,Sales,3033/25-26,126990,
,Sales Account,,,,126990.00 Cr
02-12-2025,BUSINESS PROMOTION EXPENSES,Payment,924,40989,
,HDFC Bank,,,,40989.00 Cr
02-12-2025,Wages Expenses A/C,Payment,925,7600,
,Cash,,,,7600.00 Cr
02-12-2025,Office Expenses,Payment,926,1950,
,Cash,,,,1950.00 Cr
02-12-2025,Tarachand Ji -Yadav Khejroli,Receipt,934,,10000
,HDFC Bank,,,10000.00 Dr,
02-12-2025,Arihant  Kumar Rahul Kumar  Medta Seety - S,Receipt,935,,286426
,HDFC Bank,,,286426.00 Dr,
02-12-2025,Jaipur Agro Tech Surajpole Mandi,Receipt,936,,106312
,HDFC Bank,,,106312.00 Dr,
02-12-2025,Anukumar Mukesh Kumar Malpura,Receipt,937,,49000
,Punjab National Bank - New,,,49000.00 Dr,
02-12-2025,Ranjeet Singh,Receipt,938,,9500
,Cash,,,9500.00 Dr,
02-12-2025,M M Trading Company - Khejroli,Receipt,939,,9000
,Cash,,,9000.00 Dr,
02-12-2025,Murlidhar Ji Yadav- Khejroli,Receipt,940,,9000
,Cash,,,9000.00 Dr,
02-12-2025,Shyam Ji Yadav,Receipt,941,,9500
,Cash,,,9500.00 Dr,
02-12-2025,Ranjeet Singh,Sales,3034/25-26,22460,
,Sales Account,,,,22460.00 Cr
02-12-2025,Shyam Ji Yadav,Sales,3035/25-26,56435,
,Sales Account,,,,56435.00 Cr
02-12-2025,G.K.N - Industries,Sales,3036/25-26,44330,
,Sales Account,,,,44330.00 Cr
02-12-2025,J.S. Packers - Jaipur,Purchase,219,,27195.46
,Purchase Account,,,23047.00 Dr,
,SGST-Tax,,,2074.23 Dr,
,CGST-Tax,,,2074.23 Dr,
02-12-2025,Jai Shanker Rice and  Gen Mill,Purchase,220,,507792
,Purchase Account,,,507792.00 Dr,
03-12-2025,Wages Expenses A/C,Payment,927,7550,
,Cash,,,,7550.00 Cr
03-12-2025,Convence Expensece,Payment,928,2400,
,Cash,,,,2400.00 Cr
03-12-2025,Ranjeet Singh,Receipt,942,,3460
,Cash,,,3460.00 Dr,
03-12-2025,M M Trading Company - Khejroli,Receipt,943,,9000
,Cash,,,9000.00 Dr,
03-12-2025,Murlidhar Ji Yadav- Khejroli,Receipt,944,,9000
,Cash,,,9000.00 Dr,
03-12-2025,Shyam Ji Yadav,Receipt,945,,9500
,Cash,,,9500.00 Dr,
03-12-2025,Lavik Traders,Receipt,946,,44735
,HDFC Bank,,,44735.00 Dr,
03-12-2025,Ganesh Pashuahar Chaksu,Sales,3037/25-26,37110,
,Sales Account,,,,37110.00 Cr
03-12-2025,Shri Shyam Baat Bhandar (Bad Ke Bala Ji ),Sales,3038/25-26,13458,
,Sales Account,,,,13458.00 Cr
03-12-2025,Rakesh Kirana Store - Khejroli,Sales,3039/25-26,28445,
,Sales Account,,,,28445.00 Cr
03-12-2025,Shri Vaibhav Metacast Pvt Ltd Unit,Sales,3040/25-26,35700,
,Sales Account,,,,35700.00 Cr
03-12-2025,Tarachand Ji -Yadav Khejroli,Sales,3041/25-26,44900,
,Sales Account,,,,44900.00 Cr
03-12-2025,Uttam Agencies Sambriya,Sales,3042/25-26,51020,
,Sales Account,,,,51020.00 Cr
03-12-2025,Anukumar Mukesh Kumar Malpura,Sales,3043/25-26,84205,
,Sales Account,,,,84205.00 Cr
03-12-2025,Rambilas Ishwardas - Kukerkeda,Purchase,221,,5659
,Purchase Account,,,5390.00 Dr,
,SGST-Tax,,,134.50 Dr,
,CGST-Tax,,,134.50 Dr,
03-12-2025,R S Oil Mils,Purchase,222,,48560
,Purchase Account,,,48560.00 Dr,
03-12-2025,R S Oil Mils,Purchase,223,,48828
,Purchase Account,,,48828.00 Dr,
04-12-2025,S M Sales Corporation  Jaipur,Payment,929,30455,
,Punjab National Bank - New,,,,30455.00 Cr
04-12-2025,Subhash Industries Jaipur,Payment,930,31851,
,HDFC Bank,,,,31851.00 Cr
04-12-2025,Jai Shanker Rice and  Gen Mill,Payment,931,507792,
,HDFC Bank,,,,507792.00 Cr
04-12-2025,Wages Expenses A/C,Payment,932,7600,
,Cash,,,,7600.00 Cr
04-12-2025,Tour & Travel,Payment,933,2200,
,Cash,,,,2200.00 Cr
04-12-2025,Choudhary Pashu Aahar  Parbatsar,Receipt,947,,37065
,HDFC Bank,,,37065.00 Dr,
04-12-2025,Shri Vaibhav Metacast Pvt Ltd Unit,Receipt,948,,40250
,HDFC Bank,,,40250.00 Dr,
04-12-2025,S Kumar & Company - Navalgarh,Receipt,949,,50000
,HDFC Bank,,,50000.00 Dr,
04-12-2025,Godha Enterprises (Hingoniya),Receipt,950,,9500
,Cash,,,9500.00 Dr,
04-12-2025,M M Trading Company - Khejroli,Receipt,951,,9000
,Cash,,,9000.00 Dr,
04-12-2025,Murlidhar Ji Yadav- Khejroli,Receipt,952,,2000
,Cash,,,2000.00 Dr,
04-12-2025,Laxmipati Traders,Sales,3044/25-26,67125,
,Sales Account,,,,67125.00 Cr
04-12-2025,Vijay Enterprises- Jaipur,Sales,3045/25-26,50000,
,Sales Account,,,,50000.00 Cr
04-12-2025,Choudhary Pashu Aahar  Parbatsar,Sales,3046/25-26,87080,
,Sales Account,,,,87080.00 Cr
04-12-2025,DILIP UDYOUG,Purchase,224,,40986
,Purchase Account,,,40986.00 Dr,
05-12-2025,Rambilas Ishwardas - Kukerkeda,Payment,934,5659,
,Punjab National Bank - New,,,,5659.00 Cr
05-12-2025,Machinery Reparing,Payment,935,6739,
,Punjab National Bank - New,,,,6739.00 Cr
05-12-2025,Wages Expenses A/C,Payment,936,7650,
,Cash,,,,7650.00 Cr
05-12-2025,Machinery Reparing,Payment,937,2650,
,Cash,,,,2650.00 Cr
05-12-2025,Shri Shyam Baat Bhandar (Bad Ke Bala Ji ),Receipt,953,,14070
,HDFC Bank,,,14070.00 Dr,
05-12-2025,Godha Enterprises (Hingoniya),Receipt,954,,9500
,Cash,,,9500.00 Dr,
05-12-2025,M M Trading Company - Khejroli,Receipt,955,,9000
,Cash,,,9000.00 Dr,
05-12-2025,Shyam Ji Yadav,Receipt,956,,9500
,Cash,,,9500.00 Dr,
05-12-2025,Shri Shyam Baat Bhandar (Bad Ke Bala Ji ),Sales,3047/25-26,13213,
,Sales Account,,,,13213.00 Cr
05-12-2025,Jai Shree Trading Company Churu,Purchase,225,,226065
,Purchase Account,,,226065.00 Dr,
06-12-2025,R S Oil Mils,Payment,938,97388,
,Punjab National Bank - New,,,,97388.00 Cr
06-12-2025,Jai Shree Trading Company Churu,Payment,939,222065,
,HDFC Bank,,,,222065.00 Cr
06-12-2025,Ajay Kumar,Payment,940,15000,
,HDFC Bank,,,,15000.00 Cr
06-12-2025,DILIP UDYOUG,Payment,941,40986,
,HDFC Bank,,,,40986.00 Cr
06-12-2025,Wages Expenses A/C,Payment,942,7500,
,Cash,,,,7500.00 Cr
06-12-2025,Convence Expensece,Payment,943,2400,
,Cash,,,,2400.00 Cr
06-12-2025,Godha Enterprises (Hingoniya),Receipt,957,,9000
,Cash,,,9000.00 Dr,
06-12-2025,M M Trading Company - Khejroli,Receipt,958,,9000
,Cash,,,9000.00 Dr,
06-12-2025,Shyam Ji Yadav,Receipt,959,,9500
,Cash,,,9500.00 Dr,
06-12-2025,Balaji Trading  Company  - Lalshot,Sales,3048/25-26,51300,
,Sales Account,,,,51300.00 Cr
06-12-2025,Lavik Traders,Sales,3049/25-26,48652,
,Sales Account,,,,48652.00 Cr
06-12-2025,DILIP UDYOUG,Purchase,226,,40986
,Purchase Account,,,40986.00 Dr,
07-12-2025,Nilesh Kumar Khandelwal,Payment,944,9500,
,Vijay Kumar Khandelwal,,,9500.00 Dr,
,Priyanka Devi Khandelwal,,,9500.00 Dr,
,Vishnu Gupta,,,9500.00 Dr,
,Nitesh,,,9500.00 Dr,
,Pradeep Kumar Gupta,,,9500.00 Dr,
,Raju Lal Ji,,,9500.00 Dr,
,Raju Mistri,,,9500.00 Dr,
,Cash,,,,76000.00 Cr
07-12-2025,M M Trading Company - Khejroli,Sales,3050/25-26,64625,
,Sales Account,,,,64625.00 Cr
08-12-2025,Wages Expenses A/C,Payment,945,7650,
,Cash,,,,7650.00 Cr
08-12-2025,Fright Exp,Payment,946,9000,
,Cash,,,,9000.00 Cr
08-12-2025,Tour & Travel,Payment,947,2240,
,Cash,,,,2240.00 Cr
08-12-2025,Nilesh Kumar Khandelwal,Payment,948,9500,
,Vijay Kumar Khandelwal,,,9500.00 Dr,
,Priyanka Devi Khandelwal,,,9500.00 Dr,
,Pradeep Kumar Gupta,,,8000.00 Dr,
,Raju Lal Gupta,,,4500.00 Dr,
,Vishnu Gupta,,,9500.00 Dr,
,Nitesh,,,9500.00 Dr,
,Raju Mistri,,,4000.00 Dr,
,Cash,,,,64000.00 Cr
08-12-2025,Shri Hari Shanker Khandelwal,Payment,949,9000,
,Cash,,,,9000.00 Cr
08-12-2025,Haritwal Pashu Ahar Vatika,Receipt,960,,9500
,Cash,,,9500.00 Dr,
08-12-2025,Godha Enterprises (Hingoniya),Receipt,961,,9000
,Cash,,,9000.00 Dr,
08-12-2025,Balaji Trading  Company  - Lalshot,Receipt,962,,51300
,HDFC Bank,,,51300.00 Dr,
08-12-2025,SHRI BALAJI ENTERPRISES-TIGARIYA,Receipt,963,,70000
,HDFC Bank,,,70000.00 Dr,
08-12-2025,M M Trading Company - Khejroli,Receipt,964,,9000
,Cash,,,9000.00 Dr,
08-12-2025,Shyam Ji Yadav,Receipt,965,,9500
,Cash,,,9500.00 Dr,
08-12-2025,JAGMOHAN  SATISH KUMAR  MAHUWA,Receipt,966,,86632
,HDFC Bank,,,86632.00 Dr,
08-12-2025,Ishwar and Company Surajpool,Sales,3051/25-26,78750,
,Sales Account,,,,78750.00 Cr
08-12-2025,Dugya Cattle Feed - Muhana,Sales,3052/25-26,60464,
,Sales Account,,,,60464.00 Cr
08-12-2025,Jurashik Minral,Purchase,227,,27556
,Purchase Account,,,27556.00 Dr,
09-12-2025,Wages Expenses A/C,Payment,950,7750,
,Cash,,,,7750.00 Cr
09-12-2025,Fright Exp,Payment,951,5250,
,Cash,,,,5250.00 Cr
09-12-2025,Tour & Travel,Payment,952,1500,
,Cash,,,,1500.00 Cr
09-12-2025,Haritwal Pashu Ahar Vatika,Receipt,967,,9500
,Cash,,,9500.00 Dr,
09-12-2025,Godha Enterprises (Hingoniya),Receipt,968,,9000
,Cash,,,9000.00 Dr,
09-12-2025,Rakesh Kirana Store - Khejroli,Receipt,969,,25000
,HDFC Bank,,,25000.00 Dr,
09-12-2025,Choudhary Pashu Aahar  Parbatsar,Receipt,970,,30000
,HDFC Bank,,,30000.00 Dr,
09-12-2025,Harsit Kotari,Receipt,971,,100000
,HDFC Bank,,,100000.00 Dr,
09-12-2025,M M Trading Company - Khejroli,Receipt,972,,9000
,Cash,,,9000.00 Dr,
09-12-2025,Shyam Ji Yadav,Receipt,973,,8390
,Cash,,,8390.00 Dr,
09-12-2025,Krishna Baat Bhandhar- Sirsi Mode,Receipt,974,,9000
,Cash,,,9000.00 Dr,
09-12-2025,Jai Jagdamba Treding Company Nangal Bhirda,Sales,3053/25-26,53170,
,Sales Account,,,,53170.00 Cr
09-12-2025,Balaji Indastrises  Didwana,Sales,3054/25-26,81510,
,Sales Account,,,,81510.00 Cr
09-12-2025,Jain & Brothers - Muhana Mandi,Sales,3055/25-26,62717,
,Sales Account,,,,62717.00 Cr
09-12-2025,"P,H,Food Products Guna Mp",Purchase,228,,758640
,Purchase Account,,,758640.00 Dr,
10-12-2025,Mangal Treding Company Kukerkheda Mhandi,Payment,953,27034,
,Punjab National Bank - New,,,,27034.00 Cr
10-12-2025,Wages Expenses A/C,Payment,954,7650,
,Cash,,,,7650.00 Cr
10-12-2025,Tour & Travel,Payment,955,3000,
,Cash,,,,3000.00 Cr
10-12-2025,Haritwal Pashu Ahar Vatika,Receipt,975,,9695
,Cash,,,9695.00 Dr,
10-12-2025,M M Trading Company - Khejroli,Receipt,976,,9000
,Cash,,,9000.00 Dr,
10-12-2025,Jai Jagdamba Treding Company Nangal Bhirda,Receipt,977,,9500
,Cash,,,9500.00 Dr,
10-12-2025,Ranjeet Singh,Receipt,978,,9000
,Cash,,,9000.00 Dr,
10-12-2025,Vinayak Brothers - Renwal,Receipt,979,,94180
,HDFC Bank,,,94180.00 Dr,
10-12-2025,Krishna Baat Bhandhar- Sirsi Mode,Receipt,980,,8000
,Cash,,,8000.00 Dr,
10-12-2025,Vishnu Dairy Lalchandpura,Receipt,981,,9000
,Cash,,,9000.00 Dr,
10-12-2025,Uttam Agencies Sambriya,Receipt,982,,49609
,Punjab National Bank - New,,,49609.00 Dr,
10-12-2025,Shri Shyam Baat Bhandar (Bad Ke Bala Ji ),Receipt,983,,13458
,HDFC Bank,,,13458.00 Dr,
10-12-2025,Ranjeet Singh,Sales,3056/25-26,22455,
,Sales Account,,,,22455.00 Cr
10-12-2025,Khandelwal Kirana  Store - Nindar,Sales,3057/25-26,29320,
,Sales Account,,,,29320.00 Cr
10-12-2025,Shri Shyam Baat Bhandar (Bad Ke Bala Ji ),Sales,3058/25-26,9380,
,Sales Account,,,,9380.00 Cr
10-12-2025,Ramnarayan Ji Yadev  Dhanota,Sales,3059/25-26,58750,
,Sales Account,,,,58750.00 Cr
10-12-2025,D .K Tradars,Purchase,229,,560535
,Purchase Account,,,560535.00 Dr,
11-12-2025,Wages Expenses A/C,Payment,956,7600,
,Cash,,,,7600.00 Cr
11-12-2025,Machinery Reparing,Payment,957,2840,
,Cash,,,,2840.00 Cr
11-12-2025,Electricity and Water Expenses,Payment,958,86220,
,HDFC Bank,,,,86220.00 Cr
11-12-2025,M M Trading Company - Khejroli,Receipt,984,,9000
,Cash,,,9000.00 Dr,
11-12-2025,Jai Jagdamba Treding Company Nangal Bhirda,Receipt,985,,9500
,Cash,,,9500.00 Dr,
11-12-2025,Ranjeet Singh,Receipt,986,,9000
,Cash,,,9000.00 Dr,
11-12-2025,Ganesh Pashuahar Chaksu,Receipt,987,,300000
,HDFC Bank,,,300000.00 Dr,
11-12-2025,Dugya Cattle Feed - Muhana,Receipt,988,,69300
,HDFC Bank,,,69300.00 Dr,
11-12-2025,Godha Enterprises (Hingoniya),Receipt,989,,37100
,HDFC Bank,,,37100.00 Dr,
11-12-2025,Vishnu Dairy Lalchandpura,Receipt,990,,9000
,Cash,,,9000.00 Dr,
11-12-2025,Mehta Baat Bhandhar - GovindPura,Sales,3060/25-26,56160,
,Sales Account,,,,56160.00 Cr
11-12-2025,Godha Enterprises (Hingoniya),Sales,3061/25-26,83100,
,Sales Account,,,,83100.00 Cr
11-12-2025,"Kailash Chand Deen Dayal - Kasera, Shreemodhopur",Sales,3062/25-26,62895,
,Sales Account,,,,62895.00 Cr
12-12-2025,DILIP UDYOUG,Payment,959,40986,
,Punjab National Bank - New,,,,40986.00 Cr
12-12-2025,Wages Expenses A/C,Payment,960,7550,
,Cash,,,,7550.00 Cr
12-12-2025,Office Expenses,Payment,961,2440,
,Cash,,,,2440.00 Cr
12-12-2025,M M Trading Company - Khejroli,Receipt,991,,9000
,Cash,,,9000.00 Dr,
12-12-2025,Jai Jagdamba Treding Company Nangal Bhirda,Receipt,992,,9500
,Cash,,,9500.00 Dr,
12-12-2025,Ranjeet Singh,Receipt,993,,4455
,Cash,,,4455.00 Dr,
12-12-2025,Ishwar and Company Surajpool,Receipt,994,,78750
,HDFC Bank,,,78750.00 Dr,
12-12-2025,Satyenarayan Kunj Bihari  Ude,Receipt,995,,29738
,HDFC Bank,,,29738.00 Dr,
12-12-2025,Shiv Trading Comnay Vatika,Receipt,996,,73170
,HDFC Bank,,,73170.00 Dr,
12-12-2025,Maruti Trading Company Kalwar,Receipt,997,,46000
,HDFC Bank,,,46000.00 Dr,
12-12-2025,Shri Shyam Baat Bhandar (Bad Ke Bala Ji ),Receipt,998,,22593
,HDFC Bank,,,22593.00 Dr,
12-12-2025,Blue Diamond Food Production,Receipt,999,,10000
,HDFC Bank,,,10000.00 Dr,
12-12-2025,Vishnu Dairy Lalchandpura,Receipt,1000,,9000
,Cash,,,9000.00 Dr,
12-12-2025,Discount Given,Journal,20,337,
,Satyenarayan Kunj Bihari  Ude,,,,337.00 Cr
12-12-2025,Shri Shyam Baat Bhandar (Bad Ke Bala Ji ),Sales,3063/25-26,17535,
,Sales Account,,,,17535.00 Cr
12-12-2025,Madan Mohan Trading Watika,Sales,3064/25-26,53707,
,Sales Account,,,,53707.00 Cr
12-12-2025,SHRI BALAJI ENTERPRISES-TIGARIYA,Sales,3065/25-26,68865,
,Sales Account,,,,68865.00 Cr
12-12-2025,PRABHA MAHILA KISSAN PRODUSER KHANDER,Sales,3066/25-26,63000,
,Sales Account,,,,63000.00 Cr
12-12-2025,Rajendra Kumar Pawan Kumar Fhagi,Sales,3067/25-26,73140,
,Sales Account,,,,73140.00 Cr
12-12-2025,Abhishek Treding Company  Fathenegar,Sales,3068/25-26,237400,
,Sales Account,,,,237400.00 Cr
12-12-2025,Balaji Packers - Jaipur,Purchase,230,,86012
,Purchase Account,,,72891.00 Dr,
,SGST-Tax,,,6560.50 Dr,
,CGST-Tax,,,6560.50 Dr,
12-12-2025,Agrasen Cotton Private Limited  Chomu,Purchase,231,,79273
,Purchase Account,,,79273.00 Dr,
12-12-2025,Agrasen Cotton Private Limited  Chomu,Purchase,232,,75192
,Purchase Account,,,71612.00 Dr,
,SGST-Tax,,,1790.00 Dr,
,CGST-Tax,,,1790.00 Dr,
13-12-2025,Telephone Exp,Payment,962,1049,
,HDFC Bank,,,,1049.00 Cr
13-12-2025,Wages Expenses A/C,Payment,963,7600,
,Cash,,,,7600.00 Cr
13-12-2025,Convence Expensece,Payment,964,2800,
,Cash,,,,2800.00 Cr
13-12-2025,M M Trading Company - Khejroli,Receipt,1001,,9500
,Cash,,,9500.00 Dr,
13-12-2025,Jai Jagdamba Treding Company Nangal Bhirda,Receipt,1002,,9500
,Cash,,,9500.00 Dr,
13-12-2025,G.K.N - Industries,Receipt,1003,,44330
,HDFC Bank,,,44330.00 Dr,
13-12-2025,Vishnu Dairy Lalchandpura,Receipt,1004,,9000
,Cash,,,9000.00 Dr,
13-12-2025,Ganesh Pashuahar Chaksu,Sales,3069/25-26,73500,
,Sales Account,,,,73500.00 Cr
13-12-2025,Ganesh Pashuahar Chaksu,Sales,3070/25-26,69250,
,Sales Account,,,,69250.00 Cr
13-12-2025,Mamraj and Company Khejroli,Sales,3071/25-26,63250,
,Sales Account,,,,63250.00 Cr
14-12-2025,"Kailash Chand Deen Dayal - Kasera, Shreemodhopur",Receipt,1005,,62825
,Punjab National Bank - New,,,62825.00 Dr,
14-12-2025,Lavik Traders,Sales,3072/25-26,62631,
,Sales Account,,,,62631.00 Cr
15-12-2025,Shri Hari Shanker Khandelwal,Payment,965,70000,
,HDFC Bank,,,,70000.00 Cr
15-12-2025,D .K Tradars,Payment,966,558055,
,HDFC Bank,,,,558055.00 Cr
15-12-2025,Jurashik Minral,Payment,967,27556,
,HDFC Bank,,,,27556.00 Cr
15-12-2025,Wages Expenses A/C,Payment,968,7600,
,Cash,,,,7600.00 Cr
15-12-2025,Tour & Travel,Payment,969,2530,
,Cash,,,,2530.00 Cr
15-12-2025,Office Expenses,Payment,970,1100,
,Cash,,,,1100.00 Cr
15-12-2025,Vishnu Dairy Lalchandpura,Receipt,1006,,9000
,Cash,,,9000.00 Dr,
15-12-2025,M M Trading Company - Khejroli,Receipt,1007,,9500
,Cash,,,9500.00 Dr,
15-12-2025,Jai Jagdamba Treding Company Nangal Bhirda,Receipt,1008,,9500
,Cash,,,9500.00 Dr,
15-12-2025,Giriraj Enterprises - Kalu Ka Baas,Receipt,1009,,70000
,HDFC Bank,,,70000.00 Dr,
15-12-2025,Shri Shyam Baat Bhandar (Bad Ke Bala Ji ),Receipt,1010,,17535
,HDFC Bank,,,17535.00 Dr,
15-12-2025,Rajendra Kumar Pawan Kumar Fhagi,Receipt,1011,,73140
,HDFC Bank,,,73140.00 Dr,
15-12-2025,Shri Balaji Agro Industries - Muhana,Receipt,1012,,60420
,HDFC Bank,,,60420.00 Dr,
15-12-2025,SHRI BALAJI ENTERPRISES-TIGARIYA,Receipt,1013,,70000
,HDFC Bank,,,70000.00 Dr,
15-12-2025,Giriraj Trading Company - Alwar,Receipt,1014,,75000
,Punjab National Bank - New,,,75000.00 Dr,
15-12-2025,Satyenarayan Kunj Bihari  Ude,Sales,3073/25-26,49000,
,Sales Account,,,,49000.00 Cr
15-12-2025,Shri Shyam Baat Bhandar (Bad Ke Bala Ji ),Sales,3074/25-26,12845,
,Sales Account,,,,12845.00 Cr
15-12-2025,Arihant  Kumar Rahul Kumar  Medta Seety - S,Sales,3075/25-26,113115,
,Sales Account,,,,113115.00 Cr
15-12-2025,Maruti Trading Company Kalwar,Sales,3076/25-26,57960,
,Sales Account,,,,57960.00 Cr
15-12-2025,Balaji Trading  Company  - Lalshot,Sales,3077/25-26,76950,
,Sales Account,,,,76950.00 Cr
16-12-2025,Agrasen Cotton Private Limited  Chomu,Payment,971,154465,
,HDFC Bank,,,,154465.00 Cr
16-12-2025,Wages Expenses A/C,Payment,972,7650,
,Cash,,,,7650.00 Cr
16-12-2025,Machinery Reparing,Payment,973,2350,
,Cash,,,,2350.00 Cr
16-12-2025,"P,H,Food Products Guna Mp",Payment,974,755310,
,HDFC Bank,,,,755310.00 Cr
16-12-2025,M M Trading Company - Khejroli,Receipt,1015,,9500
,Cash,,,9500.00 Dr,
16-12-2025,Jai Jagdamba Treding Company Nangal Bhirda,Receipt,1016,,6770
,Cash,,,6770.00 Dr,
16-12-2025,Balaji Trading  Company  - Lalshot,Receipt,1017,,76950
,HDFC Bank,,,76950.00 Dr,
16-12-2025,Lavik Traders,Receipt,1018,,62937
,HDFC Bank,,,62937.00 Dr,
16-12-2025,Jaipur Agro Tech Surajpole Mandi,Receipt,1019,,94500
,HDFC Bank,,,94500.00 Dr,
16-12-2025,Vishnu Dairy Lalchandpura,Receipt,1020,,5000
,Cash,,,5000.00 Dr,
16-12-2025,Pashupati Trading Company,Sales,3078/25-26,58677,
,Sales Account,,,,58677.00 Cr
16-12-2025,Giriraj Enterprises - Kalu Ka Baas,Sales,3079/25-26,53865,
,Sales Account,,,,53865.00 Cr
16-12-2025,Shri Shyam Enterprises - Kalu Ka Baas,Sales,3080/25-26,11250,
,Sales Account,,,,11250.00 Cr
17-12-2025,Piccadily Agro Industries Ltd,Payment,975,475000,
,HDFC Bank,,,,475000.00 Cr
17-12-2025,Wages Expenses A/C,Payment,976,7600,
,Cash,,,,7600.00 Cr
17-12-2025,Tour & Travel,Payment,977,2500,
,Cash,,,,2500.00 Cr
17-12-2025,Office Expenses,Payment,978,596,
,Cash,,,,596.00 Cr
17-12-2025,M M Trading Company - Khejroli,Receipt,1021,,9500
,Cash,,,9500.00 Dr,
17-12-2025,Bansidhar Ji Tatla - Nangal Koju,Receipt,1022,,2000
,HDFC Bank,,,2000.00 Dr,
17-12-2025,Shri Chand Pasu Aahar Malpura,Receipt,1023,,195920
,HDFC Bank,,,195920.00 Dr,
17-12-2025,Harsit Kotari,Receipt,1024,,31000
,HDFC Bank,,,31000.00 Dr,
17-12-2025,KAMAL TRADING CO Dudu,Sales,3081/25-26,69695,
,Sales Account,,,,69695.00 Cr
17-12-2025,Vinayak Brothers - Renwal,Sales,3082/25-26,94310,
,Sales Account,,,,94310.00 Cr
17-12-2025,Ishwar and Company Surajpool,Sales,3083/25-26,78750,
,Sales Account,,,,78750.00 Cr
18-12-2025,Piccadily Agro Industries Ltd,Payment,979,9094,
,HDFC Bank,,,,9094.00 Cr
18-12-2025,BUSINESS PROMOTION EXPENSES,Payment,980,47701,
,HDFC Bank,,,,47701.00 Cr
18-12-2025,Wages Expenses A/C,Payment,981,7500,
,Cash,,,,7500.00 Cr
18-12-2025,Convence Expensece,Payment,982,2650,
,Cash,,,,2650.00 Cr
18-12-2025,M M Trading Company - Khejroli,Receipt,1025,,2500
,Cash,,,2500.00 Dr,
18-12-2025,Shri Shyam Baat Bhandar (Bad Ke Bala Ji ),Receipt,1026,,12845
,HDFC Bank,,,12845.00 Dr,
18-12-2025,KAMAL TRADING CO Dudu,Receipt,1027,,60000
,HDFC Bank,,,60000.00 Dr,
18-12-2025,Pashupati Trading Company,Receipt,1028,,62680
,Punjab National Bank - New,,,62680.00 Dr,
18-12-2025,Shri Shyam Baat Bhandar (Bad Ke Bala Ji ),Sales,3084/25-26,14267,
,Sales Account,,,,14267.00 Cr
18-12-2025,Maa Karni Baat Bhander Sodala,Sales,3085/25-26,19030,
,Sales Account,,,,19030.00 Cr
18-12-2025,JAGMOHAN  SATISH KUMAR  MAHUWA,Sales,3086/25-26,92840,
,Sales Account,,,,92840.00 Cr
18-12-2025,Shri Chand Pasu Aahar Malpura,Sales,3087/25-26,141789,
,Sales Account,,,,141789.00 Cr
18-12-2025,Jain & Brothers - Muhana Mandi,Sales,3088/25-26,62717,
,Sales Account,,,,62717.00 Cr
18-12-2025,SHRI RAM INDUSTRIES  (PHULERA),Purchase,233,,197556
,Purchase Account,,,197556.00 Dr,
18-12-2025,BHAGTHALI TRADING CO.,Purchase,234,,157907
,Purchase Account,,,157907.00 Dr,
18-12-2025,Jai Shanker Rice and  Gen Mill,Purchase,235,,563237
,Purchase Account,,,563237.00 Dr,
19-12-2025,Office Expenses,Payment,983,2000,
,Punjab National Bank - New,,,,2000.00 Cr
19-12-2025,SHRI RAM INDUSTRIES  (PHULERA),Payment,984,197556,
,HDFC Bank,,,,197556.00 Cr
19-12-2025,Wages Expenses A/C,Payment,985,7650,
,Cash,,,,7650.00 Cr
19-12-2025,Tour & Travel,Payment,986,2750,
,Cash,,,,2750.00 Cr
19-12-2025,D .K Tradars,Payment,987,2480,
,HDFC Bank,,,,2480.00 Cr
19-12-2025,Vinayak Genral Stor Ranwal,Receipt,1029,,4678
,HDFC Bank,,,4678.00 Dr,
19-12-2025,Vinayak Genral Stor Ranwal,Receipt,1030,,65000
,HDFC Bank,,,65000.00 Dr,
19-12-2025,G.K.N - Industries,Receipt,1031,,92322
,HDFC Bank,,,92322.00 Dr,
19-12-2025,Balaji Indastrises  Didwana,Receipt,1032,,81461
,HDFC Bank,,,81461.00 Dr,
19-12-2025,Mamraj and Company Khejroli,Sales,3089/25-26,69000,
,Sales Account,,,,69000.00 Cr
19-12-2025,Sagar Feed Bilwada,Sales,3090/25-26,96330,
,Sales Account,,,,96330.00 Cr
19-12-2025,Vinayak Genral Stor Ranwal,Sales,3091/25-26,69678,
,Sales Account,,,,69678.00 Cr
19-12-2025,Anjani Trading Company  -(Beawar),Sales,3092/25-26,211695,
,Sales Account,,,,211695.00 Cr
19-12-2025,Krishna Enterprises Jetpura,Purchase,236,,68395
,Purchase Account,,,68395.00 Dr,
19-12-2025,Khandelwal Steel Jaipur - Jaipur,Purchase,237,,15465
,Purchase Account,,,14729.00 Dr,
,SGST-Tax,,,368.00 Dr,
,CGST-Tax,,,368.00 Dr,
20-12-2025,Wages Expenses A/C,Payment,988,7600,
,Cash,,,,7600.00 Cr
20-12-2025,Printing & Stationary,Payment,989,2440,
,Cash,,,,2440.00 Cr
20-12-2025,Balaji Packers - Jaipur,Payment,990,83071,
,HDFC Bank,,,,83071.00 Cr
20-12-2025,Maa Karni Baat Bhander Sodala,Receipt,1033,,19030
,HDFC Bank,,,19030.00 Dr,
20-12-2025,Shri Shyam Baat Bhandar (Bad Ke Bala Ji ),Receipt,1034,,14267
,HDFC Bank,,,14267.00 Dr,
20-12-2025,Jaipur Agro Tech Surajpole Mandi,Receipt,1035,,86625
,HDFC Bank,,,86625.00 Dr,
20-12-2025,Shri Shyam Baat Bhandar (Bad Ke Bala Ji ),Sales,3093/25-26,13458,
,Sales Account,,,,13458.00 Cr
20-12-2025,S Kumar & Company - Navalgarh,Sales,3095/2024-2025,332585,
,Sales Account,,,,332585.00 Cr
20-12-2025,Piccadily Agro Industries Ltd,Purchase,238,,484094
,Purchase Account,,,461042.00 Dr,
,IGST-Tax,,,23052.00 Dr,
21-12-2025,M M Trading Company - Khejroli,Receipt,1036,,9500
,Cash,,,9500.00 Dr,
21-12-2025,Shyam Ji Yadav,Receipt,1037,,9000
,Cash,,,9000.00 Dr,
21-12-2025,Choudhary Pashu Aahar  Parbatsar,Receipt,1038,,51080
,HDFC Bank,,,51080.00 Dr,
21-12-2025,Harsit Kotari,Sales,3096/2024-2025,331295,
,Sales Account,,,,331295.00 Cr
21-12-2025,Agri Channel Overseas Tonk Rood Jaipur,Purchase,239,,547313
,Purchase Account,,,521250.00 Dr,
,SGST-Tax,,,13031.50 Dr,
,CGST-Tax,,,13031.50 Dr,
22-12-2025,Wages Expenses A/C,Payment,991,7550,
,Cash,,,,7550.00 Cr
22-12-2025,Office Expenses,Payment,992,2450,
,Cash,,,,2450.00 Cr
22-12-2025,Jai Shanker Rice and  Gen Mill,Payment,993,563237,
,HDFC Bank,,,,563237.00 Cr
22-12-2025,Krishna Enterprises Jetpura,Payment,994,68395,
,HDFC Bank,,,,68395.00 Cr
22-12-2025,Agri Channel Overseas Tonk Rood Jaipur,Payment,995,547313,
,HDFC Bank,,,,547313.00 Cr
22-12-2025,BHAGTHALI TRADING CO.,Payment,996,157907,
,HDFC Bank,,,,157907.00 Cr
22-12-2025,Giriraj Enterprises - Kalu Ka Baas,Receipt,1039,,15115
,HDFC Bank,,,15115.00 Dr,
22-12-2025,Harsit Kotari,Receipt,1040,,50000
,HDFC Bank,,,50000.00 Dr,
22-12-2025,Jitender Baat Bhandhar - Jhobner,Receipt,1041,,10000
,HDFC Bank,,,10000.00 Dr,
22-12-2025,Lavik Traders,Receipt,1042,,48898
,HDFC Bank,,,48898.00 Dr,
22-12-2025,Jain & Brothers - Muhana Mandi,Receipt,1043,,62717
,HDFC Bank,,,62717.00 Dr,
22-12-2025,M M Trading Company - Khejroli,Receipt,1044,,9500
,Cash,,,9500.00 Dr,
22-12-2025,Shyam Ji Yadav,Receipt,1045,,5720
,Cash,,,5720.00 Dr,
22-12-2025,Shri Namokaar Trading Company,Receipt,1046,,5000
,Cash,,,5000.00 Dr,
22-12-2025,Lavik Traders,Sales,3097/25-26,33138,
,Sales Account,,,,33138.00 Cr
23-12-2025,Wages Expenses A/C,Payment,997,7650,
,Cash,,,,7650.00 Cr
23-12-2025,Convence Expensece,Payment,998,2650,
,Cash,,,,2650.00 Cr
23-12-2025,J.S. Packers - Jaipur,Payment,999,14992,
,HDFC Bank,,,,14992.00 Cr
23-12-2025,J.S. Packers - Jaipur,Payment,1000,26651,
,HDFC Bank,,,,26651.00 Cr
23-12-2025,BUSINESS PROMOTION EXPENSES,Payment,1001,2435,
,HDFC Bank,,,,2435.00 Cr
23-12-2025,Tarachand Ji -Yadav Khejroli,Receipt,1047,,44900
,HDFC Bank,,,44900.00 Dr,
23-12-2025,Priyanka Oil Mill Ganedi Dadu,Receipt,1048,,50000
,HDFC Bank,,,50000.00 Dr,
23-12-2025,Haritwal Pashu Ahar Vatika,Receipt,1049,,46000
,HDFC Bank,,,46000.00 Dr,
23-12-2025,M M Trading Company - Khejroli,Receipt,1050,,9500
,Cash,,,9500.00 Dr,
23-12-2025,Shri Vaibhav Metacast Pvt Ltd Unit,Sales,3098/25-26,35560,
,Sales Account,,,,35560.00 Cr
23-12-2025,Uttam Agencies Sambriya,Sales,3099/25-26,48903,
,Sales Account,,,,48903.00 Cr
23-12-2025,G.K.N - Industries,Sales,3100/25-26,44330,
,Sales Account,,,,44330.00 Cr
23-12-2025,Goyal Treders Fhagi,Sales,3101/25-26,69856,
,Sales Account,,,,69856.00 Cr
23-12-2025,Badri Lal Dwaraka Parsad Nasirabad,Sales,3102/25-26,143484,
,Sales Account,,,,143484.00 Cr
23-12-2025,Shri Shyam Pulses Pvt  Ltd Rd No 15,Purchase,240,,44118
,Purchase Account,,,44118.00 Dr,
24-12-2025,J.S. Packers - Jaipur,Payment,1002,45700,
,Punjab National Bank - New,,,,45700.00 Cr
24-12-2025,Wages Expenses A/C,Payment,1003,7500,
,Cash,,,,7500.00 Cr
24-12-2025,Machinery Reparing,Payment,1004,2620,
,Cash,,,,2620.00 Cr
24-12-2025,Kedar Kirana Stor Benadamod,Receipt,1051,,50000
,HDFC Bank,,,50000.00 Dr,
24-12-2025,Choudhary Pashu Aahar  Parbatsar,Receipt,1052,,25000
,HDFC Bank,,,25000.00 Dr,
24-12-2025,Anukumar Mukesh Kumar Malpura,Receipt,1053,,30300
,Punjab National Bank - New,,,30300.00 Dr,
24-12-2025,Sagar Feed Bilwada,Receipt,1054,,96552
,HDFC Bank,,,96552.00 Dr,
24-12-2025,Khandelwal Kirana  Store - Nindar,Receipt,1055,,9500
,Cash,,,9500.00 Dr,
24-12-2025,M M Trading Company - Khejroli,Receipt,1056,,9500
,Cash,,,9500.00 Dr,
24-12-2025,Discount Given,Journal,21,200,
,Kedar Kirana Stor Benadamod,,,,200.00 Cr
24-12-2025,Shiv Trading Comnay Vatika,Sales,3103/25-26,75669,
,Sales Account,,,,75669.00 Cr
24-12-2025,Giriraj Enterprises - Kalu Ka Baas,Sales,3104/25-26,33750,
,Sales Account,,,,33750.00 Cr
24-12-2025,Choudhary Pashu Aahar  Parbatsar,Sales,3105/25-26,99505,
,Sales Account,,,,99505.00 Cr
24-12-2025,KANHA FOOD PRODUCTS,Purchase,241,,344131
,Purchase Account,,,344131.00 Dr,
24-12-2025,Ashwani Enterprises Baran  Rajasthan,Purchase,242,,465505
,Purchase Account,,,465505.00 Dr,
25-12-2025,Wages Expenses A/C,Payment,1005,7650,
,Cash,,,,7650.00 Cr
25-12-2025,Tour & Travel,Payment,1006,2600,
,Cash,,,,2600.00 Cr
25-12-2025,Prakash Enterprises - Phulera,Receipt,1057,,78220
,Punjab National Bank - New,,,78220.00 Dr,
25-12-2025,Khandelwal Kirana  Store - Nindar,Receipt,1058,,9500
,Cash,,,9500.00 Dr,
25-12-2025,M M Trading Company - Khejroli,Receipt,1059,,9500
,Cash,,,9500.00 Dr,
26-12-2025,BANK  EXPENSES- PNB BANK,Payment,1007,28.91,
,Punjab National Bank - New,,,,28.91 Cr
26-12-2025,KANHA FOOD PRODUCTS,Payment,1008,344130,
,Punjab National Bank - New,,,,344130.00 Cr
26-12-2025,Wages Expenses A/C,Payment,1009,7600,
,Cash,,,,7600.00 Cr
26-12-2025,Tour & Travel,Payment,1010,2010,
,Cash,,,,2010.00 Cr
26-12-2025,Fright Exp,Payment,1011,9000,
,Cash,,,,9000.00 Cr
26-12-2025,JAGMOHAN  SATISH KUMAR  MAHUWA,Receipt,1060,,92914
,HDFC Bank,,,92914.00 Dr,
26-12-2025,Anjani Trading Company  -(Beawar),Receipt,1061,,211695
,HDFC Bank,,,211695.00 Dr,
26-12-2025,Shri Shyam Baat Bhandar (Bad Ke Bala Ji ),Receipt,1062,,13458
,HDFC Bank,,,13458.00 Dr,
26-12-2025,Maa Karni Baat Bhander Sodala,Receipt,1063,,9000
,Cash,,,9000.00 Dr,
26-12-2025,Khandelwal Kirana  Store - Nindar,Receipt,1064,,9000
,Cash,,,9000.00 Dr,
26-12-2025,M M Trading Company - Khejroli,Receipt,1065,,9500
,Cash,,,9500.00 Dr,
26-12-2025,Shri Shyam Baat Bhandar (Bad Ke Bala Ji ),Sales,3106/25-26,13458,
,Sales Account,,,,13458.00 Cr
26-12-2025,Ishwar and Company Surajpool,Sales,3107/25-26,78750,
,Sales Account,,,,78750.00 Cr
26-12-2025,Jhutha Ramji Khejroli,Sales,3108/25-26,69000,
,Sales Account,,,,69000.00 Cr
26-12-2025,SHRI BALAJI ENTERPRISES-TIGARIYA,Sales,3109/25-26,63884,
,Sales Account,,,,63884.00 Cr
26-12-2025,Ashwani Enterprises Baran  Rajasthan,Purchase,243,,444432
,Purchase Account,,,444432.00 Dr,
27-12-2025,Wages Expenses A/C,Payment,1012,7550,
,Cash,,,,7550.00 Cr
27-12-2025,Fright Exp,Payment,1013,1378,
,Cash,,,,1378.00 Cr
27-12-2025,Printing & Stationary,Payment,1014,2250,
,Cash,,,,2250.00 Cr
27-12-2025,Ishwar and Company Surajpool,Receipt,1066,,94500
,Ishwar and Company Surajpool,,,,78750.00 Cr
,Ishwar and Company Surajpool,,,,7840.00 Cr
,HDFC Bank,,,181090.00 Dr,
27-12-2025,Maa Karni Baat Bhander Sodala,Receipt,1067,,9000
,Cash,,,9000.00 Dr,
27-12-2025,Khandelwal Kirana  Store - Nindar,Receipt,1068,,1020
,Cash,,,1020.00 Dr,
27-12-2025,M M Trading Company - Khejroli,Receipt,1069,,9500
,Cash,,,9500.00 Dr,
27-12-2025,Discount Given,Journal,22,300,
,Khandelwal Kirana  Store - Nindar,,,,300.00 Cr
27-12-2025,Maa Karni Baat Bhander Sodala,Sales,3110/25-26,21630,
,Sales Account,,,,21630.00 Cr
27-12-2025,Shyam Ji Yadav,Sales,3111/25-26,23500,
,Sales Account,,,,23500.00 Cr
27-12-2025,Prakash Enterprises - Phulera,Sales,3112/25-26,76845,
,Sales Account,,,,76845.00 Cr
28-12-2025,M M Trading Company - Khejroli,Receipt,1070,,1000
,Cash,,,1000.00 Dr,
28-12-2025,Murlidhar Ji Yadav- Khejroli,Receipt,1071,,5000
,Cash,,,5000.00 Dr,
28-12-2025,Tarachand Ji -Yadav Khejroli,Sales,3113/25-26,44900,
,Sales Account,,,,44900.00 Cr
28-12-2025,Lavik Traders,Sales,3114/25-26,71583,
,Sales Account,,,,71583.00 Cr
28-12-2025,BHAGTHALI TRADING CO.,Purchase,244,,218410
,Purchase Account,,,218410.00 Dr,
29-12-2025,Tour & Travel,Payment,1015,2500,
,Cash,,,,2500.00 Cr
29-12-2025,Wages Expenses A/C,Payment,1016,7600,
,Cash,,,,7600.00 Cr
29-12-2025,Shri Shyam Pulses Pvt  Ltd Rd No 15,Payment,1017,44118,
,HDFC Bank,,,,44118.00 Cr
29-12-2025,Ashwani Enterprises Baran  Rajasthan,Payment,1018,442424,
,HDFC Bank,,,,442424.00 Cr
29-12-2025,Ashwani Enterprises Baran  Rajasthan,Payment,1019,463473,
,HDFC Bank,,,,463473.00 Cr
29-12-2025,Maa Karni Baat Bhander Sodala,Receipt,1072,,3630
,Cash,,,3630.00 Dr,
29-12-2025,Love General Stor    Tunga,Receipt,1073,,10000
,HDFC Bank,,,10000.00 Dr,
29-12-2025,Abhishek Treding Company  Fathenegar,Receipt,1074,,237000
,HDFC Bank,,,237000.00 Dr,
29-12-2025,Murlidhar Ji Yadav- Khejroli,Receipt,1075,,5000
,Cash,,,5000.00 Dr,
29-12-2025,Discount Given,Journal,23,400,
,Abhishek Treding Company  Fathenegar,,,,400.00 Cr
29-12-2025,Ganesh Pashuahar Chaksu,Sales,3115/25-26,67129,
,Sales Account,,,,67129.00 Cr
29-12-2025,Ganesh Pashuahar Chaksu,Sales,3116/25-26,70425,
,Sales Account,,,,70425.00 Cr
29-12-2025,Nandkishor Omperkash Kukerkheda,Sales,3117/25-26,53708,
,Sales Account,,,,53708.00 Cr
29-12-2025,Shri Mahaveer Treding Company Rayla,Sales,3118/25-26,88857,
,Sales Account,,,,88857.00 Cr
29-12-2025,Giriraj Trading Company - Alwar,Sales,3119/25-26,78000,
,Sales Account,,,,78000.00 Cr
30-12-2025,Car Loan - Hyrider,Payment,1020,48357,
,Punjab National Bank - New,,,,48357.00 Cr
30-12-2025,Machinery Reparing,Payment,1021,31500,
,Punjab National Bank - New,,,,31500.00 Cr
30-12-2025,Wages Expenses A/C,Payment,1022,7650,
,Cash,,,,7650.00 Cr
30-12-2025,Office Expenses,Payment,1023,2650,
,Cash,,,,2650.00 Cr
30-12-2025,BUSINESS PROMOTION EXPENSES,Payment,1024,33018,
,HDFC Bank,,,,33018.00 Cr
30-12-2025,Shyam Ji Yadav,Receipt,1076,,9500
,Cash,,,9500.00 Dr,
30-12-2025,Shiv Shakti Saras Dairy - Dhanota,Receipt,1077,,4000
,HDFC Bank,,,4000.00 Dr,
30-12-2025,G.K.N - Industries,Receipt,1078,,44330
,HDFC Bank,,,44330.00 Dr,
30-12-2025,Arihant  Kumar Rahul Kumar  Medta Seety - S,Receipt,1079,,113114
,HDFC Bank,,,113114.00 Dr,
30-12-2025,Vishnu Dairy Lalchandpura,Receipt,1080,,9000
,Cash,,,9000.00 Dr,
30-12-2025,Rakesh Kirana Store - Khejroli,Receipt,1081,,9000
,Cash,,,9000.00 Dr,
30-12-2025,M M Trading Company - Khejroli,Receipt,1082,,9500
,Cash,,,9500.00 Dr,
30-12-2025,Ishwar and Company Surajpool,Sales,3120/25-26,23625,
,Sales Account,,,,23625.00 Cr
31-12-2025,Wages Expenses A/C,Payment,1025,7600,
,Cash,,,,7600.00 Cr
31-12-2025,Convence Expensece,Payment,1026,2150,
,Cash,,,,2150.00 Cr
31-12-2025,Shyam Ji Yadav,Receipt,1083,,9500
,Cash,,,9500.00 Dr,
31-12-2025,Rakesh Kirana Store - Khejroli,Receipt,1084,,9000
,Cash,,,9000.00 Dr,
31-12-2025,M M Trading Company - Khejroli,Receipt,1085,,9500
,Cash,,,9500.00 Dr,
31-12-2025,Babulal Ji Yadav - Mahaswas,Receipt,1086,,86250
,HDFC Bank,,,86250.00 Dr,
31-12-2025,Jain & Brothers - Muhana Mandi,Receipt,1087,,62717
,HDFC Bank,,,62717.00 Dr,
31-12-2025,Lavik Traders,Receipt,1088,,62937
,HDFC Bank,,,62937.00 Dr,
31-12-2025,Vishnu Dairy Lalchandpura,Receipt,1089,,3647
,Cash,,,3647.00 Dr,
31-12-2025,Uttam Agencies Sambriya,Receipt,1090,,51020
,Punjab National Bank - New,,,51020.00 Dr,
31-12-2025,Babulal Ji Yadav - Mahaswas,Sales,3121/25-26,79800,
,Sales Account,,,,79800.00 Cr
31-12-2025,Shri Ram Cattle Feed  Industrises Jaitpura,Purchase,245,,80636
,Purchase Account,,,80636.00 Dr,
31-12-2025,S M Sales Corporation  Jaipur,Purchase,246,,2170
,Purchase Account,,,2170.00 Dr,
31-12-2025,Vetkind Animal Health India,Purchase,247,,24000
,Purchase Account,,,24000.00 Dr,
31-12-2025,Vetkind Animal Health India,Purchase,248,,74925
,Purchase Account,,,74925.00 Dr,
01-01-2026,Wages Expenses A/C,Payment,1027,7600,
,Cash,,,,7600.00 Cr
01-01-2026,Convence Expensece,Payment,1028,4611,
,Cash,,,,4611.00 Cr
01-01-2026,Shyam Ji Yadav,Receipt,1091,,9500
,Cash,,,9500.00 Dr,
01-01-2026,M M Trading Company - Khejroli,Receipt,1092,,9500
,Cash,,,9500.00 Dr,
01-01-2026,Shri Shyam Baat Bhandar (Bad Ke Bala Ji ),Receipt,1093,,13458
,HDFC Bank,,,13458.00 Dr,
01-01-2026,Shri Vaibhav Metacast Pvt Ltd Unit,Receipt,1094,,71360
,HDFC Bank,,,71360.00 Dr,
01-01-2026,Ramnarayan Ji Yadev  Dhanota,Receipt,1095,,58750
,HDFC Bank,,,58750.00 Dr,
01-01-2026,Vishnu Dairy Lalchandpura,Receipt,1096,,9500
,Cash,,,9500.00 Dr,
01-01-2026,Rakesh Kirana Store - Khejroli,Receipt,1097,,8000
,Cash,,,8000.00 Dr,
01-01-2026,M Choudhry Trading Company - Jalpali,Receipt,1098,,59700
,HDFC Bank,,,59700.00 Dr,
01-01-2026,Shri Shyam Baat Bhandar (Bad Ke Bala Ji ),Sales,3122/25-26,18148,
,Sales Account,,,,18148.00 Cr
01-01-2026,Jain & Brothers - Muhana Mandi,Sales,3123/25-26,65984,
,Sales Account,,,,65984.00 Cr
01-01-2026,JAGMOHAN  SATISH KUMAR  MAHUWA,Sales,3124/25-26,87627,
,Sales Account,,,,87627.00 Cr
01-01-2026,Arihant  Kumar Rahul Kumar  Medta Seety - S,Sales,3125/25-26,118207,
,Sales Account,,,,118207.00 Cr
01-01-2026,Mohit Trading Company - Baran,Purchase,249,,541373
,Purchase Account,,,541373.00 Dr,
01-01-2026,Sehri Agro Oils Pvt Ltd  Kukar Kheda Mandi,Purchase,250,,32800
,Purchase Account,,,32800.00 Dr,
01-01-2026,S M Sales Corporation  Jaipur,Purchase,251,,24872
,Purchase Account,,,24872.00 Dr,
02-01-2026,Shri Ram Cattle Feed  Industrises Jaitpura,Payment,1029,80636,
,HDFC Bank,,,,80636.00 Cr
02-01-2026,BHAGTHALI TRADING CO.,Payment,1030,218410,
,HDFC Bank,,,,218410.00 Cr
02-01-2026,Ashwani Enterprises Baran  Rajasthan,Payment,1031,4040,
,HDFC Bank,,,,4040.00 Cr
02-01-2026,Wages Expenses A/C,Payment,1032,7650,
,Cash,,,,7650.00 Cr
02-01-2026,Convence Expensece,Payment,1033,2900,
,Cash,,,,2900.00 Cr
02-01-2026,Satyenarayan Kunj Bihari  Ude,Receipt,1099,,28400
,HDFC Bank,,,28400.00 Dr,
02-01-2026,Harsit Kotari,Receipt,1100,,200000
,HDFC Bank,,,200000.00 Dr,
02-01-2026,Maa Karni Baat Bhander Sodala,Receipt,1101,,9000
,Cash,,,9000.00 Dr,
02-01-2026,Vishnu Dairy Lalchandpura,Receipt,1102,,9500
,Cash,,,9500.00 Dr,
02-01-2026,Shyam Ji Yadav,Receipt,1103,,9500
,Cash,,,9500.00 Dr,
02-01-2026,Manish Trandig Company,Receipt,1104,,9000
,Cash,,,9000.00 Dr,
02-01-2026,Ishwar and Company Surajpool,Receipt,1105,,78750
,HDFC Bank,,,78750.00 Dr,
02-01-2026,Murlidhar Ji Yadav- Khejroli,Sales,3126/25-26,57500,
,Sales Account,,,,57500.00 Cr
02-01-2026,Rakesh Kirana Store - Khejroli,Sales,3127/25-26,28445,
,Sales Account,,,,28445.00 Cr
02-01-2026,M Choudhry Trading Company - Jalpali,Sales,3128/25-26,59600,
,Sales Account,,,,59600.00 Cr
02-01-2026,Jain & Brothers - Muhana Mandi,Sales,3129/25-26,62717,
,Sales Account,,,,62717.00 Cr
02-01-2026,Subhash Industries Jaipur,Purchase,252,,32022
,Purchase Account,,,32022.00 Dr,
03-01-2026,DILIP UDYOUG,Payment,1034,40986,
,HDFC Bank,,,,40986.00 Cr
03-01-2026,Wages Expenses A/C,Payment,1035,7500,
,Cash,,,,7500.00 Cr
03-01-2026,Tour & Travel,Payment,1036,2050,
,Cash,,,,2050.00 Cr
03-01-2026,M M Trading Company - Khejroli,Receipt,1106,,9500
,Cash,,,9500.00 Dr,
03-01-2026,Shri Shyam Baat Bhandar (Bad Ke Bala Ji ),Receipt,1107,,18148
,HDFC Bank,,,18148.00 Dr,
03-01-2026,Choudhary Pashu Aahar  Parbatsar,Receipt,1108,,61590
,HDFC Bank,,,61590.00 Dr,
03-01-2026,Maa Karni Baat Bhander Sodala,Receipt,1109,,6500
,Cash,,,6500.00 Dr,
03-01-2026,Vishnu Dairy Lalchandpura,Receipt,1110,,9500
,Cash,,,9500.00 Dr,
03-01-2026,Godha Enterprises (Hingoniya),Receipt,1111,,9800
,Cash,,,9800.00 Dr,
03-01-2026,Shyam Ji Yadav,Receipt,1112,,9500
,Cash,,,9500.00 Dr,
03-01-2026,Shri Govind Yadav Hirapura,Receipt,1113,,2385
,HDFC Bank,,,2385.00 Dr,
03-01-2026,Discount Given,Journal,24,1670,
,Satyenarayan Kunj Bihari  Ude,,,,1670.00 Cr
03-01-2026,Satyenarayan Kunj Bihari  Ude,Sales,3130/25-26,49000,
,Sales Account,,,,49000.00 Cr
03-01-2026,Maa Karni Baat Bhander Sodala,Sales,3131/25-26,15500,
,Sales Account,,,,15500.00 Cr
03-01-2026,Madan Mohan Trading Watika,Sales,3132/25-26,74057,
,Sales Account,,,,74057.00 Cr
03-01-2026,Shri Shyam Baat Bhandar (Bad Ke Bala Ji ),Sales,3133/25-26,14070,
,Sales Account,,,,14070.00 Cr
03-01-2026,Ramesver Lal Hanuman Shay Ajmer,Sales,3134/25-26,63090,
,Sales Account,,,,63090.00 Cr
03-01-2026,Balaji Trading  Company  - Lalshot,Sales,3135/25-26,64125,
,Sales Account,,,,64125.00 Cr
03-01-2026,Harsit Kotari,Sales,3136/25-26,338255,
,Sales Account,,,,338255.00 Cr
03-01-2026,Amit Pulses  Tonk Road Jaipur,Purchase,253,,34273
,Purchase Account,,,34273.00 Dr,
03-01-2026,Goyal Solvents Punjab,Purchase,254,,491074
,Purchase Account,,,491074.00 Dr,
04-01-2026,Shyam Baat Bhandar - Kanwarpura,Sales,3137/25-26,56130,
,Sales Account,,,,56130.00 Cr
05-01-2026,Subhash Industries Jaipur,Payment,1037,32022,
,HDFC Bank,,,,32022.00 Cr
05-01-2026,Wages Expenses A/C,Payment,1038,7650,
,Cash,,,,7650.00 Cr
05-01-2026,Office Expenses,Payment,1039,3250,
,Cash,,,,3250.00 Cr
05-01-2026,Balaji Trading  Company  - Lalshot,Receipt,1114,,64125
,HDFC Bank,,,64125.00 Dr,
05-01-2026,Shri Shyam Baat Bhandar (Bad Ke Bala Ji ),Receipt,1115,,14070
,HDFC Bank,,,14070.00 Dr,
05-01-2026,Vishnu Dairy Lalchandpura,Receipt,1116,,9500
,Cash,,,9500.00 Dr,
05-01-2026,Godha Enterprises (Hingoniya),Receipt,1117,,9800
,Cash,,,9800.00 Dr,
05-01-2026,M M Trading Company - Khejroli,Receipt,1118,,9500
,Cash,,,9500.00 Dr,
05-01-2026,Shyam Ji Yadav,Receipt,1119,,8935
,Cash,,,8935.00 Dr,
05-01-2026,Manish Trandig Company,Receipt,1120,,9000
,Cash,,,9000.00 Dr,
05-01-2026,Maa Karni Baat Bhander Sodala,Receipt,1121,,9000
,Cash,,,9000.00 Dr,
05-01-2026,Shri Shyam Baat Bhandar (Bad Ke Bala Ji ),Sales,3138/25-26,13458,
,Sales Account,,,,13458.00 Cr
05-01-2026,Jhutha Ramji Khejroli,Sales,3139/25-26,68250,
,Sales Account,,,,68250.00 Cr
05-01-2026,Uttam Agencies Sambriya,Sales,3140/25-26,61860,
,Sales Account,,,,61860.00 Cr
05-01-2026,"Kailash Chand Deen Dayal - Kasera, Shreemodhopur",Sales,3141/25-26,53860,
,Sales Account,,,,53860.00 Cr
05-01-2026,Shri Govind Scales,Sales,3143/25-26,,
05-01-2026,DILIP UDYOUG,Purchase,255,,40986
,Purchase Account,,,40986.00 Dr,
05-01-2026,Deep Solvents Pvt Ltd Punjab,Purchase,256,,457812
,Purchase Account,,,436012.00 Dr,
,IGST-Tax,,,21800.00 Dr,
06-01-2026,DILIP UDYOUG,Payment,1040,40986,
,HDFC Bank,,,,40986.00 Cr
06-01-2026,BANK  EXPENSES- PNB BANK,Payment,1041,19.17,
,Punjab National Bank - New,,,,19.17 Cr
06-01-2026,Khandelwal Steel Jaipur - Jaipur,Payment,1042,15465,
,Punjab National Bank - New,,,,15465.00 Cr
06-01-2026,Amit Pulses  Tonk Road Jaipur,Payment,1043,34273,
,HDFC Bank,,,,34273.00 Cr
06-01-2026,Wages Expenses A/C,Payment,1044,7550,
,Cash,,,,7550.00 Cr
06-01-2026,Machinery Reparing,Payment,1045,2650,
,Cash,,,,2650.00 Cr
06-01-2026,Ishwar and Company Surajpool,Receipt,1122,,78750
,HDFC Bank,,,78750.00 Dr,
06-01-2026,Arihant  Kumar Rahul Kumar  Medta Seety - S,Receipt,1123,,123406
,HDFC Bank,,,123406.00 Dr,
06-01-2026,Madan Mohan Trading Watika,Receipt,1124,,52207
,HDFC Bank,,,52207.00 Dr,
06-01-2026,Shri Govind Yadav Hirapura,Receipt,1125,,40000
,HDFC Bank,,,40000.00 Dr,
06-01-2026,Vishnu Dairy Lalchandpura,Receipt,1126,,9500
,Cash,,,9500.00 Dr,
06-01-2026,Godha Enterprises (Hingoniya),Receipt,1127,,9800
,Cash,,,9800.00 Dr,
06-01-2026,M M Trading Company - Khejroli,Receipt,1128,,9500
,Cash,,,9500.00 Dr,
06-01-2026,Manish Trandig Company,Receipt,1129,,9000
,Cash,,,9000.00 Dr,
06-01-2026,Maa Karni Baat Bhander Sodala,Receipt,1130,,9000
,Cash,,,9000.00 Dr,
06-01-2026,Shri Govind Yadav Hirapura,Sales,3143/2025-2026,21000,
,Sales Account,,,,21000.00 Cr
06-01-2026,Krishna Baat Bhandhar- Sirsi Mode,Sales,3142/25-26,17000,
,Sales Account,,,,17000.00 Cr
06-01-2026,Patel Enterprises  Rojda,Sales,3144/2025-2026,61900,
,Sales Account,,,,61900.00 Cr
06-01-2026,Pashupati Trading Company,Sales,3145/25-26,64470,
,Sales Account,,,,64470.00 Cr
06-01-2026,Vishnu Dairy Lalchandpura,Sales,3146/25-26,72000,
,Sales Account,,,,72000.00 Cr
06-01-2026,Choudhary Pashu Aahar  Parbatsar,Sales,3147/25-26,78630,
,Sales Account,,,,78630.00 Cr
06-01-2026,Jain & Brothers - Muhana Mandi,Sales,3148/25-26,74497,
,Sales Account,,,,74497.00 Cr
07-01-2026,Advertisment Expenditure,Payment,1046,20000,
,HDFC Bank,,,,20000.00 Cr
07-01-2026,Deep Solvents Pvt Ltd Punjab,Payment,1047,5092,
,HDFC Bank,,,,5092.00 Cr
07-01-2026,Mohit Trading Company - Baran,Payment,1048,538343,
,HDFC Bank,,,,538343.00 Cr
07-01-2026,Deep Solvents Pvt Ltd Punjab,Payment,1049,457805,
,HDFC Bank,,,,457805.00 Cr
07-01-2026,Jaipur Packers - Rajasthan,Payment,1050,35161,
,Jaipur Packers - Rajasthan,,,208396.00 Dr,
,Punjab National Bank - New,,,,243557.00 Cr
07-01-2026,Electricity and Water Expenses,Payment,1051,4500,
,Punjab National Bank - New,,,,4500.00 Cr
07-01-2026,Wages Expenses A/C,Payment,1052,7600,
,Cash,,,,7600.00 Cr
07-01-2026,Tour & Travel,Payment,1053,2980,
,Cash,,,,2980.00 Cr
07-01-2026,Shri Hari Shanker Khandelwal,Payment,1054,9000,
,Cash,,,,9000.00 Cr
07-01-2026,Nilesh Kumar Khandelwal,Payment,1055,9500,
,Vijay Kumar Khandelwal,,,9500.00 Dr,
,Priyanka Devi Khandelwal,,,9500.00 Dr,
,Vishnu Gupta,,,9500.00 Dr,
,Nitesh,,,9500.00 Dr,
,Pradeep Kumar Gupta,,,9500.00 Dr,
,Raju Lal Ji,,,9500.00 Dr,
,Raju Mistri,,,9500.00 Dr,
,Cash,,,,76000.00 Cr
07-01-2026,SHRI BALAJI ENTERPRISES-TIGARIYA,Receipt,1131,,70000
,HDFC Bank,,,70000.00 Dr,
07-01-2026,Vishnu Dairy Lalchandpura,Receipt,1132,,9500
,Cash,,,9500.00 Dr,
07-01-2026,Godha Enterprises (Hingoniya),Receipt,1133,,9800
,Cash,,,9800.00 Dr,
07-01-2026,Shiv Trading Comnay Vatika,Receipt,1134,,73170
,HDFC Bank,,,73170.00 Dr,
07-01-2026,Shri Chand Pasu Aahar Malpura,Receipt,1135,,108045
,HDFC Bank,,,108045.00 Dr,
07-01-2026,M M Trading Company - Khejroli,Receipt,1136,,6250
,Cash,,,6250.00 Dr,
07-01-2026,Manish Trandig Company,Receipt,1137,,8000
,Cash,,,8000.00 Dr,
07-01-2026,Maa Karni Baat Bhander Sodala,Receipt,1138,,5395
,Cash,,,5395.00 Dr,
07-01-2026,Godha Enterprises (Hingoniya),Receipt,1139,,5700
,HDFC Bank,,,5700.00 Dr,
07-01-2026,"Kailash Chand Deen Dayal - Kasera, Shreemodhopur",Receipt,1140,,53860
,Punjab National Bank - New,,,53860.00 Dr,
07-01-2026,Lavik Traders,Sales,3149/25-26,57990,
,Sales Account,,,,57990.00 Cr
07-01-2026,Dugya Cattle Feed - Muhana,Sales,3150/25-26,61850,
,Sales Account,,,,61850.00 Cr
07-01-2026,Deepak Trading Compay   Hingoniya,Sales,3151/25-26,83112,
,Sales Account,,,,83112.00 Cr
08-01-2026,Goyal Solvents Punjab,Payment,1056,491074,
,HDFC Bank,,,,491074.00 Cr
08-01-2026,Wages Expenses A/C,Payment,1057,7650,
,Cash,,,,7650.00 Cr
08-01-2026,Printing & Stationary,Payment,1058,1980,
,Cash,,,,1980.00 Cr
08-01-2026,Nilesh Kumar Khandelwal,Payment,1059,9500,
,Vijay Kumar Khandelwal,,,9500.00 Dr,
,Priyanka Devi Khandelwal,,,9500.00 Dr,
,Pradeep Kumar Gupta,,,8000.00 Dr,
,Raju Lal Gupta,,,4500.00 Dr,
,Vishnu Gupta,,,9500.00 Dr,
,Nitesh,,,9500.00 Dr,
,Raju Mistri,,,4000.00 Dr,
,Cash,,,,64000.00 Cr
08-01-2026,Vishnu Dairy Lalchandpura,Receipt,1141,,9500
,Cash,,,9500.00 Dr,
08-01-2026,Godha Enterprises (Hingoniya),Receipt,1142,,9800
,Cash,,,9800.00 Dr,
08-01-2026,Shri Shyam Baat Bhandar (Bad Ke Bala Ji ),Receipt,1143,,13458
,HDFC Bank,,,13458.00 Dr,
08-01-2026,Moti Ratan Trading Company Bhilwara,Receipt,1144,,50000
,HDFC Bank,,,50000.00 Dr,
08-01-2026,Kedar Kirana Stor Benadamod,Receipt,1145,,21800
,HDFC Bank,,,21800.00 Dr,
08-01-2026,Goyal Treders Fhagi,Receipt,1146,,69892
,HDFC Bank,,,69892.00 Dr,
08-01-2026,S K Dairy - Mukunpura,Receipt,1147,,10000
,HDFC Bank,,,10000.00 Dr,
08-01-2026,Maa Karni Baat Bhander Sodala,Sales,3152/25-26,23395,
,Sales Account,,,,23395.00 Cr
08-01-2026,Shri Shyam Baat Bhandar (Bad Ke Bala Ji ),Sales,3153/25-26,13948,
,Sales Account,,,,13948.00 Cr
08-01-2026,Ishwar and Company Surajpool,Sales,3154/25-26,94500,
,Sales Account,,,,94500.00 Cr
08-01-2026,Sagar Feed Bilwada,Sales,3155/25-26,100038,
,Sales Account,,,,100038.00 Cr
08-01-2026,Shri Chand Pasu Aahar Malpura,Sales,3156/25-26,143048,
,Sales Account,,,,143048.00 Cr
09-01-2026,BUSINESS PROMOTION EXPENSES,Payment,1060,3653,
,HDFC Bank,,,,3653.00 Cr
09-01-2026,Electricity and Water Expenses,Payment,1061,82286,
,HDFC Bank,,,,82286.00 Cr
09-01-2026,Wages Expenses A/C,Payment,1062,7650,
,Cash,,,,7650.00 Cr
09-01-2026,Office Expenses,Payment,1063,600,
,Cash,,,,600.00 Cr
09-01-2026,Machinery Reparing,Payment,1064,3511,
,Cash,,,,3511.00 Cr
09-01-2026,Vishnu Dairy Lalchandpura,Receipt,1148,,5500
,Cash,,,5500.00 Dr,
09-01-2026,Godha Enterprises (Hingoniya),Receipt,1149,,9800
,Cash,,,9800.00 Dr,
09-01-2026,Murlidhar Ji Yadav- Khejroli,Receipt,1150,,35000
,HDFC Bank,,,35000.00 Dr,
09-01-2026,Maruti Trading Company Kalwar,Receipt,1151,,58450
,HDFC Bank,,,58450.00 Dr,
09-01-2026,Rakesh Kirana Store - Khejroli,Receipt,1152,,2445
,HDFC Bank,,,2445.00 Dr,
09-01-2026,Jain & Brothers - Muhana Mandi,Receipt,1153,,62717
,HDFC Bank,,,62717.00 Dr,
09-01-2026,JAGMOHAN  SATISH KUMAR  MAHUWA,Receipt,1154,,87696
,HDFC Bank,,,87696.00 Dr,
09-01-2026,Mamraj and Company Khejroli,Receipt,1155,,9500
,Cash,,,9500.00 Dr,
09-01-2026,JAGMOHAN  SATISH KUMAR  MAHUWA,Sales,3157/25-26,86760,
,Sales Account,,,,86760.00 Cr
09-01-2026,Manish Trandig Company,Sales,3158/25-26,61570,
,Sales Account,,,,61570.00 Cr
09-01-2026,Shri Shyam Treding Company Khejroli,Sales,3159/25-26,79625,
,Sales Account,,,,79625.00 Cr
09-01-2026,Nandkishor Omperkash Kukerkheda,Sales,3160/25-26,59078,
,Sales Account,,,,59078.00 Cr
09-01-2026,Jai Jagdamba Treding Company Nangal Bhirda,Sales,3161/25-26,54270,
,Sales Account,,,,54270.00 Cr
09-01-2026,SHRI BALAJI ENTERPRISES-TIGARIYA,Sales,3162/25-26,66223,
,Sales Account,,,,66223.00 Cr
09-01-2026,SHRI RAM INDUSTRIES  (PHULERA),Purchase,257,,138354
,Purchase Account,,,138354.00 Dr,
10-01-2026,Ajay Kumar,Payment,1065,15000,
,HDFC Bank,,,,15000.00 Cr
10-01-2026,Wages Expenses A/C,Payment,1066,7600,
,Cash,,,,7600.00 Cr
10-01-2026,Tour & Travel,Payment,1067,2300,
,Cash,,,,2300.00 Cr
10-01-2026,Godha Enterprises (Hingoniya),Receipt,1156,,9800
,Cash,,,9800.00 Dr,
10-01-2026,KAMAL TRADING CO Dudu,Receipt,1157,,60000
,HDFC Bank,,,60000.00 Dr,
10-01-2026,Shri Shyam Baat Bhandar (Bad Ke Bala Ji ),Receipt,1158,,13948
,HDFC Bank,,,13948.00 Dr,
10-01-2026,Ganesh Pashuahar Chaksu,Receipt,1159,,100000
,HDFC Bank,,,100000.00 Dr,
10-01-2026,Pashupati Trading Company,Receipt,1160,,59041
,Punjab National Bank - New,,,59041.00 Dr,
10-01-2026,Mamraj and Company Khejroli,Receipt,1161,,9500
,Cash,,,9500.00 Dr,
10-01-2026,Shri Shyam Baat Bhandar (Bad Ke Bala Ji ),Sales,3163/25-26,13213,
,Sales Account,,,,13213.00 Cr
10-01-2026,Pashupati Trading Company,Sales,3164/25-26,61785,
,Sales Account,,,,61785.00 Cr
10-01-2026,G.K.N - Industries,Sales,3165/25-26,44330,
,Sales Account,,,,44330.00 Cr
10-01-2026,Shri Balaji Agro Industries - Muhana,Sales,3166/25-26,35727,
,Sales Account,,,,35727.00 Cr
10-01-2026,Rajendra Kumar Pawan Kumar Fhagi,Sales,3167/25-26,54860,
,Sales Account,,,,54860.00 Cr
10-01-2026,Sitaram Narender Kumar Jaipur,Purchase,258,,38601
,Purchase Account,,,36756.00 Dr,
,CGST-Tax,,,922.50 Dr,
,SGST-Tax,,,922.50 Dr,
10-01-2026,Om Prakash Rajesh Kumar - Jaipur,Purchase,259,,106057
,Purchase Account,,,106057.00 Dr,
11-01-2026,Godha Enterprises (Hingoniya),Receipt,1162,,8700
,Cash,,,8700.00 Dr,
11-01-2026,Shri Shyam Enterprises - Kalu Ka Baas,Receipt,1163,,33000
,HDFC Bank,,,33000.00 Dr,
11-01-2026,G.K.N - Industries,Sales,3168/25-26,35975,
,Sales Account,,,,35975.00 Cr
12-01-2026,S M Sales Corporation  Jaipur,Payment,1068,27042,
,Punjab National Bank - New,,,,27042.00 Cr
12-01-2026,Wages Expenses A/C,Payment,1069,7550,
,Cash,,,,7550.00 Cr
12-01-2026,Tour & Travel,Payment,1070,3000,
,Cash,,,,3000.00 Cr
12-01-2026,G.K.N - Industries,Receipt,1164,,47992
,HDFC Bank,,,47992.00 Dr,
12-01-2026,Rajendra Kumar Pawan Kumar Fhagi,Receipt,1165,,54860
,HDFC Bank,,,54860.00 Dr,
12-01-2026,Lavik Traders,Receipt,1166,,71911
,HDFC Bank,,,71911.00 Dr,
12-01-2026,Mehta Baat Bhandhar - GovindPura,Receipt,1167,,56160
,HDFC Bank,,,56160.00 Dr,
12-01-2026,Patel Enterprises  Rojda,Receipt,1168,,123800
,HDFC Bank,,,123800.00 Dr,
12-01-2026,Mamraj and Company Khejroli,Receipt,1169,,9500
,Cash,,,9500.00 Dr,
12-01-2026,Ishwar and Company Surajpool,Sales,3169/25-26,94500,
,Sales Account,,,,94500.00 Cr
12-01-2026,Anukumar Mukesh Kumar Malpura,Sales,3170/25-26,65085,
,Sales Account,,,,65085.00 Cr
12-01-2026,Jaipur Packers - Rajasthan,Purchase,260,,156796
,Purchase Account,,,132878.00 Dr,
,CGST-Tax,,,11959.00 Dr,
,SGST-Tax,,,11959.00 Dr,
12-01-2026,Om Traders Uttarakhand,Purchase,261,,552520
,Purchase Account,,,552520.00 Dr,
12-01-2026,Makhan Traders Guna Mp,Purchase,262,,566285
,Purchase Account,,,566285.00 Dr,
13-01-2026,Sehri Agro Oils Pvt Ltd  Kukar Kheda Mandi,Payment,1071,32800,
,Punjab National Bank - New,,,,32800.00 Cr
13-01-2026,BUSINESS PROMOTION EXPENSES,Payment,1072,79502,
,HDFC Bank,,,,79502.00 Cr
13-01-2026,SHRI RAM INDUSTRIES  (PHULERA),Payment,1073,138354,
,HDFC Bank,,,,138354.00 Cr
13-01-2026,Wages Expenses A/C,Payment,1074,7600,
,Cash,,,,7600.00 Cr
13-01-2026,Convence Expensece,Payment,1075,2000,
,Cash,,,,2000.00 Cr
13-01-2026,Choudhary Pashu Aahar  Parbatsar,Receipt,1170,,35000
,HDFC Bank,,,35000.00 Dr,
13-01-2026,PRABHA MAHILA KISSAN PRODUSER KHANDER,Receipt,1171,,63000
,HDFC Bank,,,63000.00 Dr,
13-01-2026,Greenfield,Receipt,1172,,150000
,HDFC Bank,,,150000.00 Dr,
13-01-2026,Ganesh Pashuahar Chaksu,Receipt,1173,,200000
,HDFC Bank,,,200000.00 Dr,
13-01-2026,Mamraj and Company Khejroli,Receipt,1174,,9500
,Cash,,,9500.00 Dr,
13-01-2026,Badri Lal Dwaraka Parsad Nasirabad,Receipt,1175,,143484
,HDFC Bank,,,143484.00 Dr,
13-01-2026,G.K.N - Industries,Sales,3171/25-26,47992,
,Sales Account,,,,47992.00 Cr
13-01-2026,Ganesh Pashuahar Chaksu,Sales,3172/25-26,74204,
,Sales Account,,,,74204.00 Cr
13-01-2026,Kedar Kirana Stor Benadamod,Sales,3173/25-26,54300,
,Sales Account,,,,54300.00 Cr
13-01-2026,Giriraj Enterprises - Kalu Ka Baas,Sales,3174/25-26,53865,
,Sales Account,,,,53865.00 Cr
13-01-2026,Shri Shyam Enterprises - Kalu Ka Baas,Sales,3175/25-26,11000,
,Sales Account,,,,11000.00 Cr
13-01-2026,Arihant  Kumar Rahul Kumar  Medta Seety - S,Sales,3176/25-26,83300,
,Sales Account,,,,83300.00 Cr
13-01-2026,Laxmipati Traders,Sales,3177/25-26,68805,
,Sales Account,,,,68805.00 Cr
13-01-2026,Uttam Agencies Sambriya,Sales,3178/25-26,10640,
,Sales Account,,,,10640.00 Cr
14-01-2026,Mamraj and Company Khejroli,Receipt,1176,,9500
,Cash,,,9500.00 Dr,
14-01-2026,Jai Bhawani Trading Company - Achrol,Receipt,1177,,20000
,HDFC Bank,,,20000.00 Dr,
15-01-2026,Sitaram Narender Kumar Jaipur,Payment,1076,38601,
,HDFC Bank,,,,38601.00 Cr
15-01-2026,Wages Expenses A/C,Payment,1077,7650,
,Cash,,,,7650.00 Cr
15-01-2026,Office Expenses,Payment,1078,2640,
,Cash,,,,2640.00 Cr
15-01-2026,Shri Shyam Baat Bhandar (Bad Ke Bala Ji ),Receipt,1178,,13948
,HDFC Bank,,,13948.00 Dr,
15-01-2026,SHRI BALAJI ENTERPRISES-TIGARIYA,Receipt,1179,,70000
,HDFC Bank,,,70000.00 Dr,
15-01-2026,Lavik Traders,Receipt,1180,,33318
,HDFC Bank,,,33318.00 Dr,
15-01-2026,Mamraj and Company Khejroli,Receipt,1181,,9500
,Cash,,,9500.00 Dr,
15-01-2026,Shri Shyam Baat Bhandar (Bad Ke Bala Ji ),Sales,3179/25-26,18148,
,Sales Account,,,,18148.00 Cr
15-01-2026,Tarachand Ji -Yadav Khejroli,Sales,3180/25-26,44900,
,Sales Account,,,,44900.00 Cr
15-01-2026,Shri Shyam Treding Company Khejroli,Sales,3181/25-26,78750,
,Sales Account,,,,78750.00 Cr
15-01-2026,Shiv Trading Comnay Vatika,Sales,3182/25-26,76915,
,Sales Account,,,,76915.00 Cr
15-01-2026,Jain & Brothers - Muhana Mandi,Sales,3183/25-26,62717,
,Sales Account,,,,62717.00 Cr
15-01-2026,Nagarmal Pramod Kumar - Chidawa,Sales,3184/25-26,81400,
,Sales Account,,,,81400.00 Cr
16-01-2026,Om Traders Uttarakhand,Payment,1079,550040,
,HDFC Bank,,,,550040.00 Cr
16-01-2026,Wages Expenses A/C,Payment,1080,7600,
,Cash,,,,7600.00 Cr
16-01-2026,Tour & Travel,Payment,1081,2850,
,Cash,,,,2850.00 Cr
16-01-2026,Mamraj and Company Khejroli,Receipt,1182,,6250
,Cash,,,6250.00 Dr,
16-01-2026,Satyenarayan Kunj Bihari  Ude,Receipt,1183,,49000
,HDFC Bank,,,49000.00 Dr,
16-01-2026,Nagarmal Pramod Kumar - Chidawa,Receipt,1184,,81400
,Punjab National Bank - New,,,81400.00 Dr,
16-01-2026,Vinayak Brothers - Renwal,Sales,3185/25-26,93140,
,Sales Account,,,,93140.00 Cr
16-01-2026,Jain & Brothers - Muhana Mandi,Sales,3186/25-26,63110,
,Sales Account,,,,63110.00 Cr
17-01-2026,Wages Expenses A/C,Payment,1082,7500,
,Cash,,,,7500.00 Cr
17-01-2026,Machinery Reparing,Payment,1083,2460,
,Cash,,,,2460.00 Cr
17-01-2026,Nandkishor Omperkash Kukerkheda,Receipt,1185,,53707
,HDFC Bank,,,53707.00 Dr,
17-01-2026,Jain & Brothers - Muhana Mandi,Receipt,1186,,65983
,HDFC Bank,,,65983.00 Dr,
17-01-2026,Uttam Agencies Sambriya,Receipt,1187,,48903
,Punjab National Bank - New,,,48903.00 Dr,
17-01-2026,Balaji Trading  Company  - Lalshot,Sales,3188/25-26,57332,
,Sales Account,,,,57332.00 Cr
17-01-2026,Ramesver Lal Hanuman Shay Ajmer,Sales,3187/25-26,63090,
,Sales Account,,,,63090.00 Cr
17-01-2026,Shri Shyam Catal Feed Sikar,Sales,3189/25-26,217533,
,Sales Account,,,,217533.00 Cr
17-01-2026,Balaji Indastrises  Didwana,Sales,3190/25-26,67190,
,Sales Account,,,,67190.00 Cr
17-01-2026,Shri Mahaveer Treding Company Rayla,Sales,3191/25-26,79847,
,Sales Account,,,,79847.00 Cr
17-01-2026,Shri Chand Pasu Aahar Malpura,Sales,3192/25-26,36799,
,Sales Account,,,,36799.00 Cr
17-01-2026,G.K.N - Industries,Sales,3193/25-26,51320,
,Sales Account,,,,51320.00 Cr
17-01-2026,"P,H,Food Products Guna Mp",Purchase,263,,528686
,Purchase Account,,,528686.00 Dr,
18-01-2026,Tarachand Ji -Yadav Khejroli,Receipt,1188,,24900
,HDFC Bank,,,24900.00 Dr,
18-01-2026,Krishna Baat Bhandhar- Sirsi Mode,Receipt,1189,,9000
,Cash,,,9000.00 Dr,
19-01-2026,Advertisment Expenditure,Payment,1084,25000,
,HDFC Bank,,,,25000.00 Cr
19-01-2026,Wages Expenses A/C,Payment,1085,7650,
,Cash,,,,7650.00 Cr
19-01-2026,Tour & Travel,Payment,1086,3005,
,Cash,,,,3005.00 Cr
19-01-2026,G.K.N - Industries,Receipt,1190,,51320
,HDFC Bank,,,51320.00 Dr,
19-01-2026,Balaji Trading  Company  - Lalshot,Receipt,1191,,57332
,HDFC Bank,,,57332.00 Dr,
19-01-2026,Choudhary Pashu Aahar  Parbatsar,Receipt,1192,,51425
,HDFC Bank,,,51425.00 Dr,
19-01-2026,Sagar Feed Bilwada,Receipt,1193,,100088
,HDFC Bank,,,100088.00 Dr,
19-01-2026,Dugya Cattle Feed - Muhana,Receipt,1194,,69300
,HDFC Bank,,,69300.00 Dr,
19-01-2026,Harsit Kotari,Receipt,1195,,235000
,HDFC Bank,,,235000.00 Dr,
19-01-2026,Ganesh Pashuahar Chaksu,Receipt,1196,,200000
,HDFC Bank,,,200000.00 Dr,
19-01-2026,Krishna Baat Bhandhar- Sirsi Mode,Receipt,1197,,8000
,Cash,,,8000.00 Dr,
19-01-2026,Maa Karni Baat Bhander Sodala,Receipt,1198,,5000
,Cash,,,5000.00 Dr,
19-01-2026,Maa Karni Baat Bhander Sodala,Sales,3194/25-26,21630,
,Sales Account,,,,21630.00 Cr
19-01-2026,Satyenarayan Kunj Bihari  Ude,Sales,3195/25-26,53900,
,Sales Account,,,,53900.00 Cr
19-01-2026,Ganesh Pashuahar Chaksu,Sales,3196/25-26,99520,
,Sales Account,,,,99520.00 Cr
19-01-2026,Uttam Agencies Sambriya,Sales,3198/2025-2026,63460,
,Sales Account,,,,63460.00 Cr
19-01-2026,Abhishek Treding Company  Fathenegar,Sales,3199/25-26,271500,
,Sales Account,,,,271500.00 Cr
19-01-2026,Khandelwal Kirana  Store - Nindar,Sales,3200/25-26,29000,
,Sales Account,,,,29000.00 Cr
20-01-2026,Brokrage,Payment,1087,13000,
,Brokrage,,,13000.00 Dr,
,HDFC Bank,,,,26000.00 Cr
20-01-2026,"P,H,Food Products Guna Mp",Payment,1088,525606,
,HDFC Bank,,,,525606.00 Cr
20-01-2026,Wages Expenses A/C,Payment,1089,7550,
,Cash,,,,7550.00 Cr
20-01-2026,Convence Expensece,Payment,1090,2600,
,Cash,,,,2600.00 Cr
20-01-2026,Abhishek Treding Company  Fathenegar,Receipt,1199,,271500
,HDFC Bank,,,271500.00 Dr,
20-01-2026,Shri Shyam Baat Bhandar (Bad Ke Bala Ji ),Receipt,1200,,17413
,HDFC Bank,,,17413.00 Dr,
20-01-2026,Maa Karni Baat Bhander Sodala,Receipt,1201,,6630
,Cash,,,6630.00 Dr,
20-01-2026,Mamraj and Company Khejroli,Receipt,1202,,9500
,Cash,,,9500.00 Dr,
20-01-2026,Shyam Ji Yadav,Receipt,1203,,9000
,Cash,,,9000.00 Dr,
20-01-2026,Jhutha Ramji Khejroli,Receipt,1204,,9500
,Cash,,,9500.00 Dr,
20-01-2026,Murlidhar Ji Yadav- Khejroli,Receipt,1205,,9000
,Cash,,,9000.00 Dr,
20-01-2026,Rakesh Kirana Store - Khejroli,Receipt,1206,,9000
,Cash,,,9000.00 Dr,
20-01-2026,Shri Shyam Baat Bhandar (Bad Ke Bala Ji ),Sales,3201/25-26,18148,
,Sales Account,,,,18148.00 Cr
20-01-2026,Nathmal Mahender Kumar Chidawa,Sales,3202/25-26,122116,
,Sales Account,,,,122116.00 Cr
20-01-2026,Nagarmal Pramod Kumar - Chidawa,Sales,3203/25-26,93126,
,Sales Account,,,,93126.00 Cr
20-01-2026,Dinesh Baat Bhandar  (Dhabash),Sales,3204/25-26,27900,
,Sales Account,,,,27900.00 Cr
20-01-2026,SHRI RAM INDUSTRIES  (PHULERA),Purchase,264,,92335
,Purchase Account,,,92335.00 Dr,
20-01-2026,Jaipur Packers - Rajasthan,Purchase,265,,132223
,Purchase Account,,,112053.00 Dr,
,CGST-Tax,,,10085.00 Dr,
,SGST-Tax,,,10085.00 Dr,
21-01-2026,Vetkind Animal Health India,Payment,1091,151875,
,HDFC Bank,,,,151875.00 Cr
21-01-2026,Vetkind Animal Health India,Payment,1092,15250,
,HDFC Bank,,,,15250.00 Cr
21-01-2026,Ajay Kumar,Payment,1093,15000,
,HDFC Bank,,,,15000.00 Cr
21-01-2026,Wages Expenses A/C,Payment,1094,7600,
,Cash,,,,7600.00 Cr
21-01-2026,Office Expenses,Payment,1095,2450,
,Cash,,,,2450.00 Cr
21-01-2026,Fright Exp,Payment,1096,9000,
,Cash,,,,9000.00 Cr
21-01-2026,Dinesh Baat Bhandar  (Dhabash),Receipt,1207,,25083
,HDFC Bank,,,25083.00 Dr,
21-01-2026,Maa Karni Baat Bhander Sodala,Receipt,1208,,10000
,HDFC Bank,,,10000.00 Dr,
21-01-2026,JAGMOHAN  SATISH KUMAR  MAHUWA,Receipt,1209,,86975
,HDFC Bank,,,86975.00 Dr,
21-01-2026,Jain & Brothers - Muhana Mandi,Receipt,1210,,74497
,HDFC Bank,,,74497.00 Dr,
21-01-2026,Ranjeet Singh,Receipt,1211,,8000
,Cash,,,8000.00 Dr,
21-01-2026,Mamraj and Company Khejroli,Receipt,1212,,9500
,Cash,,,9500.00 Dr,
21-01-2026,Shyam Ji Yadav,Receipt,1213,,9000
,Cash,,,9000.00 Dr,
21-01-2026,Jhutha Ramji Khejroli,Receipt,1214,,9500
,Cash,,,9500.00 Dr,
21-01-2026,Murlidhar Ji Yadav- Khejroli,Receipt,1215,,9000
,Cash,,,9000.00 Dr,
21-01-2026,Rakesh Kirana Store - Khejroli,Receipt,1216,,9000
,Cash,,,9000.00 Dr,
21-01-2026,PRABHA MAHILA KISSAN PRODUSER KHANDER,Sales,3205/25-26,63000,
,Sales Account,,,,63000.00 Cr
21-01-2026,Jurashik Minral,Purchase,266,,47400
,Purchase Account,,,47400.00 Dr,
21-01-2026,Jai Shanker Rice and  Gen Mill,Purchase,267,,541841
,Purchase Account,,,541841.00 Dr,
22-01-2026,SHRI RAM INDUSTRIES  (PHULERA),Payment,1097,92335,
,HDFC Bank,,,,92335.00 Cr
22-01-2026,Makhan Traders Guna Mp,Payment,1098,563770,
,HDFC Bank,,,,563770.00 Cr
22-01-2026,Wages Expenses A/C,Payment,1099,7650,
,Cash,,,,7650.00 Cr
22-01-2026,Printing & Stationary,Payment,1100,2160,
,Cash,,,,2160.00 Cr
22-01-2026,Fright Exp,Payment,1101,9000,
,Cash,,,,9000.00 Cr
22-01-2026,Blue Diamond Food Production,Receipt,1217,,10000
,HDFC Bank,,,10000.00 Dr,
22-01-2026,Balaji Indastrises  Didwana,Receipt,1218,,67142
,HDFC Bank,,,67142.00 Dr,
22-01-2026,Nagarmal Pramod Kumar - Chidawa,Receipt,1219,,93126
,Punjab National Bank - New,,,93126.00 Dr,
22-01-2026,Tarachand Ji -Yadav Khejroli,Receipt,1220,,20000
,HDFC Bank,,,20000.00 Dr,
22-01-2026,Greenfield,Receipt,1221,,83250
,HDFC Bank,,,83250.00 Dr,
22-01-2026,M Choudhry Trading Company - Jalpali,Receipt,1222,,59700
,M Choudhry Trading Company - Jalpali,,,,1.00 Cr
,HDFC Bank,,,59701.00 Dr,
22-01-2026,Shri Mahaveer Treding Company Rayla,Receipt,1223,,87318
,HDFC Bank,,,87318.00 Dr,
22-01-2026,Ramesver Lal Hanuman Shay Ajmer,Receipt,1224,,63750
,Punjab National Bank - New,,,63750.00 Dr,
22-01-2026,Ranjeet Singh,Receipt,1225,,7670
,Cash,,,7670.00 Dr,
22-01-2026,Mamraj and Company Khejroli,Receipt,1226,,9500
,Cash,,,9500.00 Dr,
22-01-2026,Shyam Ji Yadav,Receipt,1227,,5750
,Cash,,,5750.00 Dr,
22-01-2026,Jhutha Ramji Khejroli,Receipt,1228,,9500
,Cash,,,9500.00 Dr,
22-01-2026,Murlidhar Ji Yadav- Khejroli,Receipt,1229,,9000
,Cash,,,9000.00 Dr,
22-01-2026,Rakesh Kirana Store - Khejroli,Receipt,1230,,9000
,Cash,,,9000.00 Dr,
22-01-2026,Balaji Trading  Company  - Lalshot,Sales,3206/25-26,51300,
,Sales Account,,,,51300.00 Cr
22-01-2026,Lavik Traders,Sales,3207/25-26,66138,
,Sales Account,,,,66138.00 Cr
22-01-2026,DILIP UDYOUG,Purchase,268,,44748
,Purchase Account,,,44748.00 Dr,
22-01-2026,KANHA FOOD PRODUCTS,Purchase,269,,321550
,Purchase Account,,,321550.00 Dr,
23-01-2026,Wages Expenses A/C,Payment,1102,7500,
,Cash,,,,7500.00 Cr
23-01-2026,Tour & Travel,Payment,1103,2840,
,Cash,,,,2840.00 Cr
23-01-2026,Fright Exp,Payment,1104,4933,
,Cash,,,,4933.00 Cr
23-01-2026,Harsit Kotari,Receipt,1231,,50000
,HDFC Bank,,,50000.00 Dr,
23-01-2026,Arihant  Kumar Rahul Kumar  Medta Seety - S,Receipt,1232,,78510
,HDFC Bank,,,78510.00 Dr,
23-01-2026,Lavik Traders,Receipt,1233,,58306
,HDFC Bank,,,58306.00 Dr,
23-01-2026,Balaji Trading  Company  - Lalshot,Receipt,1234,,51300
,HDFC Bank,,,51300.00 Dr,
23-01-2026,Jhutha Ramji Khejroli,Receipt,1235,,9500
,Cash,,,9500.00 Dr,
23-01-2026,Murlidhar Ji Yadav- Khejroli,Receipt,1236,,3000
,Cash,,,3000.00 Dr,
23-01-2026,JAGMOHAN  SATISH KUMAR  MAHUWA,Sales,3208/25-26,91750,
,Sales Account,,,,91750.00 Cr
23-01-2026,Nagarmal Pramod Kumar - Chidawa,Sales,3209/25-26,63855,
,Sales Account,,,,63855.00 Cr
23-01-2026,Uttam Agencies Sambriya,Sales,3210/25-26,15300,
,Sales Account,,,,15300.00 Cr
23-01-2026,Choudhary Pashu Aahar  Parbatsar,Sales,3211/25-26,81325,
,Sales Account,,,,81325.00 Cr
23-01-2026,Babulal Ji Yadav - Mahaswas,Sales,3212/25-26,78750,
,Sales Account,,,,78750.00 Cr
24-01-2026,Wages Expenses A/C,Payment,1105,7650,
,Cash,,,,7650.00 Cr
24-01-2026,Machinery Reparing,Payment,1106,2240,
,Cash,,,,2240.00 Cr
24-01-2026,Shri Shyam Baat Bhandar (Bad Ke Bala Ji ),Receipt,1237,,18148
,HDFC Bank,,,18148.00 Dr,
24-01-2026,G.K.N - Industries,Receipt,1238,,44330
,HDFC Bank,,,44330.00 Dr,
24-01-2026,Mamraj and Company Khejroli,Receipt,1239,,9500
,Cash,,,9500.00 Dr,
24-01-2026,Ramnarayan  Girraj Jaipur,Receipt,1240,,9000
,Cash,,,9000.00 Dr,
24-01-2026,Jhutha Ramji Khejroli,Receipt,1241,,9500
,Cash,,,9500.00 Dr,
24-01-2026,Nagarmal Pramod Kumar - Chidawa,Receipt,1242,,63855
,Punjab National Bank - New,,,63855.00 Dr,
24-01-2026,Shri Shyam Baat Bhandar (Bad Ke Bala Ji ),Sales,3213/25-26,18393,
,Sales Account,,,,18393.00 Cr
24-01-2026,Jhutha Ramji Khejroli,Sales,3214/25-26,78750,
,Sales Account,,,,78750.00 Cr
24-01-2026,Prakash Enterprises - Phulera,Sales,3215/25-26,79630,
,Sales Account,,,,79630.00 Cr
24-01-2026,Anjani Trading Company  -(Beawar),Sales,3216/25-26,265565,
,Sales Account,,,,265565.00 Cr
25-01-2026,Nathmal Mahender Kumar Chidawa,Receipt,1243,,122116
,HDFC Bank,,,122116.00 Dr,
25-01-2026,Shri Shyam Baat Bhandar (Bad Ke Bala Ji ),Receipt,1244,,6000
,Cash,,,6000.00 Dr,
25-01-2026,Ramnarayan Ji Yadev  Dhanota,Sales,3217/25-26,56250,
,Sales Account,,,,56250.00 Cr
25-01-2026,Jain & Brothers - Muhana Mandi,Sales,3218/25-26,62717,
,Sales Account,,,,62717.00 Cr
25-01-2026,BHAGTHALI TRADING CO.,Purchase,270,,148858
,Purchase Account,,,148858.00 Dr,
26-01-2026,Wages Expenses A/C,Payment,1107,7600,
,Cash,,,,7600.00 Cr
26-01-2026,Convence Expensece,Payment,1108,2200,
,Cash,,,,2200.00 Cr
26-01-2026,Laxmipati Traders,Receipt,1245,,70000
,HDFC Bank,,,70000.00 Dr,
26-01-2026,Jhutha Ramji Khejroli,Receipt,1246,,9500
,Cash,,,9500.00 Dr,
26-01-2026,Shri Shyam Baat Bhandar (Bad Ke Bala Ji ),Receipt,1247,,4000
,Cash,,,4000.00 Dr,
26-01-2026,Mahalaxmi Trading Company,Sales,3219/25-26,63233,
,Sales Account,,,,63233.00 Cr
26-01-2026,BHAGTHALI TRADING CO.,Purchase,271,,205550
,Purchase Account,,,205550.00 Dr,
26-01-2026,Hari Om Traders Jhalawar,Purchase,272,,465108
,Purchase Account,,,465108.00 Dr,
26-01-2026,Jai Hanuman Treders Up,Purchase,273,,207916
,Purchase Account,,,207916.00 Dr,
27-01-2026,Jai Shanker Rice and  Gen Mill,Payment,1109,541841,
,HDFC Bank,,,,541841.00 Cr
27-01-2026,KANHA FOOD PRODUCTS,Payment,1110,321550,
,HDFC Bank,,,,321550.00 Cr
27-01-2026,Electricity and Water Expenses,Payment,1111,2514,
,HDFC Bank,,,,2514.00 Cr
27-01-2026,Telephone Exp,Payment,1112,1049,
,HDFC Bank,,,,1049.00 Cr
27-01-2026,Wages Expenses A/C,Payment,1113,7650,
,Cash,,,,7650.00 Cr
27-01-2026,Tour & Travel,Payment,1114,2000,
,Cash,,,,2000.00 Cr
27-01-2026,Ishwar and Company Surajpool,Receipt,1248,,78750
,HDFC Bank,,,78750.00 Dr,
27-01-2026,Mamraj and Company Khejroli,Receipt,1249,,9500
,Cash,,,9500.00 Dr,
27-01-2026,Ramnarayan  Girraj Jaipur,Receipt,1250,,2200
,Cash,,,2200.00 Dr,
27-01-2026,Jhutha Ramji Khejroli,Receipt,1251,,9500
,Cash,,,9500.00 Dr,
27-01-2026,Manish Trandig Company,Receipt,1252,,9500
,Cash,,,9500.00 Dr,
27-01-2026,Ranjeet Singh,Sales,3220/25-26,30670,
,Sales Account,,,,30670.00 Cr
27-01-2026,Shri Govind Yadav Hirapura,Sales,3221/25-26,6375,
,Sales Account,,,,6375.00 Cr
27-01-2026,Lavik Traders,Sales,3222/25-26,35510,
,Sales Account,,,,35510.00 Cr
27-01-2026,Arihant  Kumar Rahul Kumar  Medta Seety - S,Sales,3223/25-26,112290,
,Sales Account,,,,112290.00 Cr
27-01-2026,S M Sales Corporation  Jaipur,Purchase,274,,35393
,Purchase Account,,,35393.00 Dr,
28-01-2026,Om Prakash Rajesh Kumar - Jaipur,Payment,1115,106057,
,Punjab National Bank - New,,,,106057.00 Cr
28-01-2026,Wages Expenses A/C,Payment,1116,7550,
,Cash,,,,7550.00 Cr
28-01-2026,Tour & Travel,Payment,1117,2350,
,Cash,,,,2350.00 Cr
28-01-2026,Ishwar and Company Surajpool,Receipt,1253,,58275
,HDFC Bank,,,58275.00 Dr,
28-01-2026,Vinayak Brothers - Renwal,Receipt,1254,,93600
,Vinayak Brothers - Renwal,,,,94300.00 Cr
,HDFC Bank,,,187900.00 Dr,
28-01-2026,Mamraj and Company Khejroli,Receipt,1255,,9500
,Cash,,,9500.00 Dr,
28-01-2026,Ranjeet Singh,Receipt,1256,,8000
,Cash,,,8000.00 Dr,
28-01-2026,Jhutha Ramji Khejroli,Receipt,1257,,2500
,Cash,,,2500.00 Dr,
28-01-2026,Rakesh Kirana Store - Khejroli,Receipt,1258,,1440
,Cash,,,1440.00 Dr,
28-01-2026,Mahalaxmi Trading Company,Receipt,1259,,62601
,Punjab National Bank - New,,,62601.00 Dr,
28-01-2026,Manish Trandig Company,Receipt,1260,,9500
,Cash,,,9500.00 Dr,
28-01-2026,Pashupati Trading Company,Sales,3224/25-26,81438,
,Sales Account,,,,81438.00 Cr
28-01-2026,Uttam Agencies Sambriya,Sales,3225/25-26,59068,
,Sales Account,,,,59068.00 Cr
28-01-2026,Shri Mahaveer Treding Company Rayla,Sales,3226/25-26,87318,
,Sales Account,,,,87318.00 Cr
28-01-2026,Harsit Kotari,Sales,3227/25-26,253745,
,Sales Account,,,,253745.00 Cr
28-01-2026,DILIP UDYOUG,Purchase,275,,40986
,Purchase Account,,,40986.00 Dr,
28-01-2026,Goyal Agro Indestres Fulera,Purchase,276,,126742
,Purchase Account,,,126742.00 Dr,
28-01-2026,R.K INDUSTRIES,Purchase,277,,58944
,Purchase Account,,,58944.00 Dr,
28-01-2026,Vetkind Animal Health India,Purchase,278,,56500
,Purchase Account,,,56500.00 Dr,
28-01-2026,Vetkind Animal Health India,Purchase,279,,22500
,Purchase Account,,,22500.00 Dr,
29-01-2026,Makhan Traders Guna Mp,Payment,1118,2515,
,HDFC Bank,,,,2515.00 Cr
29-01-2026,R.K INDUSTRIES,Payment,1119,58944,
,HDFC Bank,,,,58944.00 Cr
29-01-2026,BHAGTHALI TRADING CO.,Payment,1120,148858,
,HDFC Bank,,,,148858.00 Cr
29-01-2026,Jai Hanuman Treders Up,Payment,1121,207916,
,HDFC Bank,,,,207916.00 Cr
29-01-2026,BHAGTHALI TRADING CO.,Payment,1122,205550,
,HDFC Bank,,,,205550.00 Cr
29-01-2026,Wages Expenses A/C,Payment,1123,7600,
,Cash,,,,7600.00 Cr
29-01-2026,G.K.N - Industries,Receipt,1261,,44330
,HDFC Bank,,,44330.00 Dr,
29-01-2026,Shri Shyam Baat Bhandar (Bad Ke Bala Ji ),Receipt,1262,,18393
,HDFC Bank,,,18393.00 Dr,
29-01-2026,Ranjeet Singh,Receipt,1263,,15000
,HDFC Bank,,,15000.00 Dr,
29-01-2026,Shri Shyam Catal Feed Sikar,Receipt,1264,,216810
,HDFC Bank,,,216810.00 Dr,
29-01-2026,Mamraj and Company Khejroli,Receipt,1265,,9500
,Cash,,,9500.00 Dr,
29-01-2026,Ranjeet Singh,Receipt,1266,,6550
,Cash,,,6550.00 Dr,
29-01-2026,Khandelwal Kirana  Store - Nindar,Receipt,1267,,9800
,Cash,,,9800.00 Dr,
29-01-2026,Manish Trandig Company,Receipt,1268,,9500
,Cash,,,9500.00 Dr,
29-01-2026,Ishwar and Company Surajpool,Sales,3228/25-26,94500,
,Sales Account,,,,94500.00 Cr
29-01-2026,Shri Shyam Baat Bhandar (Bad Ke Bala Ji ),Sales,3229/25-26,23670,
,Sales Account,,,,23670.00 Cr
29-01-2026,KAMAL TRADING CO Dudu,Sales,3230/25-26,69270,
,Sales Account,,,,69270.00 Cr
29-01-2026,SHRI BALAJI ENTERPRISES-TIGARIYA,Sales,3231/25-26,72220,
,Sales Account,,,,72220.00 Cr
29-01-2026,"Kailash Chand Deen Dayal - Kasera, Shreemodhopur",Sales,3232/25-26,53860,
,Sales Account,,,,53860.00 Cr
29-01-2026,Nagarmal Pramod Kumar - Chidawa,Sales,3233/25-26,101750,
,Sales Account,,,,101750.00 Cr
30-01-2026,Car Loan - Hyrider,Payment,1124,48357,
,Punjab National Bank - New,,,,48357.00 Cr
30-01-2026,Jurashik Minral,Payment,1125,47400,
,HDFC Bank,,,,47400.00 Cr
30-01-2026,Goyal Agro Indestres Fulera,Payment,1126,126742,
,HDFC Bank,,,,126742.00 Cr
30-01-2026,Machinery Reparing,Payment,1127,2650,
,Cash,,,,2650.00 Cr
30-01-2026,Wages Expenses A/C,Payment,1128,7650,
,Cash,,,,7650.00 Cr
30-01-2026,Tour & Travel,Payment,1129,2860,
,Cash,,,,2860.00 Cr
30-01-2026,Mamraj and Company Khejroli,Receipt,1269,,2500
,Cash,,,2500.00 Dr,
30-01-2026,Shiv Trading Comnay Vatika,Receipt,1270,,75669
,HDFC Bank,,,75669.00 Dr,
30-01-2026,Khandelwal Kirana  Store - Nindar,Receipt,1271,,9800
,Cash,,,9800.00 Dr,
30-01-2026,Manish Trandig Company,Receipt,1272,,9500
,Cash,,,9500.00 Dr,
30-01-2026,Dugya Cattle Feed - Muhana,Sales,3234/2025-2026,61850,
,Sales Account,,,,61850.00 Cr
30-01-2026,Jain & Brothers - Muhana Mandi,Sales,3235/25-26,73631,
,Sales Account,,,,73631.00 Cr
30-01-2026,Ganesh Pashuahar Chaksu,Sales,3236/25-26,187628,
,Sales Account,,,,187628.00 Cr
30-01-2026,Shri Chand Pasu Aahar Malpura,Sales,3237/25-26,107550,
,Sales Account,,,,107550.00 Cr
30-01-2026,SHRI RAM INDUSTRIES  (PHULERA),Purchase,280,,153963
,Purchase Account,,,153963.00 Dr,
31-01-2026,Wages Expenses A/C,Payment,1130,7200,
,Cash,,,,7200.00 Cr
31-01-2026,Convence Expensece,Payment,1131,2400,
,Cash,,,,2400.00 Cr
31-01-2026,Jain & Brothers - Muhana Mandi,Receipt,1273,,62717
,HDFC Bank,,,62717.00 Dr,
31-01-2026,Shri Balaji Agro Industries - Muhana,Receipt,1274,,34497
,HDFC Bank,,,34497.00 Dr,
31-01-2026,Jai Jagdamba Treding Company Nangal Bhirda,Receipt,1275,,54170
,HDFC Bank,,,54170.00 Dr,
31-01-2026,Khandelwal Kirana  Store - Nindar,Receipt,1276,,9400
,Cash,,,9400.00 Dr,
31-01-2026,Manish Trandig Company,Receipt,1277,,9500
,Cash,,,9500.00 Dr,
31-01-2026,Shri Shyam Baat Bhandar (Bad Ke Bala Ji ),Sales,3238/25-26,21858,
,Sales Account,,,,21858.00 Cr
31-01-2026,Shyam Ji Yadav,Sales,3239/25-26,65635,
,Sales Account,,,,65635.00 Cr
31-01-2026,Uttam Agencies Sambriya,Sales,3240/25-26,45904,
,Sales Account,,,,45904.00 Cr
31-01-2026,BHAGTHALI TRADING CO.,Purchase,281,,220160
,Purchase Account,,,220160.00 Dr,
31-01-2026,Maa Mundeshwari Minirice Mill Bihar,Purchase,282,,231068
,Purchase Account,,,231068.00 Dr,
31-01-2026,Kissan Agro Industries Mp,Purchase,283,,596710
,Purchase Account,,,596710.00 Dr,
01-02-2026,Shri Shyam Baat Bhandar (Bad Ke Bala Ji ),Receipt,1278,,23670
,HDFC Bank,,,23670.00 Dr,
01-02-2026,SHRI BALAJI ENTERPRISES-TIGARIYA,Receipt,1279,,70000
,HDFC Bank,,,70000.00 Dr,
01-02-2026,"Kailash Chand Deen Dayal - Kasera, Shreemodhopur",Receipt,1280,,53860
,Punjab National Bank - New,,,53860.00 Dr,
02-02-2026,S M Sales Corporation  Jaipur,Payment,1132,35393,
,Punjab National Bank - New,,,,35393.00 Cr
02-02-2026,SHRI RAM INDUSTRIES  (PHULERA),Payment,1133,153963,
,HDFC Bank,,,,153963.00 Cr
02-02-2026,Hari Om Traders Jhalawar,Payment,1134,462900,
,HDFC Bank,,,,462900.00 Cr
02-02-2026,Maa Mundeshwari Minirice Mill Bihar,Payment,1135,231068,
,HDFC Bank,,,,231068.00 Cr
02-02-2026,Wages Expenses A/C,Payment,1136,7650,
,Cash,,,,7650.00 Cr
02-02-2026,Tour & Travel,Payment,1137,2160,
,Cash,,,,2160.00 Cr
02-02-2026,Nagarmal Pramod Kumar - Chidawa,Receipt,1281,,100000
,Punjab National Bank - New,,,100000.00 Dr,
02-02-2026,Harsit Kotari,Receipt,1282,,90000
,HDFC Bank,,,90000.00 Dr,
02-02-2026,Choudhary Pashu Aahar  Parbatsar,Receipt,1283,,50000
,HDFC Bank,,,50000.00 Dr,
02-02-2026,Godha Enterprises (Hingoniya),Receipt,1284,,9800
,Cash,,,9800.00 Dr,
02-02-2026,Manish Trandig Company,Receipt,1285,,9500
,Cash,,,9500.00 Dr,
02-02-2026,Discount Given,Journal,25,6247,
,Ramnarayan  Girraj Jaipur,,,,6247.00 Cr
02-02-2026,Vinayak Brothers - Renwal,Sales,3241/25-26,92914,
,Sales Account,,,,92914.00 Cr
02-02-2026,Ranjeet Singh,Sales,3242/25-26,24550,
,Sales Account,,,,24550.00 Cr
02-02-2026,Balaji Trading  Company  - Lalshot,Sales,3243/25-26,76980,
,Sales Account,,,,76980.00 Cr
02-02-2026,Jhutha Ramji Khejroli,Sales,3244/25-26,78750,
,Sales Account,,,,78750.00 Cr
02-02-2026,Lavik Traders,Sales,3245/25-26,61283,
,Sales Account,,,,61283.00 Cr
02-02-2026,Abhishek Treding Company  Fathenegar,Sales,3246/25-26,300800,
,Sales Account,,,,300800.00 Cr
03-02-2026,DILIP UDYOUG,Payment,1138,40986,
,Punjab National Bank - New,,,,40986.00 Cr
03-02-2026,Balaji Packers - Jaipur,Payment,1139,133198,
,Punjab National Bank - New,,,,133198.00 Cr
03-02-2026,Wages Expenses A/C,Payment,1140,7600,
,Cash,,,,7600.00 Cr
03-02-2026,Tour & Travel,Payment,1141,2100,
,Cash,,,,2100.00 Cr
03-02-2026,Arihant  Kumar Rahul Kumar  Medta Seety - S,Receipt,1286,,112752
,HDFC Bank,,,112752.00 Dr,
03-02-2026,Jain & Brothers - Muhana Mandi,Receipt,1287,,62717
,HDFC Bank,,,62717.00 Dr,
03-02-2026,Tarachand Ji -Yadav Khejroli,Receipt,1288,,44900
,HDFC Bank,,,44900.00 Dr,
03-02-2026,Godha Enterprises (Hingoniya),Receipt,1289,,9800
,Cash,,,9800.00 Dr,
03-02-2026,Manish Trandig Company,Receipt,1290,,9500
,Cash,,,9500.00 Dr,
03-02-2026,Shri Namokaar Trading Company,Receipt,1291,,5000
,Cash,,,5000.00 Dr,
03-02-2026,G.K.N - Industries,Sales,3247/25-26,44330,
,Sales Account,,,,44330.00 Cr
03-02-2026,Ramesver Lal Hanuman Shay Ajmer,Sales,3248/25-26,63750,
,Sales Account,,,,63750.00 Cr
03-02-2026,Vishnu Dairy Lalchandpura,Sales,3249/25-26,72000,
,Sales Account,,,,72000.00 Cr
04-02-2026,Wages Expenses A/C,Payment,1142,7550,
,Cash,,,,7550.00 Cr
04-02-2026,Office Expenses,Payment,1143,1100,
,Cash,,,,1100.00 Cr
04-02-2026,Shri Mahaveer Treding Company Rayla,Receipt,1292,,79000
,HDFC Bank,,,79000.00 Dr,
04-02-2026,Abhishek Treding Company  Fathenegar,Receipt,1293,,300800
,HDFC Bank,,,300800.00 Dr,
04-02-2026,Ranjeet Singh,Receipt,1294,,10000
,HDFC Bank,,,10000.00 Dr,
04-02-2026,Harsit Kotari,Receipt,1295,,100000
,HDFC Bank,,,100000.00 Dr,
04-02-2026,Anjani Trading Company  -(Beawar),Receipt,1296,,265565
,HDFC Bank,,,265565.00 Dr,
04-02-2026,Lavik Traders,Receipt,1297,,66443
,HDFC Bank,,,66443.00 Dr,
04-02-2026,Godha Enterprises (Hingoniya),Receipt,1298,,9800
,Cash,,,9800.00 Dr,
04-02-2026,Manish Trandig Company,Receipt,1299,,9500
,Cash,,,9500.00 Dr,
04-02-2026,Jain & Brothers - Muhana Mandi,Sales,3250/25-26,62717,
,Sales Account,,,,62717.00 Cr
04-02-2026,Babulal Ji Yadav - Mahaswas,Sales,3251/25-26,80500,
,Sales Account,,,,80500.00 Cr
04-02-2026,Ishwar and Company Surajpool,Sales,3252/25-26,94500,
,Sales Account,,,,94500.00 Cr
05-02-2026,Piccadily Agro Industries Ltd,Payment,1144,450000,
,HDFC Bank,,,,450000.00 Cr
05-02-2026,BUSINESS PROMOTION EXPENSES,Payment,1145,86941,
,HDFC Bank,,,,86941.00 Cr
05-02-2026,Wages Expenses A/C,Payment,1146,7650,
,Cash,,,,7650.00 Cr
05-02-2026,Machinery Reparing,Payment,1147,1860,
,Cash,,,,1860.00 Cr
05-02-2026,Ishwar and Company Surajpool,Receipt,1300,,98000
,HDFC Bank,,,98000.00 Dr,
05-02-2026,Balaji Trading  Company  - Lalshot,Receipt,1301,,76980
,HDFC Bank,,,76980.00 Dr,
05-02-2026,Babulal Ji Yadav - Mahaswas,Receipt,1302,,79800
,HDFC Bank,,,79800.00 Dr,
05-02-2026,Godha Enterprises (Hingoniya),Receipt,1303,,9800
,Cash,,,9800.00 Dr,
05-02-2026,Manish Trandig Company,Receipt,1304,,4360
,Cash,,,4360.00 Dr,
05-02-2026,Mehta Baat Bhandhar - GovindPura,Sales,3253/25-26,56160,
,Sales Account,,,,56160.00 Cr
05-02-2026,Krishna Baat Bhandhar- Sirsi Mode,Sales,3254/25-26,17000,
,Sales Account,,,,17000.00 Cr
05-02-2026,Ganesh Pashuahar Chaksu,Sales,3255/25-26,108565,
,Sales Account,,,,108565.00 Cr
05-02-2026,Lavik Traders,Sales,3256/25-26,18219,
,Sales Account,,,,18219.00 Cr
05-02-2026,Harsit Kotari,Sales,3257/25-26,252600,
,Sales Account,,,,252600.00 Cr
05-02-2026,Ms Kailash Udyog Bundi,Purchase,284,,315700
,Purchase Account,,,315700.00 Dr,
05-02-2026,Sehri Agro Oils Pvt Ltd  Kukar Kheda Mandi,Purchase,285,,30389
,Purchase Account,,,28936.00 Dr,
,CGST-Tax,,,726.50 Dr,
,SGST-Tax,,,726.50 Dr,
05-02-2026,Kaithal Solvent Pvt Ltd - Haryana,Purchase,286,,571267
,Purchase Account,,,571267.00 Dr,
05-02-2026,Deep Solvents Pvt Ltd Punjab,Purchase,287,,596413
,Purchase Account,,,568012.00 Dr,
,IGST-Tax,,,28401.00 Dr,
06-02-2026,Hari Om Traders Jhalawar,Payment,1148,2208,
,HDFC Bank,,,,2208.00 Cr
06-02-2026,Wages Expenses A/C,Payment,1149,7600,
,Cash,,,,7600.00 Cr
06-02-2026,Convence Expensece,Payment,1150,2200,
,Cash,,,,2200.00 Cr
06-02-2026,Nilesh Kumar Khandelwal,Payment,1151,9500,
,Vijay Kumar Khandelwal,,,9500.00 Dr,
,Priyanka Devi Khandelwal,,,9500.00 Dr,
,Vishnu Gupta,,,9500.00 Dr,
,Nitesh,,,9500.00 Dr,
,Pradeep Kumar Gupta,,,9500.00 Dr,
,Raju Lal Ji,,,9500.00 Dr,
,Raju Mistri,,,9500.00 Dr,
,Cash,,,,76000.00 Cr
06-02-2026,Shri Hari Shanker Khandelwal,Payment,1152,9000,
,Cash,,,,9000.00 Cr
06-02-2026,Shri Shyam Baat Bhandar (Bad Ke Bala Ji ),Receipt,1305,,21858
,HDFC Bank,,,21858.00 Dr,
06-02-2026,Satyenarayan Kunj Bihari  Ude,Receipt,1306,,49000
,HDFC Bank,,,49000.00 Dr,
06-02-2026,Pashupati Trading Company,Receipt,1307,,64025
,Punjab National Bank - New,,,64025.00 Dr,
06-02-2026,Choudhary Pashu Aahar  Parbatsar,Receipt,1308,,37410
,HDFC Bank,,,37410.00 Dr,
06-02-2026,JAGMOHAN  SATISH KUMAR  MAHUWA,Receipt,1309,,91560
,HDFC Bank,,,91560.00 Dr,
06-02-2026,Godha Enterprises (Hingoniya),Receipt,1310,,9800
,Cash,,,9800.00 Dr,
06-02-2026,Shri Shyam Baat Bhandar (Bad Ke Bala Ji ),Sales,3258/25-26,17903,
,Sales Account,,,,17903.00 Cr
06-02-2026,Arihant  Kumar Rahul Kumar  Medta Seety - S,Sales,3259/25-26,104010,
,Sales Account,,,,104010.00 Cr
06-02-2026,Rakesh Kirana Store - Khejroli,Sales,3260/25-26,70890,
,Sales Account,,,,70890.00 Cr
06-02-2026,Shri Vaibhav Metacast Pvt Ltd Unit,Sales,3261/25-26,38450,
,Sales Account,,,,38450.00 Cr
06-02-2026,Satyenarayan Kunj Bihari  Ude,Sales,3262/25-26,63700,
,Sales Account,,,,63700.00 Cr
06-02-2026,JAGMOHAN  SATISH KUMAR  MAHUWA,Sales,3263/25-26,86160,
,Sales Account,,,,86160.00 Cr
06-02-2026,Goyal Treders Fhagi,Sales,3264/25-26,101550,
,Sales Account,,,,101550.00 Cr
06-02-2026,Babulal Pradeep Kumar Jain   Mp,Purchase,288,,589586
,Purchase Account,,,589586.00 Dr,
06-02-2026,Piccadily Agro Industries Ltd,Purchase,289,,456350
,Purchase Account,,,434619.00 Dr,
,IGST-Tax,,,21731.00 Dr,
07-02-2026,Wages Expenses A/C,Payment,1153,7550,
,Cash,,,,7550.00 Cr
07-02-2026,Tour & Travel,Payment,1154,500,
,Cash,,,,500.00 Cr
07-02-2026,Office Expenses,Payment,1155,1620,
,Cash,,,,1620.00 Cr
07-02-2026,Nilesh Kumar Khandelwal,Payment,1156,9500,
,Vijay Kumar Khandelwal,,,9500.00 Dr,
,Priyanka Devi Khandelwal,,,9500.00 Dr,
,Pradeep Kumar Gupta,,,8000.00 Dr,
,Raju Lal Gupta,,,4500.00 Dr,
,Vishnu Gupta,,,9500.00 Dr,
,Nitesh,,,9500.00 Dr,
,Raju Mistri,,,4000.00 Dr,
,Cash,,,,64000.00 Cr
07-02-2026,Prakash Enterprises - Phulera,Receipt,1311,,76845
,HDFC Bank,,,76845.00 Dr,
07-02-2026,Harsit Kotari,Receipt,1312,,60000
,HDFC Bank,,,60000.00 Dr,
07-02-2026,Lavik Traders,Receipt,1313,,35694
,HDFC Bank,,,35694.00 Dr,
07-02-2026,Shri Shyam Baat Bhandar (Bad Ke Bala Ji ),Receipt,1314,,17903
,HDFC Bank,,,17903.00 Dr,
07-02-2026,Godha Enterprises (Hingoniya),Receipt,1315,,9800
,Cash,,,9800.00 Dr,
07-02-2026,Shri Shyam Baat Bhandar (Bad Ke Bala Ji ),Sales,3265/25-26,13458,
,Sales Account,,,,13458.00 Cr
07-02-2026,Lavik Traders,Sales,3266/25-26,99414,
,Sales Account,,,,99414.00 Cr
07-02-2026,Nagarmal Pramod Kumar - Chidawa,Sales,3267/25-26,37620,
,Sales Account,,,,37620.00 Cr
07-02-2026,Balaji Packers - Jaipur,Purchase,290,,133198
,Purchase Account,,,112880.00 Dr,
,CGST-Tax,,,10159.00 Dr,
,SGST-Tax,,,10159.00 Dr,
08-02-2026,Balaji Trading  Company  - Lalshot,Sales,3268/25-26,81225,
,Sales Account,,,,81225.00 Cr
08-02-2026,Shiv Trading Comnay Vatika,Sales,3269/25-26,76915,
,Sales Account,,,,76915.00 Cr
08-02-2026,Shri Mahaveer Treding Company Rayla,Sales,3270/25-26,39020,
,Sales Account,,,,39020.00 Cr
08-02-2026,Jain & Brothers - Muhana Mandi,Sales,3271/25-26,62717,
,Sales Account,,,,62717.00 Cr
09-02-2026,Piccadily Agro Industries Ltd,Payment,1157,6350,
,HDFC Bank,,,,6350.00 Cr
09-02-2026,Kaithal Solvent Pvt Ltd - Haryana,Payment,1158,571267,
,HDFC Bank,,,,571267.00 Cr
09-02-2026,BHAGTHALI TRADING CO.,Payment,1159,220160,
,HDFC Bank,,,,220160.00 Cr
09-02-2026,Ms Kailash Udyog Bundi,Payment,1160,314260,
,HDFC Bank,,,,314260.00 Cr
09-02-2026,Wages Expenses A/C,Payment,1161,7650,
,Cash,,,,7650.00 Cr
09-02-2026,Ganesh Pashuahar Chaksu,Receipt,1316,,300000
,HDFC Bank,,,300000.00 Dr,
09-02-2026,Blue Diamond Food Production,Receipt,1317,,10000
,HDFC Bank,,,10000.00 Dr,
09-02-2026,Nagarmal Pramod Kumar - Chidawa,Receipt,1318,,37620
,Punjab National Bank - New,,,37620.00 Dr,
09-02-2026,Balaji Trading  Company  - Lalshot,Receipt,1319,,81225
,HDFC Bank,,,81225.00 Dr,
09-02-2026,SHRI BALAJI ENTERPRISES-TIGARIYA,Receipt,1320,,70000
,HDFC Bank,,,70000.00 Dr,
09-02-2026,Giriraj Trading Company - Alwar,Receipt,1321,,50000
,HDFC Bank,,,50000.00 Dr,
09-02-2026,Godha Enterprises (Hingoniya),Receipt,1322,,9800
,Cash,,,9800.00 Dr,
09-02-2026,Vetkind Animal Health India,Purchase,291,,22500
,Purchase Account,,,22500.00 Dr,
10-02-2026,Cash,Contra,1,,200000
,HDFC Bank,,,200000.00 Dr,
10-02-2026,Electricity and Water Expenses,Payment,1162,99029,
,HDFC Bank,,,,99029.00 Cr
10-02-2026,Office Expenses,Payment,1163,797,
,Cash,,,,797.00 Cr
10-02-2026,Wages Expenses A/C,Payment,1164,7550,
,Cash,,,,7550.00 Cr
10-02-2026,Machinery Reparing,Payment,1165,2450,
,Cash,,,,2450.00 Cr
10-02-2026,PRABHA MAHILA KISSAN PRODUSER KHANDER,Receipt,1323,,63000
,HDFC Bank,,,63000.00 Dr,
10-02-2026,Shri Shyam Baat Bhandar (Bad Ke Bala Ji ),Receipt,1324,,13458
,HDFC Bank,,,13458.00 Dr,
10-02-2026,Harsit Kotari,Receipt,1325,,100000
,HDFC Bank,,,100000.00 Dr,
10-02-2026,Godha Enterprises (Hingoniya),Receipt,1326,,9900
,Cash,,,9900.00 Dr,
10-02-2026,Shyam Baat Bhandar - Kanwarpura,Receipt,1327,,9500
,Cash,,,9500.00 Dr,
10-02-2026,Jhutha Ramji Khejroli,Receipt,1328,,9500
,Cash,,,9500.00 Dr,
10-02-2026,Vishnu Dairy Lalchandpura,Receipt,1329,,9500
,Cash,,,9500.00 Dr,
10-02-2026,Shri Shyam Baat Bhandar (Bad Ke Bala Ji ),Sales,3272/25-26,17903,
,Sales Account,,,,17903.00 Cr
10-02-2026,Pashupati Trading Company,Sales,3273/25-26,61018,
,Sales Account,,,,61018.00 Cr
10-02-2026,G.K.N - Industries,Sales,3274/25-26,44905,
,Sales Account,,,,44905.00 Cr
10-02-2026,Deepak Trading Compay   Hingoniya,Sales,3275/25-26,78500,
,Sales Account,,,,78500.00 Cr
10-02-2026,Ishwar and Company Surajpool,Sales,3276/25-26,94500,
,Sales Account,,,,94500.00 Cr
10-02-2026,Tarachand Ji -Yadav Khejroli,Sales,3277/25-26,53900,
,Sales Account,,,,53900.00 Cr
10-02-2026,M/s Reet Preet Enterprises Shahpur Mp,Purchase,292,,718425
,Purchase Account,,,718425.00 Dr,
11-02-2026,Babulal Pradeep Kumar Jain   Mp,Payment,1166,586914,
,HDFC Bank,,,,586914.00 Cr
11-02-2026,Wages Expenses A/C,Payment,1167,7500,
,Cash,,,,7500.00 Cr
11-02-2026,Office Expenses,Payment,1168,150,
,Cash,,,,150.00 Cr
11-02-2026,Tour & Travel,Payment,1169,2100,
,Cash,,,,2100.00 Cr
11-02-2026,Dinesh Baat Bhandar  (Dhabash),Receipt,1330,,28400
,HDFC Bank,,,28400.00 Dr,
11-02-2026,Jain & Brothers - Muhana Mandi,Receipt,1331,,63112
,HDFC Bank,,,63112.00 Dr,
11-02-2026,Dugya Cattle Feed - Muhana,Receipt,1332,,69300
,HDFC Bank,,,69300.00 Dr,
11-02-2026,Shyam Baat Bhandar - Kanwarpura,Receipt,1333,,9500
,Cash,,,9500.00 Dr,
11-02-2026,Jhutha Ramji Khejroli,Receipt,1334,,9500
,Cash,,,9500.00 Dr,
11-02-2026,Vishnu Dairy Lalchandpura,Receipt,1335,,9500
,Cash,,,9500.00 Dr,
11-02-2026,Rajendra Kumar Pawan Kumar Fhagi,Sales,3278/25-26,64418,
,Sales Account,,,,64418.00 Cr
11-02-2026,Choudhary Pashu Aahar  Parbatsar,Sales,3279/25-26,82300,
,Sales Account,,,,82300.00 Cr
12-02-2026,Wages Expenses A/C,Payment,1170,7650,
,Cash,,,,7650.00 Cr
12-02-2026,Tour & Travel,Payment,1171,1500,
,Cash,,,,1500.00 Cr
12-02-2026,Pashupati Trading Company,Receipt,1336,,61846
,Punjab National Bank - New,,,61846.00 Dr,
12-02-2026,Uttam Agencies Sambriya,Receipt,1337,,10642
,Uttam Agencies Sambriya,,,,61453.00 Cr
,Punjab National Bank - New,,,72095.00 Dr,
12-02-2026,Shri Shyam Baat Bhandar (Bad Ke Bala Ji ),Receipt,1338,,17903
,HDFC Bank,,,17903.00 Dr,
12-02-2026,Ramnarayan Ji Yadev  Dhanota,Receipt,1339,,56250
,HDFC Bank,,,56250.00 Dr,
12-02-2026,Shyam Baat Bhandar - Kanwarpura,Receipt,1340,,9500
,Cash,,,9500.00 Dr,
12-02-2026,Jhutha Ramji Khejroli,Receipt,1341,,9500
,Cash,,,9500.00 Dr,
12-02-2026,Vishnu Dairy Lalchandpura,Receipt,1342,,9500
,Cash,,,9500.00 Dr,
12-02-2026,Ranjeet Singh,Sales,3281/25/26,24100,
,Sales Account,,,,24100.00 Cr
12-02-2026,Shri Shyam Baat Bhandar (Bad Ke Bala Ji ),Sales,3282/25-26,13458,
,Sales Account,,,,13458.00 Cr
12-02-2026,Uttam Agencies Sambriya,Sales,3283/25-26,51900,
,Sales Account,,,,51900.00 Cr
12-02-2026,Ganesh Pashuahar Chaksu,Sales,3284/25-26,72820,
,Sales Account,,,,72820.00 Cr
12-02-2026,Balaji Indastrises  Didwana,Sales,3285/25-26,88070,
,Sales Account,,,,88070.00 Cr
12-02-2026,Badri Lal Dwaraka Parsad Nasirabad,Sales,3286/25-26,135940,
,Sales Account,,,,135940.00 Cr
12-02-2026,Kaithal Solvent Pvt Ltd - Haryana,Purchase,293,,548020
,Purchase Account,,,548020.00 Dr,
12-02-2026,Balaji Packers - Jaipur,Purchase,294,,58639
,Purchase Account,,,49694.00 Dr,
,CGST-Tax,,,4472.50 Dr,
,SGST-Tax,,,4472.50 Dr,
13-02-2026,Wages Expenses A/C,Payment,1172,7550,
,Cash,,,,7550.00 Cr
13-02-2026,Convence Expensece,Payment,1173,2550,
,Cash,,,,2550.00 Cr
13-02-2026,Lavik Traders,Receipt,1343,,61393
,HDFC Bank,,,61393.00 Dr,
13-02-2026,Harsit Kotari,Receipt,1344,,85000
,HDFC Bank,,,85000.00 Dr,
13-02-2026,Ranjeet Singh,Receipt,1345,,9500
,Cash,,,9500.00 Dr,
13-02-2026,Jhutha Ramji Khejroli,Receipt,1346,,9500
,Cash,,,9500.00 Dr,
13-02-2026,Shyam Baat Bhandar - Kanwarpura,Receipt,1347,,9500
,Cash,,,9500.00 Dr,
13-02-2026,Vishnu Dairy Lalchandpura,Receipt,1348,,9500
,Cash,,,9500.00 Dr,
13-02-2026,Ishwar and Company Surajpool,Sales,3287/25-26,88987,
,Sales Account,,,,88987.00 Cr
13-02-2026,Shri Vaibhav Metacast Pvt Ltd Unit,Sales,3288/25-26,31840,
,Sales Account,,,,31840.00 Cr
13-02-2026,Uttam Agencies Sambriya,Sales,3289/25-26,42240,
,Sales Account,,,,42240.00 Cr
13-02-2026,Shri Mahaveer Treding Company Rayla,Sales,3290/25-26,91285,
,Sales Account,,,,91285.00 Cr
14-02-2026,Wages Expenses A/C,Payment,1174,7600,
,Cash,,,,7600.00 Cr
14-02-2026,Office Expenses,Payment,1175,2350,
,Cash,,,,2350.00 Cr
14-02-2026,Rajendra Kumar Pawan Kumar Fhagi,Receipt,1349,,64418
,HDFC Bank,,,64418.00 Dr,
14-02-2026,Shri Mahaveer Treding Company Rayla,Receipt,1350,,87318
,HDFC Bank,,,87318.00 Dr,
14-02-2026,G.K.N - Industries,Receipt,1351,,44330
,HDFC Bank,,,44330.00 Dr,
14-02-2026,Blue Diamond Food Production,Receipt,1352,,4000
,HDFC Bank,,,4000.00 Dr,
14-02-2026,Shri Shyam Baat Bhandar (Bad Ke Bala Ji ),Receipt,1353,,13458
,HDFC Bank,,,13458.00 Dr,
14-02-2026,Ranjeet Singh,Receipt,1354,,4600
,Cash,,,4600.00 Dr,
14-02-2026,Shyam Baat Bhandar - Kanwarpura,Receipt,1355,,9500
,Cash,,,9500.00 Dr,
14-02-2026,Jhutha Ramji Khejroli,Receipt,1356,,9500
,Cash,,,9500.00 Dr,
14-02-2026,Priyanka Oil Mill Ganedi Dadu,Receipt,1357,,9500
,Cash,,,9500.00 Dr,
14-02-2026,Vishnu Dairy Lalchandpura,Receipt,1358,,9500
,Cash,,,9500.00 Dr,
14-02-2026,Shri Shyam Baat Bhandar (Bad Ke Bala Ji ),Sales,3291/25-26,14218,
,Sales Account,,,,14218.00 Cr
14-02-2026,Kedar Kirana Stor Benadamod,Sales,3292/25-26,48700,
,Sales Account,,,,48700.00 Cr
14-02-2026,Shyam Ji Yadav,Sales,3293/25-26,39620,
,Sales Account,,,,39620.00 Cr
14-02-2026,Jain & Brothers - Muhana Mandi,Sales,3294/25-26,66141,
,Sales Account,,,,66141.00 Cr
14-02-2026,Harsit Kotari,Sales,3295/25-26,333470,
,Sales Account,,,,333470.00 Cr
14-02-2026,Shri Chand Pasu Aahar Malpura,Sales,3296/25-26,100380,
,Sales Account,,,,100380.00 Cr
14-02-2026,Sehri Agro Oils Pvt Ltd  Kukar Kheda Mandi,Purchase,295,,3972
,Purchase Account,,,3783.00 Dr,
,CGST-Tax,,,94.50 Dr,
,SGST-Tax,,,94.50 Dr,
14-02-2026,Nathmal Mahender Kumar Chidawa,Purchase,296,,49940
,Purchase Account,,,49940.00 Dr,
15-02-2026,Pashupati Trading Company,Receipt,1359,,81715
,Punjab National Bank - New,,,81715.00 Dr,
15-02-2026,Goyal Treders Fhagi,Receipt,1360,,101660
,HDFC Bank,,,101660.00 Dr,
15-02-2026,Vishnu Dairy Lalchandpura,Receipt,1361,,9500
,Cash,,,9500.00 Dr,
15-02-2026,SHRI BALAJI ENTERPRISES-TIGARIYA,Sales,3297/25-26,75320,
,Sales Account,,,,75320.00 Cr
15-02-2026,Grow More Trade Links Jaipur,Purchase,297,,525726
,Purchase Account,,,500691.00 Dr,
,CGST-Tax,,,12517.50 Dr,
,SGST-Tax,,,12517.50 Dr,
16-02-2026,Machinery Reparing,Payment,1176,2619,
,Punjab National Bank - New,,,,2619.00 Cr
16-02-2026,Sehri Agro Oils Pvt Ltd  Kukar Kheda Mandi,Payment,1177,30380,
,Punjab National Bank - New,,,,30380.00 Cr
16-02-2026,Factory Repairing,Payment,1178,7080,
,Punjab National Bank - New,,,,7080.00 Cr
16-02-2026,Wages Expenses A/C,Payment,1179,7650,
,Cash,,,,7650.00 Cr
16-02-2026,Tour & Travel,Payment,1180,2440,
,Cash,,,,2440.00 Cr
16-02-2026,Fright Exp,Payment,1181,9964,
,Cash,,,,9964.00 Cr
16-02-2026,Ranjeet Singh,Receipt,1362,,10000
,HDFC Bank,,,10000.00 Dr,
16-02-2026,Jain & Brothers - Muhana Mandi,Receipt,1363,,62717
,HDFC Bank,,,62717.00 Dr,
16-02-2026,Shyam Baat Bhandar - Kanwarpura,Receipt,1364,,8630
,Cash,,,8630.00 Dr,
16-02-2026,Jhutha Ramji Khejroli,Receipt,1365,,9500
,Cash,,,9500.00 Dr,
16-02-2026,Shri Shyam Treding Company Khejroli,Receipt,1366,,9500
,Cash,,,9500.00 Dr,
16-02-2026,Priyanka Oil Mill Ganedi Dadu,Receipt,1367,,9500
,Cash,,,9500.00 Dr,
16-02-2026,Vishnu Dairy Lalchandpura,Receipt,1368,,9500
,Cash,,,9500.00 Dr,
16-02-2026,Jain & Brothers - Muhana Mandi,Sales,3298/25-26,62717,
,Sales Account,,,,62717.00 Cr
16-02-2026,G.K.N - Industries,Sales,3299/25-26,44330,
,Sales Account,,,,44330.00 Cr
16-02-2026,Sunny Industries Sitapura Jaipur,Purchase,298,,45765
,Purchase Account,,,45765.00 Dr,
17-02-2026,Grow More Trade Links Jaipur,Payment,1182,525726,
,HDFC Bank,,,,525726.00 Cr
17-02-2026,M/s Reet Preet Enterprises Shahpur Mp,Payment,1183,715050,
,HDFC Bank,,,,715050.00 Cr
17-02-2026,Wages Expenses A/C,Payment,1184,7550,
,Cash,,,,7550.00 Cr
17-02-2026,Convence Expensece,Payment,1185,2600,
,Cash,,,,2600.00 Cr
17-02-2026,S Kumar & Company - Navalgarh,Receipt,1369,,100000
,HDFC Bank,,,100000.00 Dr,
17-02-2026,Harsit Kotari,Receipt,1370,,100000
,HDFC Bank,,,100000.00 Dr,
17-02-2026,Arihant  Kumar Rahul Kumar  Medta Seety - S,Receipt,1371,,104010
,HDFC Bank,,,104010.00 Dr,
17-02-2026,Lavik Traders,Receipt,1372,,18325
,HDFC Bank,,,18325.00 Dr,
17-02-2026,Jhutha Ramji Khejroli,Receipt,1373,,9500
,Cash,,,9500.00 Dr,
17-02-2026,Shri Shyam Treding Company Khejroli,Receipt,1374,,9500
,Cash,,,9500.00 Dr,
17-02-2026,Priyanka Oil Mill Ganedi Dadu,Receipt,1375,,9500
,Cash,,,9500.00 Dr,
17-02-2026,Krishna Baat Bhandhar- Sirsi Mode,Receipt,1376,,9000
,Cash,,,9000.00 Dr,
17-02-2026,Vishnu Dairy Lalchandpura,Receipt,1377,,5500
,Cash,,,5500.00 Dr,
17-02-2026,Vinayak Brothers - Renwal,Sales,3300/25-26,93048,
,Sales Account,,,,93048.00 Cr
17-02-2026,Uttam Agencies Sambriya,Sales,3301/25-26,33670,
,Sales Account,,,,33670.00 Cr
17-02-2026,J.R.Trading  Com. Jupa,Sales,3302/25-26,78750,
,Sales Account,,,,78750.00 Cr
17-02-2026,Shri Shyam Enterprises - Kalu Ka Baas,Sales,3303/25-26,65115,
,Sales Account,,,,65115.00 Cr
17-02-2026,JAGMOHAN  SATISH KUMAR  MAHUWA,Sales,3304/25-26,90080,
,Sales Account,,,,90080.00 Cr
17-02-2026,Nagarmal Pramod Kumar - Chidawa,Sales,3305/25-26,83595,
,Sales Account,,,,83595.00 Cr
17-02-2026,Arihant  Kumar Rahul Kumar  Medta Seety - S,Sales,3306/25-26,227960,
,Sales Account,,,,227960.00 Cr
17-02-2026,S M Sales Corporation  Jaipur,Purchase,299,,29150
,Purchase Account,,,29150.00 Dr,
17-02-2026,Sehri Agro Oils Pvt Ltd  Kukar Kheda Mandi,Purchase,300,,27403
,Purchase Account,,,26093.00 Dr,
,CGST-Tax,,,655.00 Dr,
,SGST-Tax,,,655.00 Dr,
18-02-2026,Telephone Exp,Payment,1186,1070,
,HDFC Bank,,,,1070.00 Cr
18-02-2026,Wages Expenses A/C,Payment,1187,7600,
,Cash,,,,7600.00 Cr
18-02-2026,Shri Chand Pasu Aahar Malpura,Receipt,1378,,127589
,HDFC Bank,,,127589.00 Dr,
18-02-2026,JAGMOHAN  SATISH KUMAR  MAHUWA,Receipt,1379,,86240
,HDFC Bank,,,86240.00 Dr,
18-02-2026,Jhutha Ramji Khejroli,Receipt,1380,,1750
,Cash,,,1750.00 Dr,
18-02-2026,Shri Shyam Treding Company Khejroli,Receipt,1381,,9500
,Cash,,,9500.00 Dr,
18-02-2026,Priyanka Oil Mill Ganedi Dadu,Receipt,1382,,9500
,Cash,,,9500.00 Dr,
18-02-2026,Krishna Baat Bhandhar- Sirsi Mode,Receipt,1383,,8000
,Cash,,,8000.00 Dr,
18-02-2026,Ranjeet Singh,Receipt,1384,,9500
,Cash,,,9500.00 Dr,
18-02-2026,Lavik Traders,Sales,3307/25-26,67735,
,Sales Account,,,,67735.00 Cr
18-02-2026,"Kailash Chand Deen Dayal - Kasera, Shreemodhopur",Sales,3308/25-26,53860,
,Sales Account,,,,53860.00 Cr
18-02-2026,DILIP UDYOUG,Purchase,301,,40095
,Purchase Account,,,40095.00 Dr,
19-02-2026,Kissan Agro Industries Mp,Payment,1188,594006,
,HDFC Bank,,,,594006.00 Cr
19-02-2026,Deep Solvents Pvt Ltd Punjab,Payment,1189,585233,
,HDFC Bank,,,,585233.00 Cr
19-02-2026,Kaithal Solvent Pvt Ltd - Haryana,Payment,1190,548020,
,Punjab National Bank - New,,,,548020.00 Cr
19-02-2026,BANK  EXPENSES- PNB BANK,Payment,1191,58.41,
,Punjab National Bank - New,,,,58.41 Cr
19-02-2026,Wages Expenses A/C,Payment,1192,7650,
,Cash,,,,7650.00 Cr
19-02-2026,Tour & Travel,Payment,1193,3020,
,Cash,,,,3020.00 Cr
19-02-2026,Ganesh Pashuahar Chaksu,Receipt,1385,,200000
,HDFC Bank,,,200000.00 Dr,
19-02-2026,Shri Shyam Treding Company Khejroli,Receipt,1386,,9500
,Cash,,,9500.00 Dr,
19-02-2026,Ishwar and Company Surajpool,Receipt,1387,,102375
,Ishwar and Company Surajpool,,,,94500.00 Cr
,HDFC Bank,,,196875.00 Dr,
19-02-2026,Priyanka Oil Mill Ganedi Dadu,Receipt,1388,,9500
,Cash,,,9500.00 Dr,
19-02-2026,Kedar Kirana Stor Benadamod,Receipt,1389,,54000
,HDFC Bank,,,54000.00 Dr,
19-02-2026,Ranjeet Singh,Receipt,1390,,8445
,Cash,,,8445.00 Dr,
19-02-2026,Uttam Agencies Sambriya,Receipt,1391,,15336
,Punjab National Bank - New,,,15336.00 Dr,
19-02-2026,Uttam Agencies Sambriya,Receipt,1392,,62192
,Punjab National Bank - New,,,62192.00 Dr,
19-02-2026,Satyenarayan Kunj Bihari  Ude,Receipt,1393,,9000
,Cash,,,9000.00 Dr,
19-02-2026,Anu Baat Bhandhar - Bheru Khejda,Sales,3309/25-26,60190,
,Sales Account,,,,60190.00 Cr
19-02-2026,Pashupati Trading Company,Sales,3310/25-26,44458,
,Sales Account,,,,44458.00 Cr
19-02-2026,Vetkind Animal Health India,Purchase,302,,11000
,Purchase Account,,,11000.00 Dr,
20-02-2026,Wages Expenses A/C,Payment,1194,7500,
,Cash,,,,7500.00 Cr
20-02-2026,Factory Expenses,Payment,1195,9000,
,Cash,,,,9000.00 Cr
20-02-2026,Factory Repairing,Payment,1196,9000,
,Cash,,,,9000.00 Cr
20-02-2026,Shri Shyam Treding Company Khejroli,Receipt,1394,,9500
,Cash,,,9500.00 Dr,
20-02-2026,Jai Bhawani Trading Company - Achrol,Receipt,1395,,15000
,HDFC Bank,,,15000.00 Dr,
20-02-2026,Priyanka Oil Mill Ganedi Dadu,Receipt,1396,,9500
,Cash,,,9500.00 Dr,
20-02-2026,Nagarmal Pramod Kumar - Chidawa,Receipt,1397,,83596
,Punjab National Bank - New,,,83596.00 Dr,
20-02-2026,Laxmipati Traders,Receipt,1398,,70000
,HDFC Bank,,,70000.00 Dr,
20-02-2026,Yasika Agro Feed Industries Merta City,Receipt,1399,,49900
,HDFC Bank,,,49900.00 Dr,
20-02-2026,"Kailash Chand Deen Dayal - Kasera, Shreemodhopur",Receipt,1400,,53860
,Punjab National Bank - New,,,53860.00 Dr,
20-02-2026,Satyenarayan Kunj Bihari  Ude,Receipt,1401,,9500
,Cash,,,9500.00 Dr,
20-02-2026,Shri Shyam Baat Bhandar (Bad Ke Bala Ji ),Receipt,1402,,14218
,HDFC Bank,,,14218.00 Dr,
20-02-2026,Yasika Agro Feed Industries Merta City,Receipt,1403,,100
,HDFC Bank,,,100.00 Dr,
20-02-2026,Shyam Ji Yadav,Receipt,1404,,9500
,Cash,,,9500.00 Dr,
20-02-2026,Jhutha Ramji Khejroli,Receipt,1405,,9500
,Cash,,,9500.00 Dr,
20-02-2026,Yasika Agro Feed Industries Merta City,Sales,3311/25-26,185550,
,Sales Account,,,,185550.00 Cr
20-02-2026,Shri Shyam Baat Bhandar (Bad Ke Bala Ji ),Sales,3312/25-26,13213,
,Sales Account,,,,13213.00 Cr
20-02-2026,KANHA FOOD PRODUCTS,Purchase,303,,416883
,Purchase Account,,,416883.00 Dr,
21-02-2026,M/s Reet Preet Enterprises Shahpur Mp,Payment,1197,3375,
,Punjab National Bank - New,,,,3375.00 Cr
21-02-2026,Babulal Pradeep Kumar Jain   Mp,Payment,1198,2672,
,Punjab National Bank - New,,,,2672.00 Cr
21-02-2026,Ms Kailash Udyog Bundi,Payment,1199,1440,
,Punjab National Bank - New,,,,1440.00 Cr
21-02-2026,Kissan Agro Industries Mp,Payment,1200,2704,
,Punjab National Bank - New,,,,2704.00 Cr
21-02-2026,Wages Expenses A/C,Payment,1201,7500,
,Cash,,,,7500.00 Cr
21-02-2026,Tour & Travel,Payment,1202,1800,
,Cash,,,,1800.00 Cr
21-02-2026,Factory Repairing,Payment,1203,4430,
,Cash,,,,4430.00 Cr
21-02-2026,Shri Shyam Treding Company Khejroli,Receipt,1406,,2500
,Cash,,,2500.00 Dr,
21-02-2026,Priyanka Oil Mill Ganedi Dadu,Receipt,1407,,9500
,Cash,,,9500.00 Dr,
21-02-2026,Choudhary Pashu Aahar  Parbatsar,Receipt,1408,,60000
,HDFC Bank,,,60000.00 Dr,
21-02-2026,Balaji Indastrises  Didwana,Receipt,1409,,88070
,HDFC Bank,,,88070.00 Dr,
21-02-2026,Yasika Agro Feed Industries Merta City,Receipt,1410,,100000
,HDFC Bank,,,100000.00 Dr,
21-02-2026,Jain & Brothers - Muhana Mandi,Receipt,1411,,73631
,HDFC Bank,,,73631.00 Dr,
21-02-2026,Vinayak Genral Stor Ranwal,Receipt,1412,,9000
,Cash,,,9000.00 Dr,
21-02-2026,Shyam Ji Yadav,Receipt,1413,,9500
,Cash,,,9500.00 Dr,
21-02-2026,Jhutha Ramji Khejroli,Receipt,1414,,9500
,Cash,,,9500.00 Dr,
21-02-2026,Ranjeet Singh,Sales,3313/25-26,17945,
,Sales Account,,,,17945.00 Cr
21-02-2026,Laxmipati Traders,Sales,3314/25-26,66700,
,Sales Account,,,,66700.00 Cr
21-02-2026,Prakash Enterprises - Phulera,Sales,3315/25-26,77660,
,Sales Account,,,,77660.00 Cr
21-02-2026,Abhishek Treding Company  Fathenegar,Sales,3317/2025-2026,329000,
,Sales Account,,,,329000.00 Cr
21-02-2026,J.S. Packers - Jaipur,Purchase,304,,37231
,Purchase Account,,,31552.00 Dr,
,CGST-Tax,,,2839.50 Dr,
,SGST-Tax,,,2839.50 Dr,
21-02-2026,Garg Food  Haryana,Purchase,305,,622194
,Purchase Account,,,622194.00 Dr,
22-02-2026,Tarachand Ji -Yadav Khejroli,Receipt,1415,,33900
,HDFC Bank,,,33900.00 Dr,
22-02-2026,Giriraj Enterprises - Kalu Ka Baas,Receipt,1416,,62843
,HDFC Bank,,,62843.00 Dr,
22-02-2026,Satyenarayan Kunj Bihari  Ude,Receipt,1417,,9500
,Cash,,,9500.00 Dr,
22-02-2026,Balaji Trading  Company  - Lalshot,Sales,3318/2025-2026,76950,
,Sales Account,,,,76950.00 Cr
22-02-2026,Jai Shanker Rice and  Gen Mill,Purchase,306,,552425
,Purchase Account,,,552425.00 Dr,
23-02-2026,Sk Trading Company Kurukshetra,Payment,1204,9900,
,HDFC Bank,,,,9900.00 Cr
23-02-2026,Balaji Packers - Jaipur,Payment,1205,54020,
,Punjab National Bank - New,,,,54020.00 Cr
23-02-2026,Wages Expenses A/C,Payment,1206,7550,
,Cash,,,,7550.00 Cr
23-02-2026,Office Expenses,Payment,1207,2450,
,Cash,,,,2450.00 Cr
23-02-2026,Priyanka Oil Mill Ganedi Dadu,Receipt,1418,,8500
,Cash,,,8500.00 Dr,
23-02-2026,Pashupati Trading Company,Receipt,1419,,61284
,Punjab National Bank - New,,,61284.00 Dr,
23-02-2026,Abhishek Treding Company  Fathenegar,Receipt,1420,,329000
,HDFC Bank,,,329000.00 Dr,
23-02-2026,Prakash Enterprises - Phulera,Receipt,1421,,79630
,HDFC Bank,,,79630.00 Dr,
23-02-2026,G.K.N - Industries,Receipt,1422,,51000
,HDFC Bank,,,51000.00 Dr,
23-02-2026,Harsit Kotari,Receipt,1423,,70000
,HDFC Bank,,,70000.00 Dr,
23-02-2026,Lavik Traders,Receipt,1424,,99954
,HDFC Bank,,,99954.00 Dr,
23-02-2026,Balaji Trading  Company  - Lalshot,Receipt,1425,,76950
,HDFC Bank,,,76950.00 Dr,
23-02-2026,Anukumar Mukesh Kumar Malpura,Receipt,1426,,83500
,Punjab National Bank - New,,,83500.00 Dr,
23-02-2026,Ramesver Lal Hanuman Shay Ajmer,Receipt,1427,,63750
,Punjab National Bank - New,,,63750.00 Dr,
23-02-2026,Vinayak Genral Stor Ranwal,Receipt,1428,,9000
,Cash,,,9000.00 Dr,
23-02-2026,Shri Shyam Treding Company Khejroli,Receipt,1429,,9500
,Cash,,,9500.00 Dr,
23-02-2026,Satyenarayan Kunj Bihari  Ude,Receipt,1430,,9500
,Cash,,,9500.00 Dr,
23-02-2026,Shyam Ji Yadav,Receipt,1431,,9500
,Cash,,,9500.00 Dr,
23-02-2026,Jhutha Ramji Khejroli,Receipt,1432,,9500
,Cash,,,9500.00 Dr,
23-02-2026,Shubham Industries Bundi,Purchase,307,,398530
,Purchase Account,,,398530.00 Dr,
24-02-2026,Sunny Industries Sitapura Jaipur,Payment,1208,45765,
,HDFC Bank,,,,45765.00 Cr
24-02-2026,DILIP UDYOUG,Payment,1209,40095,
,HDFC Bank,,,,40095.00 Cr
24-02-2026,KANHA FOOD PRODUCTS,Payment,1210,412668,
,HDFC Bank,,,,412668.00 Cr
24-02-2026,Garg Food  Haryana,Payment,1211,622194,
,HDFC Bank,,,,622194.00 Cr
24-02-2026,Wages Expenses A/C,Payment,1212,7650,
,Cash,,,,7650.00 Cr
24-02-2026,Tour & Travel,Payment,1213,2200,
,Cash,,,,2200.00 Cr
24-02-2026,Shiv Trading Comnay Vatika,Receipt,1433,,76918
,HDFC Bank,,,76918.00 Dr,
24-02-2026,Vinayak Genral Stor Ranwal,Receipt,1434,,3440
,Cash,,,3440.00 Dr,
24-02-2026,Vinayak Genral Stor Ranwal,Receipt,1435,,50000
,HDFC Bank,,,50000.00 Dr,
24-02-2026,Shri Shyam Treding Company Khejroli,Receipt,1436,,9500
,Cash,,,9500.00 Dr,
24-02-2026,Satyenarayan Kunj Bihari  Ude,Receipt,1437,,9200
,Cash,,,9200.00 Dr,
24-02-2026,Shyam Ji Yadav,Receipt,1438,,9500
,Cash,,,9500.00 Dr,
24-02-2026,Jhutha Ramji Khejroli,Receipt,1439,,9500
,Cash,,,9500.00 Dr,
24-02-2026,Discount Given,Journal,26,7200,
,Satyenarayan Kunj Bihari  Ude,,,,7200.00 Cr
24-02-2026,Anjani Trading Company  -(Beawar),Sales,3319/25-26,300637,
,Sales Account,,,,300637.00 Cr
24-02-2026,Vetkind Animal Health India,Purchase,308,,22500
,Purchase Account,,,22500.00 Dr,
25-02-2026,Jaipur Packers - Rajasthan,Payment,1214,192989,
,Punjab National Bank - New,,,,192989.00 Cr
25-02-2026,Wages Expenses A/C,Payment,1215,7550,
,Cash,,,,7550.00 Cr
25-02-2026,Office Expenses,Payment,1216,500,
,Cash,,,,500.00 Cr
25-02-2026,Convence Expensece,Payment,1217,2100,
,Cash,,,,2100.00 Cr
25-02-2026,Babulal Ji Yadav - Mahaswas,Receipt,1440,,80500
,HDFC Bank,,,80500.00 Dr,
25-02-2026,Yasika Agro Feed Industries Merta City,Receipt,1441,,35650
,HDFC Bank,,,35650.00 Dr,
25-02-2026,Jitender Baat Bhandhar - Jhobner,Receipt,1442,,10000
,Jitender Baat Bhandhar - Jhobner,,,,130000.00 Cr
,HDFC Bank,,,140000.00 Dr,
25-02-2026,Shri Shyam Treding Company Khejroli,Receipt,1443,,9500
,Cash,,,9500.00 Dr,
25-02-2026,Shyam Ji Yadav,Receipt,1444,,9500
,Cash,,,9500.00 Dr,
25-02-2026,Jhutha Ramji Khejroli,Receipt,1445,,9500
,Cash,,,9500.00 Dr,
25-02-2026,PRABHA MAHILA KISSAN PRODUSER KHANDER,Sales,3320/25-26,63000,
,Sales Account,,,,63000.00 Cr
25-02-2026,Shri Mahaveer Treding Company Rayla,Sales,3321/25-26,88000,
,Sales Account,,,,88000.00 Cr
25-02-2026,Nagarmal Pramod Kumar - Chidawa,Sales,3322/25-26,81180,
,Sales Account,,,,81180.00 Cr
25-02-2026,DILIP UDYOUG,Purchase,309,,40095
,Purchase Account,,,40095.00 Dr,
26-02-2026,BUSINESS PROMOTION EXPENSES,Payment,1218,42253,
,HDFC Bank,,,,42253.00 Cr
26-02-2026,Jai Shanker Rice and  Gen Mill,Payment,1219,552425,
,HDFC Bank,,,,552425.00 Cr
26-02-2026,Shubham Industries Bundi,Payment,1220,396600,
,HDFC Bank,,,,396600.00 Cr
26-02-2026,(cancelled),Payment,1221,,
26-02-2026,Wages Expenses A/C,Payment,1222,10702,
,Punjab National Bank - New,,,,10702.00 Cr
26-02-2026,Machinery Reparing,Payment,1223,9800,
,Punjab National Bank - New,,,,9800.00 Cr
26-02-2026,Wages Expenses A/C,Payment,1224,7650,
,Cash,,,,7650.00 Cr
26-02-2026,Shri Shyam Baat Bhandar (Bad Ke Bala Ji ),Receipt,1446,,13213
,HDFC Bank,,,13213.00 Dr,
26-02-2026,Subham Pasu Aahar Badanwada,Receipt,1447,,79995
,HDFC Bank,,,79995.00 Dr,
26-02-2026,Harsit Kotari,Receipt,1448,,110000
,HDFC Bank,,,110000.00 Dr,
26-02-2026,Shri Shyam Treding Company Khejroli,Receipt,1449,,9500
,Cash,,,9500.00 Dr,
26-02-2026,Godha Enterprises (Hingoniya),Receipt,1450,,9000
,Cash,,,9000.00 Dr,
26-02-2026,Deepak Trading Compay   Hingoniya,Receipt,1451,,9500
,Cash,,,9500.00 Dr,
26-02-2026,Anukumar Mukesh Kumar Malpura,Receipt,1452,,84200
,Punjab National Bank - New,,,84200.00 Dr,
26-02-2026,Shyam Ji Yadav,Receipt,1453,,9500
,Cash,,,9500.00 Dr,
26-02-2026,Jhutha Ramji Khejroli,Receipt,1454,,9500
,Cash,,,9500.00 Dr,
26-02-2026,Vinayak Genral Stor Ranwal,Sales,3323/25-26,66977,
,Sales Account,,,,66977.00 Cr
26-02-2026,Shri Shyam Baat Bhandar (Bad Ke Bala Ji ),Sales,3324/25-26,18025,
,Sales Account,,,,18025.00 Cr
26-02-2026,Ganesh Pashuahar Chaksu,Sales,3325/25-26,80580,
,Sales Account,,,,80580.00 Cr
26-02-2026,Ganesh Pashuahar Chaksu,Sales,3326/25-26,70110,
,Sales Account,,,,70110.00 Cr
26-02-2026,Jain & Brothers - Muhana Mandi,Sales,3327/25-26,62717,
,Sales Account,,,,62717.00 Cr
26-02-2026,Giriraj Trading Company - Alwar,Sales,3328/25-26,78000,
,Sales Account,,,,78000.00 Cr
26-02-2026,J.R.Trading  Com. Jupa,Sales,3329/25-26,77000,
,Sales Account,,,,77000.00 Cr
26-02-2026,Anukumar Mukesh Kumar Malpura,Sales,3330/25-26,65085,
,Sales Account,,,,65085.00 Cr
27-02-2026,S M Sales Corporation  Jaipur,Payment,1225,29150,
,Punjab National Bank - New,,,,29150.00 Cr
27-02-2026,Car Loan - Hyrider,Payment,1226,48357,
,Punjab National Bank - New,,,,48357.00 Cr
27-02-2026,Wages Expenses A/C,Payment,1227,7500,
,Cash,,,,7500.00 Cr
27-02-2026,Dugya Cattle Feed - Muhana,Payment,1228,9000,
,Cash,,,,9000.00 Cr
27-02-2026,Shri Shyam Treding Company Khejroli,Receipt,1455,,9500
,Cash,,,9500.00 Dr,
27-02-2026,Godha Enterprises (Hingoniya),Receipt,1456,,9000
,Cash,,,9000.00 Dr,
27-02-2026,Deepak Trading Compay   Hingoniya,Receipt,1457,,9500
,Cash,,,9500.00 Dr,
27-02-2026,Shyam Ji Yadav,Receipt,1458,,8630
,Cash,,,8630.00 Dr,
27-02-2026,Jhutha Ramji Khejroli,Receipt,1459,,9500
,Cash,,,9500.00 Dr,
27-02-2026,Ishwar and Company Surajpool,Sales,3331/25-26,94500,
,Sales Account,,,,94500.00 Cr
27-02-2026,Pashupati Trading Company,Sales,3332/25-26,56112,
,Sales Account,,,,56112.00 Cr
27-02-2026,Shiv Trading Comnay Vatika,Sales,3333/25-26,78460,
,Sales Account,,,,78460.00 Cr
27-02-2026,Manish Trandig Company,Sales,3334/25-26,58690,
,Sales Account,,,,58690.00 Cr
27-02-2026,Uttam Agencies Sambriya,Sales,3335/25-26,50700,
,Sales Account,,,,50700.00 Cr
27-02-2026,Lavik Traders,Sales,3336/25-26,41015,
,Sales Account,,,,41015.00 Cr
27-02-2026,Jai Jagdamba Treding Company Nangal Bhirda,Sales,3337/25-26,54270,
,Sales Account,,,,54270.00 Cr
27-02-2026,Vishnu Dairy Lalchandpura,Sales,3338/25-26,73600,
,Sales Account,,,,73600.00 Cr
27-02-2026,JAGMOHAN  SATISH KUMAR  MAHUWA,Sales,3339/25-26,108985,
,Sales Account,,,,108985.00 Cr
27-02-2026,Om Prakash Rajesh Kumar - Jaipur,Purchase,310,,109530
,Purchase Account,,,109530.00 Dr,
28-02-2026,Factory Repairing,Payment,1229,12180,
,HDFC Bank,,,,12180.00 Cr
28-02-2026,Wages Expenses A/C,Payment,1230,7550,
,Cash,,,,7550.00 Cr
28-02-2026,Tour & Travel,Payment,1231,2640,
,Cash,,,,2640.00 Cr
28-02-2026,Dugya Cattle Feed - Muhana,Payment,1232,7496,
,Cash,,,,7496.00 Cr
28-02-2026,Ranjeet Singh,Receipt,1460,,9500
,Cash,,,9500.00 Dr,
28-02-2026,Shri Shyam Treding Company Khejroli,Receipt,1461,,2500
,Cash,,,2500.00 Dr,
28-02-2026,Murlidhar Ji Yadav- Khejroli,Receipt,1462,,9000
,Cash,,,9000.00 Dr,
28-02-2026,Godha Enterprises (Hingoniya),Receipt,1463,,3000
,Cash,,,3000.00 Dr,
28-02-2026,Deepak Trading Compay   Hingoniya,Receipt,1464,,9500
,Cash,,,9500.00 Dr,
28-02-2026,Jhutha Ramji Khejroli,Receipt,1465,,9500
,Cash,,,9500.00 Dr,
28-02-2026,Discount Given,Journal,27,1989,
,Godha Enterprises (Hingoniya),,,,1989.00 Cr
28-02-2026,Lavik Traders,Sales,3340/25-26,62890,
,Sales Account,,,,62890.00 Cr
28-02-2026,Ranjeet Singh,Sales,3341/25-26,23785,
,Sales Account,,,,23785.00 Cr
28-02-2026,Shri Shyam Baat Bhandar (Bad Ke Bala Ji ),Sales,3342/25-26,14070,
,Sales Account,,,,14070.00 Cr
28-02-2026,Murlidhar Ji Yadav- Khejroli,Sales,3343/25-26,56250,
,Sales Account,,,,56250.00 Cr
28-02-2026,Choudhary Pashu Aahar  Parbatsar,Sales,3344/25-26,102085,
,Sales Account,,,,102085.00 Cr
28-02-2026,Yasika Agro Feed Industries Merta City,Sales,3345/25-26,295960,
,Sales Account,,,,295960.00 Cr
28-02-2026,Prem Industries (Hingoniya),Purchase,311,,143160
,Purchase Account,,,143160.00 Dr,
28-02-2026,SHRI RAM INDUSTRIES  (PHULERA),Purchase,312,,103927
,Purchase Account,,,103927.00 Dr,
28-02-2026,DILIP UDYOUG,Purchase,313,,40095
,Purchase Account,,,40095.00 Dr,
28-02-2026,Vetkind Animal Health India,Purchase,314,,74925
,Purchase Account,,,74925.00 Dr,
01-03-2026,Shri Shyam Baat Bhandar (Bad Ke Bala Ji ),Receipt,1466,,18025
,HDFC Bank,,,18025.00 Dr,
01-03-2026,Nagarmal Pramod Kumar - Chidawa,Receipt,1467,,1500
,Punjab National Bank - New,,,1500.00 Dr,
01-03-2026,Uttam Agencies Sambriya,Sales,3346/25-26,55518,
,Sales Account,,,,55518.00 Cr
01-03-2026,Harsit Kotari,Sales,3347/25-26,266593,
,Sales Account,,,,266593.00 Cr
02-03-2026,Wages Expenses A/C,Payment,1233,7650,
,Cash,,,,7650.00 Cr
02-03-2026,Ranjeet Singh,Receipt,1468,,9500
,Cash,,,9500.00 Dr,
02-03-2026,Choudhary Pashu Aahar  Parbatsar,Receipt,1469,,39450
,HDFC Bank,,,39450.00 Dr,
02-03-2026,Ishwar and Company Surajpool,Receipt,1470,,78750
,HDFC Bank,,,78750.00 Dr,
02-03-2026,JAGMOHAN  SATISH KUMAR  MAHUWA,Receipt,1471,,90160
,HDFC Bank,,,90160.00 Dr,
02-03-2026,Harsit Kotari,Receipt,1472,,125000
,HDFC Bank,,,125000.00 Dr,
02-03-2026,Lavik Traders,Receipt,1473,,67940
,HDFC Bank,,,67940.00 Dr,
02-03-2026,PRABHA MAHILA KISSAN PRODUSER KHANDER,Receipt,1474,,30000
,HDFC Bank,,,30000.00 Dr,
02-03-2026,Badri Lal Dwaraka Parsad Nasirabad,Receipt,1475,,135930
,HDFC Bank,,,135930.00 Dr,
02-03-2026,Shri Shyam Treding Company Khejroli,Receipt,1476,,9000
,Cash,,,9000.00 Dr,
02-03-2026,Murlidhar Ji Yadav- Khejroli,Receipt,1477,,9000
,Cash,,,9000.00 Dr,
02-03-2026,Deepak Trading Compay   Hingoniya,Receipt,1478,,9500
,Cash,,,9500.00 Dr,
02-03-2026,Uttam Agencies Sambriya,Receipt,1479,,45904
,Punjab National Bank - New,,,45904.00 Dr,
02-03-2026,Uttam Agencies Sambriya,Receipt,1480,,58368
,Punjab National Bank - New,,,58368.00 Dr,
03-03-2026,Agrasen Cotton Private Limited  Chomu,Payment,1234,129,
,Cash,,,,129.00 Cr
03-03-2026,Agrasen Industries Jaitpura,Payment,1235,322,
,Cash,,,,322.00 Cr
03-03-2026,BABOSA ENTERPRISES ( DHAGA),Payment,1236,233,
,Cash,,,,233.00 Cr
03-03-2026,Balaji Packers - Jaipur,Payment,1237,7560,
,Cash,,,,7560.00 Cr
03-03-2026,Bina Enterprises - Jaipur,Payment,1238,1930,
,Cash,,,,1930.00 Cr
03-03-2026,(cancelled),Payment,1239,,
03-03-2026,Jai Shree Trading Company Churu,Payment,1240,4000,
,Cash,,,,4000.00 Cr
03-03-2026,Wages Expenses A/C,Payment,1241,7600,
,Cash,,,,7600.00 Cr
03-03-2026,Ranjeet Singh,Receipt,1481,,4785
,Cash,,,4785.00 Dr,
03-03-2026,Tarachand Ji -Yadav Khejroli,Receipt,1482,,20000
,HDFC Bank,,,20000.00 Dr,
03-03-2026,Deepak Trading Compay   Hingoniya,Receipt,1483,,9500
,Cash,,,9500.00 Dr,
03-03-2026,Jhutha Ramji Khejroli,Receipt,1484,,2750
,Cash,,,2750.00 Dr,
03-03-2026,Shri Shyam Treding Company Khejroli,Receipt,1485,,9500
,Cash,,,9500.00 Dr,
03-03-2026,Jai Shanker Rice and  Gen Mill,Receipt,1486,,7291
,Cash,,,7291.00 Dr,
04-03-2026,Wages Expenses A/C,Payment,1242,7550,
,Cash,,,,7550.00 Cr
04-03-2026,Tour & Travel,Payment,1243,2400,
,Cash,,,,2400.00 Cr
04-03-2026,Shri Shyam Treding Company Khejroli,Receipt,1487,,9000
,Cash,,,9000.00 Dr,
04-03-2026,Murlidhar Ji Yadav- Khejroli,Receipt,1488,,2000
,Cash,,,2000.00 Dr,
05-03-2026,SHRI RAM INDUSTRIES  (PHULERA),Payment,1244,103927,
,HDFC Bank,,,,103927.00 Cr
05-03-2026,Prem Industries (Hingoniya),Payment,1245,143160,
,HDFC Bank,,,,143160.00 Cr
05-03-2026,Nath Solvent Extractions Pvt Ltd Haryana,Payment,1246,5215,
,Cash,,,,5215.00 Cr
05-03-2026,Piccadily Agro Industries Ltd,Payment,1247,4635,
,Cash,,,,4635.00 Cr
05-03-2026,Padmawati Trading Co.,Payment,1248,5000,
,Cash,,,,5000.00 Cr
05-03-2026,Mangal Treding Company Kukerkheda Mhandi,Payment,1249,102.48,
,Cash,,,,102.48 Cr
05-03-2026,Mahaveer Galla Bhandhar,Payment,1250,3002,
,Cash,,,,3002.00 Cr
05-03-2026,Wages Expenses A/C,Payment,1251,7500,
,Cash,,,,7500.00 Cr
05-03-2026,Convence Expensece,Payment,1252,2000,
,Cash,,,,2000.00 Cr
05-03-2026,Shri Shyam Treding Company Khejroli,Receipt,1489,,2000
,Cash,,,2000.00 Dr,
05-03-2026,Ishwar and Company Surajpool,Receipt,1490,,98438
,HDFC Bank,,,98438.00 Dr,
05-03-2026,G.K.N - Industries,Receipt,1491,,32967
,HDFC Bank,,,32967.00 Dr,
05-03-2026,Pashupati Trading Company,Receipt,1492,,44928
,Punjab National Bank - New,,,44928.00 Dr,
05-03-2026,Deepak Trading Compay   Hingoniya,Receipt,1493,,9500
,Cash,,,9500.00 Dr,
05-03-2026,Ranjeet Singh,Receipt,1494,,9000
,Cash,,,9000.00 Dr,
05-03-2026,Madhu Enterpreses  Teravli,Receipt,1495,,2820
,Cash,,,2820.00 Dr,
05-03-2026,Vinayak Brothers - Renwal,Sales,3348/25-26,93040,
,Sales Account,,,,93040.00 Cr
05-03-2026,Babulal Ji Yadav - Mahaswas,Sales,3349/25-26,78750,
,Sales Account,,,,78750.00 Cr
05-03-2026,Ranjeet Singh,Sales,3350/25-26,18130,
,Sales Account,,,,18130.00 Cr
05-03-2026,J.R.Trading  Com. Jupa,Sales,3351/25-26,66000,
,Sales Account,,,,66000.00 Cr
05-03-2026,Nagarmal Pramod Kumar - Chidawa,Sales,3352/25-26,120516,
,Sales Account,,,,120516.00 Cr
05-03-2026,Jai Hanuman Treders Up,Purchase,315,,184910
,Purchase Account,,,184910.00 Dr,
05-03-2026,Nagarmal Pramod Kumar - Chidawa,Purchase,316,,26740
,Purchase Account,,,26740.00 Dr,
06-03-2026,Jai Hanuman Treders Up,Payment,1253,184910,
,HDFC Bank,,,,184910.00 Cr
06-03-2026,DILIP UDYOUG,Payment,1254,80190,
,HDFC Bank,,,,80190.00 Cr
06-03-2026,Shri Laxmi Trading Company - Betul,Payment,1255,50,
,Cash,,,,50.00 Cr
06-03-2026,Suraj Agro - Udaipur - Maize DDGS,Payment,1256,9000,
,Cash,,,,9000.00 Cr
06-03-2026,Sitaram Narendar Kumar Oil Products Jaipur,Payment,1257,88,
,Cash,,,,88.00 Cr
06-03-2026,Wages Expenses A/C,Payment,1258,7650,
,Cash,,,,7650.00 Cr
06-03-2026,Tour & Travel,Payment,1259,2200,
,Cash,,,,2200.00 Cr
06-03-2026,Yasika Agro Feed Industries Merta City,Receipt,1496,,100000
,HDFC Bank,,,100000.00 Dr,
06-03-2026,Mehta Baat Bhandhar - GovindPura,Receipt,1497,,56160
,HDFC Bank,,,56160.00 Dr,
06-03-2026,Shiv Trading Comnay Vatika,Receipt,1498,,76918
,HDFC Bank,,,76918.00 Dr,
06-03-2026,Deepak Trading Compay   Hingoniya,Receipt,1499,,9500
,Cash,,,9500.00 Dr,
06-03-2026,Ranjeet Singh,Receipt,1500,,9130
,Cash,,,9130.00 Dr,
06-03-2026,Shri Shyam Treding Company Khejroli,Receipt,1501,,9500
,Cash,,,9500.00 Dr,
06-03-2026,Krishna Baat Bhandhar- Sirsi Mode,Sales,3353/25-26,17000,
,Sales Account,,,,17000.00 Cr
06-03-2026,Khandelwal Kirana  Store - Nindar,Sales,3354/25-26,25800,
,Sales Account,,,,25800.00 Cr
06-03-2026,M Choudhry Trading Company - Jalpali,Sales,3355/25-26,59600,
,Sales Account,,,,59600.00 Cr
06-03-2026,G.K.N - Industries,Sales,3356/25-26,66355,
,Sales Account,,,,66355.00 Cr
06-03-2026,Arihant  Kumar Rahul Kumar  Medta Seety - S,Sales,3357/25-26,227400,
,Sales Account,,,,227400.00 Cr
06-03-2026,Sehri Agro Oils Pvt Ltd  Kukar Kheda Mandi,Purchase,317,,39488
,Purchase Account,,,39488.00 Dr,
06-03-2026,Sehri Agro Oils Pvt Ltd  Kukar Kheda Mandi,Purchase,318,,16750
,Purchase Account,,,16750.00 Dr,
07-03-2026,Machinery Reparing,Payment,1260,51556,
,Punjab National Bank - New,,,,51556.00 Cr
07-03-2026,Suraj Agro - Udaipur - Maize DDGS,Payment,1261,8693,
,Cash,,,,8693.00 Cr
07-03-2026,Swastik Agro Industries Harayana,Payment,1262,250,
,Cash,,,,250.00 Cr
07-03-2026,Wages Expenses A/C,Payment,1263,7600,
,Cash,,,,7600.00 Cr
07-03-2026,Tour & Travel,Payment,1264,1850,
,Cash,,,,1850.00 Cr
07-03-2026,Shri Hari Shanker Khandelwal,Payment,1265,9000,
,Cash,,,,9000.00 Cr
07-03-2026,Nilesh Kumar Khandelwal,Payment,1266,9500,
,Vijay Kumar Khandelwal,,,9500.00 Dr,
,Priyanka Devi Khandelwal,,,9500.00 Dr,
,Vishnu Gupta,,,9500.00 Dr,
,Nitesh,,,9500.00 Dr,
,Pradeep Kumar Gupta,,,9500.00 Dr,
,Raju Lal Ji,,,9500.00 Dr,
,Raju Mistri,,,9500.00 Dr,
,Cash,,,,76000.00 Cr
07-03-2026,Yasika Agro Feed Industries Merta City,Receipt,1502,,100000
,HDFC Bank,,,100000.00 Dr,
07-03-2026,Shri Shyam Baat Bhandar (Bad Ke Bala Ji ),Receipt,1503,,14070
,HDFC Bank,,,14070.00 Dr,
07-03-2026,Nagarmal Pramod Kumar - Chidawa,Receipt,1504,,53514
,Punjab National Bank - New,,,53514.00 Dr,
07-03-2026,Deepak Trading Compay   Hingoniya,Receipt,1505,,7000
,Cash,,,7000.00 Dr,
07-03-2026,Nagarmal Pramod Kumar - Chidawa,Receipt,1506,,120516
,Punjab National Bank - New,,,120516.00 Dr,
07-03-2026,Harsit Kotari,Receipt,1507,,100000
,HDFC Bank,,,100000.00 Dr,
07-03-2026,Anjani Trading Company  -(Beawar),Receipt,1508,,300637
,HDFC Bank,,,300637.00 Dr,
07-03-2026,Shri Shyam Treding Company Khejroli,Receipt,1509,,9500
,Cash,,,9500.00 Dr,
07-03-2026,Jhutha Ramji Khejroli,Receipt,1510,,9500
,Cash,,,9500.00 Dr,
07-03-2026,Yadav Baat Bhandhar - Mukundpura,Receipt,1511,,2000
,Cash,,,2000.00 Dr,
07-03-2026,Vishnu Dairy Lalchandpura,Receipt,1512,,9500
,Cash,,,9500.00 Dr,
07-03-2026,Manish Trandig Company,Receipt,1513,,9500
,Cash,,,9500.00 Dr,
07-03-2026,"Kailash Chand Deen Dayal - Kasera, Shreemodhopur",Sales,3358/25-26,55330,
,Sales Account,,,,55330.00 Cr
07-03-2026,Shri Shyam Baat Bhandar (Bad Ke Bala Ji ),Sales,3359/25-26,14438,
,Sales Account,,,,14438.00 Cr
07-03-2026,Ishwar and Company Surajpool,Sales,3360/25-26,68250,
,Sales Account,,,,68250.00 Cr
07-03-2026,Tarachand Ji -Yadav Khejroli,Sales,3361/25-26,55300,
,Sales Account,,,,55300.00 Cr
07-03-2026,G.K.N - Industries,Sales,3362/25-26,46449,
,Sales Account,,,,46449.00 Cr
07-03-2026,Godha Enterprises (Hingoniya),Sales,3363/25-26,94500,
,Sales Account,,,,94500.00 Cr
07-03-2026,Jain & Brothers - Muhana Mandi,Sales,3364/25-26,62785,
,Sales Account,,,,62785.00 Cr
07-03-2026,S R V Indestres    Sikar,Sales,3365/25-26,262405,
,Sales Account,,,,262405.00 Cr
07-03-2026,R.K INDUSTRIES,Purchase,319,,48350
,Purchase Account,,,48350.00 Dr,
08-03-2026,SHRI BALAJI ENTERPRISES-TIGARIYA,Receipt,1514,,70000
,HDFC Bank,,,70000.00 Dr,
08-03-2026,Yasika Agro Feed Industries Merta City,Receipt,1515,,50000
,HDFC Bank,,,50000.00 Dr,
08-03-2026,"Kailash Chand Deen Dayal - Kasera, Shreemodhopur",Receipt,1516,,55330
,Punjab National Bank - New,,,55330.00 Dr,
08-03-2026,Maruti Trading Company Kalwar,Sales,3366/25-26,57960,
,Sales Account,,,,57960.00 Cr
08-03-2026,SHRI BALAJI ENTERPRISES-TIGARIYA,Sales,3367/25-26,79307,
,Sales Account,,,,79307.00 Cr
09-03-2026,Narayani Trading Company Champaran Bihar,Payment,1267,4336,
,Cash,,,,4336.00 Cr
09-03-2026,Nilesh Kumar Khandelwal,Payment,1268,9500,
,Vijay Kumar Khandelwal,,,9500.00 Dr,
,Priyanka Devi Khandelwal,,,9500.00 Dr,
,Pradeep Kumar Gupta,,,8000.00 Dr,
,Raju Lal Gupta,,,4500.00 Dr,
,Vishnu Gupta,,,9500.00 Dr,
,Nitesh,,,9500.00 Dr,
,Raju Mistri,,,4000.00 Dr,
,Cash,,,,64000.00 Cr
09-03-2026,Wages Expenses A/C,Payment,1269,7600,
,Cash,,,,7600.00 Cr
09-03-2026,Office Expenses,Payment,1270,1325,
,Cash,,,,1325.00 Cr
09-03-2026,Convence Expensece,Payment,1271,3020,
,Cash,,,,3020.00 Cr
09-03-2026,Vinayak Brothers - Renwal,Receipt,1517,,93140
,Vinayak Brothers - Renwal,,,,92700.00 Cr
,HDFC Bank,,,185840.00 Dr,
09-03-2026,Harsit Kotari,Receipt,1518,,100000
,HDFC Bank,,,100000.00 Dr,
09-03-2026,Jain & Brothers - Muhana Mandi,Receipt,1519,,62717
,HDFC Bank,,,62717.00 Dr,
09-03-2026,Shri Shyam Treding Company Khejroli,Receipt,1520,,9500
,Cash,,,9500.00 Dr,
09-03-2026,Jhutha Ramji Khejroli,Receipt,1521,,9500
,Cash,,,9500.00 Dr,
09-03-2026,Jai Jagdamba Treding Company Nangal Bhirda,Receipt,1522,,9500
,Cash,,,9500.00 Dr,
09-03-2026,Vishnu Dairy Lalchandpura,Receipt,1523,,9500
,Cash,,,9500.00 Dr,
09-03-2026,Uttam Agencies Sambriya,Receipt,1524,,42241
,Punjab National Bank - New,,,42241.00 Dr,
09-03-2026,Manish Trandig Company,Receipt,1525,,9500
,Cash,,,9500.00 Dr,
09-03-2026,Shri Shyam Baat Bhandar (Bad Ke Bala Ji ),Sales,3368/25-26,14438,
,Sales Account,,,,14438.00 Cr
09-03-2026,Uttam Agencies Sambriya,Sales,3369/25-26,30888,
,Sales Account,,,,30888.00 Cr
09-03-2026,Ranjeet Singh,Sales,3370/25-26,14940,
,Sales Account,,,,14940.00 Cr
09-03-2026,Jai Shanker Rice and  Gen Mill,Purchase,320,,553080
,Purchase Account,,,553080.00 Dr,
10-03-2026,BUSINESS PROMOTION EXPENSES,Payment,1272,42253,
,HDFC Bank,,,,42253.00 Cr
10-03-2026,Electricity and Water Expenses,Payment,1273,113747,
,HDFC Bank,,,,113747.00 Cr
10-03-2026,Tha Panipat Co Operative Sugar Mills Ltd,Payment,1274,521053,
,HDFC Bank,,,,521053.00 Cr
10-03-2026,Sehri Agro Oils Pvt Ltd  Kukar Kheda Mandi,Payment,1275,31375,
,Punjab National Bank - New,,,,31375.00 Cr
10-03-2026,Shree Balaji Agro Industries Baran,Payment,1276,2595,
,Cash,,,,2595.00 Cr
10-03-2026,Ms Adinath Enterprises Chittorgarh Raj,Payment,1277,3050,
,Cash,,,,3050.00 Cr
10-03-2026,Om Traders Uttarakhand,Payment,1278,2480,
,Cash,,,,2480.00 Cr
10-03-2026,Goyal Treders Fhagi,Payment,1279,850,
,Cash,,,,850.00 Cr
10-03-2026,Wages Expenses A/C,Payment,1280,7500,
,Cash,,,,7500.00 Cr
10-03-2026,JAGMOHAN  SATISH KUMAR  MAHUWA,Receipt,1526,,109094
,HDFC Bank,,,109094.00 Dr,
10-03-2026,Laxmipati Traders,Receipt,1527,,60000
,HDFC Bank,,,60000.00 Dr,
10-03-2026,Jhutha Ramji Khejroli,Receipt,1528,,9500
,Cash,,,9500.00 Dr,
10-03-2026,Vishnu Dairy Lalchandpura,Receipt,1529,,9500
,Cash,,,9500.00 Dr,
10-03-2026,Khandelwal Kirana  Store - Nindar,Receipt,1530,,9000
,Cash,,,9000.00 Dr,
10-03-2026,Anu Baat Bhandhar - Bheru Khejda,Receipt,1531,,9000
,Cash,,,9000.00 Dr,
10-03-2026,Manish Trandig Company,Receipt,1532,,9500
,Cash,,,9500.00 Dr,
10-03-2026,Lavik Traders,Sales,3371/25-26,39115,
,Sales Account,,,,39115.00 Cr
10-03-2026,Shri Shyam Enterprises - Kalu Ka Baas,Sales,3372/25-26,66251,
,Sales Account,,,,66251.00 Cr
10-03-2026,"Kailash Chand Deen Dayal - Kasera, Shreemodhopur",Sales,3373/25-26,55330,
,Sales Account,,,,55330.00 Cr
10-03-2026,Dinesh Baat Bhandar  (Dhabash),Sales,3374/25-26,18500,
,Sales Account,,,,18500.00 Cr
10-03-2026,Balaji Trading  Company  - Lalshot,Sales,3375/25-26,83834,
,Sales Account,,,,83834.00 Cr
10-03-2026,J.S. Packers - Jaipur,Purchase,321,,5224
,Purchase Account,,,4427.00 Dr,
,CGST-Tax,,,398.50 Dr,
,SGST-Tax,,,398.50 Dr,
10-03-2026,Mohit Trading Company Guna,Purchase,322,,615603
,Purchase Account,,,615603.00 Dr,
11-03-2026,Jai Shanker Rice and  Gen Mill,Payment,1281,553080,
,HDFC Bank,,,,553080.00 Cr
11-03-2026,DILIP UDYOUG,Payment,1282,43108,
,HDFC Bank,,,,43108.00 Cr
11-03-2026,R.K INDUSTRIES,Payment,1283,48350,
,HDFC Bank,,,,48350.00 Cr
11-03-2026,Shubham Industries Bundi,Payment,1284,1930,
,Punjab National Bank - New,,,,1930.00 Cr
11-03-2026,Om Prakash Rajesh Kumar - Jaipur,Payment,1285,109530,
,Punjab National Bank - New,,,,109530.00 Cr
11-03-2026,Office Expenses,Payment,1286,39500,
,Punjab National Bank - New,,,,39500.00 Cr
11-03-2026,Wages Expenses A/C,Payment,1287,7650,
,Cash,,,,7650.00 Cr
11-03-2026,Tour & Travel,Payment,1288,1640,
,Cash,,,,1640.00 Cr
11-03-2026,G.K.N - Industries,Receipt,1533,,51320
,HDFC Bank,,,51320.00 Dr,
11-03-2026,Shri Shyam Baat Bhandar (Bad Ke Bala Ji ),Receipt,1534,,14438
,HDFC Bank,,,14438.00 Dr,
11-03-2026,Balaji Trading  Company  - Lalshot,Receipt,1535,,83834
,HDFC Bank,,,83834.00 Dr,
11-03-2026,(cancelled),Receipt,1536,,
11-03-2026,Yasika Agro Feed Industries Merta City,Receipt,1537,,45000
,HDFC Bank,,,45000.00 Dr,
11-03-2026,Ishwar and Company Surajpool,Receipt,1538,,78750
,HDFC Bank,,,78750.00 Dr,
11-03-2026,Harsit Kotari,Receipt,1539,,50000
,HDFC Bank,,,50000.00 Dr,
11-03-2026,Jhutha Ramji Khejroli,Receipt,1540,,9500
,Cash,,,9500.00 Dr,
11-03-2026,Jai Jagdamba Treding Company Nangal Bhirda,Receipt,1541,,9500
,Cash,,,9500.00 Dr,
11-03-2026,Vishnu Dairy Lalchandpura,Receipt,1542,,9500
,Cash,,,9500.00 Dr,
11-03-2026,Khandelwal Kirana  Store - Nindar,Receipt,1543,,9000
,Cash,,,9000.00 Dr,
11-03-2026,Anu Baat Bhandhar - Bheru Khejda,Receipt,1544,,9500
,Cash,,,9500.00 Dr,
11-03-2026,Manish Trandig Company,Receipt,1545,,9500
,Cash,,,9500.00 Dr,
11-03-2026,Pashupati Trading Company,Sales,3376/25-26,61956,
,Sales Account,,,,61956.00 Cr
11-03-2026,Manish Trading Company - Khejroli - MM,Sales,3377/25-26,77000,
,Sales Account,,,,77000.00 Cr
11-03-2026,Ishwar and Company Surajpool,Sales,3378/25-26,81250,
,Sales Account,,,,81250.00 Cr
11-03-2026,Harsit Kotari,Sales,3379/25-26,311740,
,Sales Account,,,,311740.00 Cr
11-03-2026,Tha Panipat Co Operative Sugar Mills Ltd,Purchase,323,,521053
,Purchase Account,,,496241.00 Dr,
,IGST - Mollasses,,,24812.00 Dr,
12-03-2026,Sehri Agro Oils Pvt Ltd  Kukar Kheda Mandi,Payment,1289,56238,
,Punjab National Bank - New,,,,56238.00 Cr
12-03-2026,J.S. Packers - Jaipur,Payment,1290,34434,
,Punjab National Bank - New,,,,34434.00 Cr
12-03-2026,Wages Expenses A/C,Payment,1291,7650,
,Cash,,,,7650.00 Cr
12-03-2026,Machinery Reparing,Payment,1292,2150,
,Cash,,,,2150.00 Cr
12-03-2026,Dugya Cattle Feed - Muhana,Receipt,1546,,69300
,HDFC Bank,,,69300.00 Dr,
12-03-2026,Ranjeet Singh,Receipt,1547,,14945
,HDFC Bank,,,14945.00 Dr,
12-03-2026,Jhutha Ramji Khejroli,Receipt,1548,,9500
,Cash,,,9500.00 Dr,
12-03-2026,Jai Jagdamba Treding Company Nangal Bhirda,Receipt,1549,,9500
,Cash,,,9500.00 Dr,
12-03-2026,Vishnu Dairy Lalchandpura,Receipt,1550,,9500
,Cash,,,9500.00 Dr,
12-03-2026,Khandelwal Kirana  Store - Nindar,Receipt,1551,,7800
,Cash,,,7800.00 Dr,
12-03-2026,Anu Baat Bhandhar - Bheru Khejda,Receipt,1552,,9000
,Cash,,,9000.00 Dr,
12-03-2026,Manish Trandig Company,Receipt,1553,,9500
,Cash,,,9500.00 Dr,
12-03-2026,Agerwal Treding Company Mojamabad,Sales,3380/25-26,41730,
,Sales Account,,,,41730.00 Cr
12-03-2026,Nagarmal Pramod Kumar - Chidawa,Sales,3382/25-26,80253,
,Sales Account,,,,80253.00 Cr
12-03-2026,Shri Chand Pasu Aahar Malpura,Sales,3381/25-26,100975,
,Sales Account,,,,100975.00 Cr
13-03-2026,Cash,Contra,2,,200000
,HDFC Bank,,,200000.00 Dr,
13-03-2026,Vetkind Animal Health India,Payment,1293,173750,
,HDFC Bank,,,,173750.00 Cr
13-03-2026,Car Repairing,Payment,1294,10900,
,HDFC Bank,,,,10900.00 Cr
13-03-2026,Wages Expenses A/C,Payment,1295,7600,
,Cash,,,,7600.00 Cr
13-03-2026,Convence Expensece,Payment,1296,3000,
,Cash,,,,3000.00 Cr
13-03-2026,Pashupati Trading Company,Receipt,1554,,54819
,Punjab National Bank - New,,,54819.00 Dr,
13-03-2026,Lavik Traders,Receipt,1555,,41917
,HDFC Bank,,,41917.00 Dr,
13-03-2026,Cash,Receipt,1556,,
13-03-2026,Jain & Brothers - Muhana Mandi,Receipt,1557,,62717
,HDFC Bank,,,62717.00 Dr,
13-03-2026,Jhutha Ramji Khejroli,Receipt,1558,,9500
,Cash,,,9500.00 Dr,
13-03-2026,Vishnu Dairy Lalchandpura,Receipt,1559,,9500
,Cash,,,9500.00 Dr,
13-03-2026,Choudhary Pashu Aahar  Parbatsar,Receipt,1560,,50000
,HDFC Bank,,,50000.00 Dr,
13-03-2026,"Kailash Chand Deen Dayal - Kasera, Shreemodhopur",Receipt,1561,,55330
,Punjab National Bank - New,,,55330.00 Dr,
13-03-2026,Manish Trandig Company,Receipt,1562,,9500
,Cash,,,9500.00 Dr,
13-03-2026,J.R.Trading  Com. Jupa,Receipt,1563,,9500
,Cash,,,9500.00 Dr,
13-03-2026,Dugya Cattle Feed - Muhana,Sales,3383/25-26,61850,
,Sales Account,,,,61850.00 Cr
13-03-2026,Arun Industreis -Sikar,Sales,3387/25-26,164360,
,Sales Account,,,,164360.00 Cr
14-03-2026,Wages Expenses A/C,Payment,1297,7550,
,Cash,,,,7550.00 Cr
14-03-2026,Shri Mahaveer Treding Company Rayla,Receipt,1564,,126300
,HDFC Bank,,,126300.00 Dr,
14-03-2026,Arihant  Kumar Rahul Kumar  Medta Seety - S,Receipt,1565,,227400
,Arihant  Kumar Rahul Kumar  Medta Seety - S,,,,227565.00 Cr
,HDFC Bank,,,454965.00 Dr,
14-03-2026,Nandkishor Omperkash Kukerkheda,Receipt,1566,,50000
,HDFC Bank,,,50000.00 Dr,
14-03-2026,Jai Jagdamba Treding Company Nangal Bhirda,Receipt,1567,,9500
,Cash,,,9500.00 Dr,
14-03-2026,Jhutha Ramji Khejroli,Receipt,1568,,5000
,Cash,,,5000.00 Dr,
14-03-2026,Vishnu Dairy Lalchandpura,Receipt,1569,,9500
,Cash,,,9500.00 Dr,
14-03-2026,Shri Shyam Baat Bhandar (Bad Ke Bala Ji ),Receipt,1570,,14438
,HDFC Bank,,,14438.00 Dr,
14-03-2026,Manish Trandig Company,Receipt,1571,,9500
,Cash,,,9500.00 Dr,
14-03-2026,J.R.Trading  Com. Jupa,Receipt,1572,,9500
,Cash,,,9500.00 Dr,
14-03-2026,Shri Shyam Baat Bhandar (Bad Ke Bala Ji ),Sales,3384/25-26,18637,
,Sales Account,,,,18637.00 Cr
14-03-2026,G.K.N - Industries,Sales,3385/25-26,49535,
,Sales Account,,,,49535.00 Cr
14-03-2026,Mohan Lal Narendra Kumar Chimanpuriya Mod,Sales,3386/25-26,68607,
,Sales Account,,,,68607.00 Cr
15-03-2026,Ganesh Pashuahar Chaksu,Sales,3388/25-26,75020,
,Sales Account,,,,75020.00 Cr
15-03-2026,Shri Mahaveer Treding Company Rayla,Sales,3389/25-26,91287,
,Sales Account,,,,91287.00 Cr
15-03-2026,Shyam Ji Yadav,Sales,3390/25-26,71800,
,Sales Account,,,,71800.00 Cr
15-03-2026,Kgn Traders Mirzapur,Purchase,324,,252165
,Purchase Account,,,252165.00 Dr,
15-03-2026,Shri Balaji Enterprises - Uttar Pradesh,Purchase,325,,150570
,Purchase Account,,,150570.00 Dr,
16-03-2026,Cash,Contra,3,,200000
,HDFC Bank,,,200000.00 Dr,
16-03-2026,Telephone Exp,Payment,1298,1049,
,HDFC Bank,,,,1049.00 Cr
16-03-2026,BANK  EXPENSES- PNB BANK,Payment,1299,236,
,Punjab National Bank - New,,,,236.00 Cr
16-03-2026,Wages Expenses A/C,Payment,1300,7500,
,Cash,,,,7500.00 Cr
16-03-2026,Vishnu Dairy Lalchandpura,Receipt,1573,,7000
,Cash,,,7000.00 Dr,
16-03-2026,S Kumar & Company - Navalgarh,Receipt,1574,,80000
,HDFC Bank,,,80000.00 Dr,
16-03-2026,Lavik Traders,Receipt,1575,,62890
,HDFC Bank,,,62890.00 Dr,
16-03-2026,Harsit Kotari,Receipt,1576,,50000
,HDFC Bank,,,50000.00 Dr,
16-03-2026,Shri Vaibhav Metacast Pvt Ltd Unit,Receipt,1577,,70290
,HDFC Bank,,,70290.00 Dr,
16-03-2026,Jain & Brothers - Muhana Mandi,Receipt,1578,,64993
,HDFC Bank,,,64993.00 Dr,
16-03-2026,S R V Indestres    Sikar,Receipt,1579,,262405
,Punjab National Bank - New,,,262405.00 Dr,
16-03-2026,Uttam Agencies Sambriya,Receipt,1580,,51902
,Punjab National Bank - New,,,51902.00 Dr,
16-03-2026,Mohan Lal Narendra Kumar Chimanpuriya Mod,Receipt,1581,,68607
,Punjab National Bank - New,,,68607.00 Dr,
16-03-2026,Jai Jagdamba Treding Company Nangal Bhirda,Receipt,1582,,4650
,Cash,,,4650.00 Dr,
16-03-2026,Manish Trandig Company,Receipt,1583,,1760
,Cash,,,1760.00 Dr,
16-03-2026,Murlidhar Ji Yadav- Khejroli,Receipt,1584,,9000
,Cash,,,9000.00 Dr,
16-03-2026,Jai Jagdamba Treding Company Nangal Bhirda,Receipt,1585,,9500
,Cash,,,9500.00 Dr,
16-03-2026,Discount Given,Journal,28,100,
,Vishnu Dairy Lalchandpura,,,,100.00 Cr
16-03-2026,Discount Given,Journal,29,725,
,Shri Shyam Treding Company Khejroli,,,,725.00 Cr
16-03-2026,Ishwar and Company Surajpool,Sales,3391/25-26,97500,
,Sales Account,,,,97500.00 Cr
16-03-2026,Jai Shanker Rice and  Gen Mill,Purchase,326,,580660
,Purchase Account,,,580660.00 Dr,
17-03-2026,Shri Astik Maharaj Traders Mainpuri Up,Payment,1301,3320,
,Cash,,,,3320.00 Cr
17-03-2026,Ankit Trading Company Fulera,Payment,1302,1311,
,Cash,,,,1311.00 Cr
17-03-2026,Anjani Trading Company  -(Beawar),Payment,1303,4571,
,Cash,,,,4571.00 Cr
17-03-2026,KANHA FOOD PRODUCTS,Payment,1304,4216,
,Cash,,,,4216.00 Cr
17-03-2026,Kanhaiya Lal Tara Chand Chhabra,Payment,1305,2410,
,Cash,,,,2410.00 Cr
17-03-2026,Wages Expenses A/C,Payment,1306,6300,
,Cash,,,,6300.00 Cr
17-03-2026,Tour & Travel,Payment,1307,1800,
,Cash,,,,1800.00 Cr
17-03-2026,Jhutha Ramji Khejroli,Receipt,1586,,16750
,HDFC Bank,,,16750.00 Dr,
17-03-2026,Harsit Kotari,Receipt,1587,,60000
,HDFC Bank,,,60000.00 Dr,
17-03-2026,M Choudhry Trading Company - Jalpali,Receipt,1588,,62300
,HDFC Bank,,,62300.00 Dr,
17-03-2026,Shri Chand Pasu Aahar Malpura,Receipt,1589,,285120
,HDFC Bank,,,285120.00 Dr,
17-03-2026,Nagarmal Pramod Kumar - Chidawa,Receipt,1590,,79992
,Punjab National Bank - New,,,79992.00 Dr,
17-03-2026,Krishna Baat Bhandhar- Sirsi Mode,Receipt,1591,,9000
,Cash,,,9000.00 Dr,
17-03-2026,J.R.Trading  Com. Jupa,Receipt,1592,,9500
,Cash,,,9500.00 Dr,
17-03-2026,Murlidhar Ji Yadav- Khejroli,Receipt,1593,,6000
,Cash,,,6000.00 Dr,
17-03-2026,Jai Jagdamba Treding Company Nangal Bhirda,Receipt,1594,,9500
,Cash,,,9500.00 Dr,
17-03-2026,Discount Given,Journal,30,1730,
,Agerwal Treding Company Mojamabad,,,,1730.00 Cr
17-03-2026,Discount Given,Journal,31,1631,
,Arun Industreis -Sikar,,,,1631.00 Cr
17-03-2026,Discount Given,Journal,32,9900,
,Sk Trading Company Kurukshetra,,,,9900.00 Cr
17-03-2026,Discount Given,Journal,33,1375,
,M M Trading Company - Khejroli,,,,1375.00 Cr
17-03-2026,Discount Given,Journal,34,9696,
,Jai Jagdamba Treding Company Nangal Bhirda,,,,9696.00 Cr
17-03-2026,Discount Given,Journal,35,632,
,Mahalaxmi Trading Company,,,,632.00 Cr
17-03-2026,Discount Given,Journal,36,383,
,"Kailash Chand Deen Dayal - Kasera, Shreemodhopur",,,,383.00 Cr
17-03-2026,Uttam Agencies Sambriya,Sales,3392/25-26,56455,
,Sales Account,,,,56455.00 Cr
17-03-2026,J.S. Packers - Jaipur,Purchase,327,,56616
,Purchase Account,,,47980.00 Dr,
,CGST-Tax,,,4318.00 Dr,
,SGST-Tax,,,4318.00 Dr,
17-03-2026,Neeraj  Brothers,Purchase,328,,533998
,Purchase Account,,,533998.00 Dr,
18-03-2026,Adhyan Enterprises,Payment,1308,300000,
,HDFC Bank,,,,300000.00 Cr
18-03-2026,Vetkind Animal Health India,Payment,1309,155000,
,HDFC Bank,,,,155000.00 Cr
18-03-2026,Jai Shanker Rice and  Gen Mill,Payment,1310,580660,
,HDFC Bank,,,,580660.00 Cr
18-03-2026,Kgn Traders Mirzapur,Payment,1311,252165,
,HDFC Bank,,,,252165.00 Cr
18-03-2026,Shri Balaji Enterprises - Uttar Pradesh,Payment,1312,150570,
,HDFC Bank,,,,150570.00 Cr
18-03-2026,Sagar Feed Bilwada,Payment,1313,272,
,Cash,,,,272.00 Cr
18-03-2026,Wages Expenses A/C,Payment,1314,6250,
,Cash,,,,6250.00 Cr
18-03-2026,Machinery Reparing,Payment,1315,660,
,Cash,,,,660.00 Cr
18-03-2026,Office Expenses,Payment,1316,9000,
,Cash,,,,9000.00 Cr
18-03-2026,Krishna Baat Bhandhar- Sirsi Mode,Receipt,1595,,8000
,Cash,,,8000.00 Dr,
18-03-2026,J.R.Trading  Com. Jupa,Receipt,1596,,9500
,Cash,,,9500.00 Dr,
18-03-2026,Shyam Ji Yadav,Receipt,1597,,9000
,Cash,,,9000.00 Dr,
18-03-2026,Jai Jagdamba Treding Company Nangal Bhirda,Receipt,1598,,9500
,Cash,,,9500.00 Dr,
18-03-2026,Dadarwal Trading Company - Dharampura,Receipt,1599,,5000
,Cash,,,5000.00 Dr,
18-03-2026,Discount Given,Journal,37,1637,
,Damodher Ji Sharma Choop,,,,1637.00 Cr
18-03-2026,Discount Given,Journal,38,5400,
,SAMRIDI TRADERS,,,,5400.00 Cr
18-03-2026,Discount Given,Journal,39,723,
,Shri Shyam Catal Feed Sikar,,,,723.00 Cr
18-03-2026,Jain & Brothers - Muhana Mandi,Sales,3393/25-26,64226,
,Sales Account,,,,64226.00 Cr
18-03-2026,Shri Shyam Baat Bhandar (Bad Ke Bala Ji ),Sales,3394/25-26,14340,
,Sales Account,,,,14340.00 Cr
18-03-2026,Yasika Agro Feed Industries Merta City,Sales,3395/25-26,316736,
,Sales Account,,,,316736.00 Cr
19-03-2026,Cash,Contra,4,,200000
,HDFC Bank,,,200000.00 Dr,
19-03-2026,Shri Balaji Agro Industries - Muhana,Payment,1317,874,
,Cash,,,,874.00 Cr
19-03-2026,Wages Expenses A/C,Payment,1318,7650,
,Cash,,,,7650.00 Cr
19-03-2026,Convence Expensece,Payment,1319,1600,
,Cash,,,,1600.00 Cr
19-03-2026,Yasika Agro Feed Industries Merta City,Receipt,1600,,100000
,HDFC Bank,,,100000.00 Dr,
19-03-2026,J.R.Trading  Com. Jupa,Receipt,1601,,9500
,Cash,,,9500.00 Dr,
19-03-2026,Shyam Ji Yadav,Receipt,1602,,9000
,Cash,,,9000.00 Dr,
19-03-2026,Jai Jagdamba Treding Company Nangal Bhirda,Receipt,1603,,9500
,Cash,,,9500.00 Dr,
19-03-2026,Dadarwal Trading Company - Dharampura,Receipt,1604,,5000
,Cash,,,5000.00 Dr,
19-03-2026,Haritwal Pashu Ahar Vatika,Receipt,1605,,9000
,Cash,,,9000.00 Dr,
19-03-2026,Uttam Agencies Sambriya,Sales,3396/25-26,63112,
,Sales Account,,,,63112.00 Cr
19-03-2026,Nagarmal Pramod Kumar - Chidawa,Sales,3397/25-26,39877,
,Sales Account,,,,39877.00 Cr
20-03-2026,BANK  EXPENSES- PNB BANK,Payment,1320,29.21,
,Punjab National Bank - New,,,,29.21 Cr
20-03-2026,Mohit Trading Company Guna,Payment,1321,611943,
,Punjab National Bank - New,,,,611943.00 Cr
20-03-2026,Office Expenses,Payment,1322,20900,
,Punjab National Bank - New,,,,20900.00 Cr
20-03-2026,Sehri Agro Oils Pvt Ltd  Kukar Kheda Mandi,Payment,1323,9,
,Cash,,,,9.00 Cr
20-03-2026,Wages Expenses A/C,Payment,1324,7550,
,Cash,,,,7550.00 Cr
20-03-2026,G.K.N - Industries,Receipt,1606,,44330
,HDFC Bank,,,44330.00 Dr,
20-03-2026,PRABHA MAHILA KISSAN PRODUSER KHANDER,Receipt,1607,,40000
,HDFC Bank,,,40000.00 Dr,
20-03-2026,Arun Industreis -Sikar,Receipt,1608,,162729
,Punjab National Bank - New,,,162729.00 Dr,
20-03-2026,Radha Baat Bhandhar - Lalchandpura,Receipt,1609,,9500
,Cash,,,9500.00 Dr,
20-03-2026,Jai Jagdamba Treding Company Nangal Bhirda,Receipt,1610,,9500
,Cash,,,9500.00 Dr,
20-03-2026,Haritwal Pashu Ahar Vatika,Receipt,1611,,9000
,Cash,,,9000.00 Dr,
20-03-2026,Uttam Agencies Sambriya,Sales,3398/25-26,52098,
,Sales Account,,,,52098.00 Cr
20-03-2026,Balaji Indastrises  Didwana,Sales,3399/25-26,72699,
,Sales Account,,,,72699.00 Cr
20-03-2026,J.S. Packers - Jaipur,Purchase,329,,41684
,Purchase Account,,,35325.00 Dr,
,CGST-Tax,,,3179.50 Dr,
,SGST-Tax,,,3179.50 Dr,
20-03-2026,SHRI RAM INDUSTRIES  (PHULERA),Purchase,330,,121027
,Purchase Account,,,121027.00 Dr,
21-03-2026,Wages Expenses A/C,Payment,1325,7500,
,Cash,,,,7500.00 Cr
21-03-2026,Tour & Travel,Payment,1326,2750,
,Cash,,,,2750.00 Cr
21-03-2026,Nagarmal Pramod Kumar - Chidawa,Receipt,1612,,39880
,Punjab National Bank - New,,,39880.00 Dr,
21-03-2026,SHRI BALAJI ENTERPRISES-TIGARIYA,Receipt,1613,,70000
,HDFC Bank,,,70000.00 Dr,
21-03-2026,Jain & Brothers - Muhana Mandi,Receipt,1614,,62717
,HDFC Bank,,,62717.00 Dr,
21-03-2026,Radha Baat Bhandhar - Lalchandpura,Receipt,1615,,9500
,Cash,,,9500.00 Dr,
21-03-2026,J.R.Trading  Com. Jupa,Receipt,1616,,9500
,Cash,,,9500.00 Dr,
21-03-2026,Shyam Ji Yadav,Receipt,1617,,9000
,Cash,,,9000.00 Dr,
21-03-2026,Jai Jagdamba Treding Company Nangal Bhirda,Receipt,1618,,6770
,Cash,,,6770.00 Dr,
21-03-2026,Manish Trading Company - Khejroli - MM,Receipt,1619,,9500
,Cash,,,9500.00 Dr,
21-03-2026,Haritwal Pashu Ahar Vatika,Receipt,1620,,3870
,Cash,,,3870.00 Dr,
21-03-2026,Manish Trandig Company,Sales,3400/25-26,59500,
,Sales Account,,,,59500.00 Cr
21-03-2026,Kedar Kirana Stor Benadamod,Sales,3401/25-26,57300,
,Sales Account,,,,57300.00 Cr
21-03-2026,Ramnarayan Ji Yadev  Dhanota,Sales,3402/25-26,47000,
,Sales Account,,,,47000.00 Cr
21-03-2026,Radha Baat Bhandhar - Lalchandpura,Sales,3403/25-26,73500,
,Sales Account,,,,73500.00 Cr
21-03-2026,Lavik Traders,Sales,3404/25-26,41423,
,Sales Account,,,,41423.00 Cr
22-03-2026,Shri Shyam Baat Bhandar (Bad Ke Bala Ji ),Receipt,1621,,18637
,HDFC Bank,,,18637.00 Dr,
23-03-2026,DILIP UDYOUG,Payment,1327,39649,
,HDFC Bank,,,,39649.00 Cr
23-03-2026,SHRI RAM INDUSTRIES  (PHULERA),Payment,1328,121027,
,HDFC Bank,,,,121027.00 Cr
23-03-2026,New Camp Oil Limited,Payment,1329,533255,
,HDFC Bank,,,,533255.00 Cr
23-03-2026,Wages Expenses A/C,Payment,1330,7650,
,Cash,,,,7650.00 Cr
23-03-2026,Anu Baat Bhandhar - Bheru Khejda,Receipt,1622,,33922
,Anu Baat Bhandhar - Bheru Khejda,,,,10.00 Cr
,HDFC Bank,,,33932.00 Dr,
23-03-2026,Subham Pasu Aahar Badanwada,Receipt,1623,,50000
,Subham Pasu Aahar Badanwada,,,,40000.00 Cr
,HDFC Bank,,,90000.00 Dr,
23-03-2026,Harsit Kotari,Receipt,1624,,50000
,HDFC Bank,,,50000.00 Dr,
23-03-2026,Radha Baat Bhandhar - Lalchandpura,Receipt,1625,,9500
,Cash,,,9500.00 Dr,
23-03-2026,J.R.Trading  Com. Jupa,Receipt,1626,,9500
,Cash,,,9500.00 Dr,
23-03-2026,Shyam Ji Yadav,Receipt,1627,,9000
,Cash,,,9000.00 Dr,
23-03-2026,Manish Trading Company - Khejroli - MM,Receipt,1628,,9500
,Cash,,,9500.00 Dr,
23-03-2026,Discount Given,Journal,40,4320,
,Subham Pasu Aahar Badanwada,,,,4320.00 Cr
23-03-2026,Mehta Baat Bhandhar - GovindPura,Sales,3405/25-26,57510,
,Sales Account,,,,57510.00 Cr
23-03-2026,Shri Shyam Baat Bhandar (Bad Ke Bala Ji ),Sales,3406/25-26,18687,
,Sales Account,,,,18687.00 Cr
23-03-2026,Laxmipati Traders,Sales,3407/25-26,68240,
,Sales Account,,,,68240.00 Cr
23-03-2026,DILIP UDYOUG,Purchase,331,,39649
,Purchase Account,,,39649.00 Dr,
23-03-2026,New Camp Oil Limited,Purchase,332,,533255
,Purchase Account,,,507862.00 Dr,
,IGST-Tax,,,25393.00 Dr,
23-03-2026,Mittal Trading Company - Nainva,Purchase,333,,325185
,Purchase Account,,,325185.00 Dr,
24-03-2026,Cash,Contra,5,,200000
,HDFC Bank,,,200000.00 Dr,
24-03-2026,Fright Exp,Payment,1331,27450,
,HDFC Bank,,,,27450.00 Cr
24-03-2026,Maa Bhagwati Trading Company BANDIKUI,Payment,1332,1894,
,Cash,,,,1894.00 Cr
24-03-2026,Wages Expenses A/C,Payment,1333,7500,
,Cash,,,,7500.00 Cr
24-03-2026,Tour & Travel,Payment,1334,2180,
,Cash,,,,2180.00 Cr
24-03-2026,Tarachand Ji -Yadav Khejroli,Receipt,1629,,45500
,HDFC Bank,,,45500.00 Dr,
24-03-2026,Jai Bhawani Trading Company - Achrol,Receipt,1630,,15000
,HDFC Bank,,,15000.00 Dr,
24-03-2026,Shiv Trading Comnay Vatika,Receipt,1631,,78462
,HDFC Bank,,,78462.00 Dr,
24-03-2026,Choudhary Pashu Aahar  Parbatsar,Receipt,1632,,28880
,HDFC Bank,,,28880.00 Dr,
24-03-2026,Rakesh Kirana Store - Khejroli,Receipt,1633,,70890
,HDFC Bank,,,70890.00 Dr,
24-03-2026,Lavik Traders,Receipt,1634,,39305
,HDFC Bank,,,39305.00 Dr,
24-03-2026,Radha Baat Bhandhar - Lalchandpura,Receipt,1635,,9500
,Cash,,,9500.00 Dr,
24-03-2026,J.R.Trading  Com. Jupa,Receipt,1636,,9500
,Cash,,,9500.00 Dr,
24-03-2026,Manish Trading Company - Khejroli - MM,Receipt,1637,,9500
,Cash,,,9500.00 Dr,
24-03-2026,G.K.N - Industries,Sales,3408/25-26,46449,
,Sales Account,,,,46449.00 Cr
24-03-2026,Adhyan Enterprises,Sales,3409/25-26,140000,
,Sales Account,,,,140000.00 Cr
24-03-2026,Anu Baat Bhandhar - Bheru Khejda,Sales,3410/25-26,70470,
,Sales Account,,,,70470.00 Cr
,Loading Exp,,,,
24-03-2026,Shiv Trading Comnay Vatika,Sales,3411/25-26,79975,
,Sales Account,,,,79975.00 Cr
25-03-2026,BUSINESS PROMOTION EXPENSES,Payment,1335,33802,
,HDFC Bank,,,,33802.00 Cr
25-03-2026,Mohit Trading Company Guna,Payment,1336,3660,
,Cash,,,,3660.00 Cr
25-03-2026,Ratan Lal and Company     Khejroli,Payment,1337,562,
,Cash,,,,562.00 Cr
25-03-2026,Wages Expenses A/C,Payment,1338,7600,
,Cash,,,,7600.00 Cr
25-03-2026,Babulal Ji Yadav - Mahaswas,Receipt,1638,,78700
,HDFC Bank,,,78700.00 Dr,
25-03-2026,Shri Shyam Baat Bhandar (Bad Ke Bala Ji ),Receipt,1639,,14340
,HDFC Bank,,,14340.00 Dr,
25-03-2026,J.R.Trading  Com. Jupa,Receipt,1640,,78750
,HDFC Bank,,,78750.00 Dr,
25-03-2026,Moti Ratan Trading Company Bhilwara,Receipt,1641,,50000
,HDFC Bank,,,50000.00 Dr,
25-03-2026,Shri Mahaveer Treding Company Rayla,Receipt,1642,,86200
,HDFC Bank,,,86200.00 Dr,
25-03-2026,Radha Baat Bhandhar - Lalchandpura,Receipt,1643,,9500
,Cash,,,9500.00 Dr,
25-03-2026,Shyam Ji Yadav,Receipt,1644,,3570
,Cash,,,3570.00 Dr,
25-03-2026,J.R.Trading  Com. Jupa,Receipt,1645,,1000
,Cash,,,1000.00 Dr,
25-03-2026,Manish Trading Company - Khejroli - MM,Receipt,1646,,9500
,Cash,,,9500.00 Dr,
25-03-2026,Discount Given,Journal,41,2096,
,Yasika Agro Feed Industries Merta City,,,,2096.00 Cr
25-03-2026,Discount Given,Journal,42,6278,
,Vinayak Genral Stor Ranwal,,,,6278.00 Cr
25-03-2026,Vinayak Brothers - Renwal,Sales,3412/25-26,99430,
,Sales Account,,,,99430.00 Cr
25-03-2026,Sehri Agro Oils Pvt Ltd  Kukar Kheda Mandi,Purchase,334,,4194
,Purchase Account,,,4194.00 Dr,
26-03-2026,Adhyan Enterprises,Payment,1339,9000,
,Cash,,,,9000.00 Cr
26-03-2026,Neeraj  Brothers,Payment,1340,2424,
,Cash,,,,2424.00 Cr
26-03-2026,"P,H,Food Products Guna Mp",Payment,1341,6410,
,Cash,,,,6410.00 Cr
26-03-2026,Balaji Trading  Company  - Lalshot,Payment,1342,2,
,Cash,,,,2.00 Cr
26-03-2026,Wages Expenses A/C,Payment,1343,7550,
,Cash,,,,7550.00 Cr
26-03-2026,Machinery Reparing,Payment,1344,1840,
,Cash,,,,1840.00 Cr
26-03-2026,Yasika Agro Feed Industries Merta City,Receipt,1647,,100000
,HDFC Bank,,,100000.00 Dr,
26-03-2026,Balaji Trading  Company  - Lalshot,Receipt,1648,,51300
,HDFC Bank,,,51300.00 Dr,
26-03-2026,Ramesver Lal Hanuman Shay Ajmer,Receipt,1649,,44000
,Punjab National Bank - New,,,44000.00 Dr,
26-03-2026,Radha Baat Bhandhar - Lalchandpura,Receipt,1650,,9500
,Cash,,,9500.00 Dr,
26-03-2026,Manish Trading Company - Khejroli - MM,Receipt,1651,,9500
,Cash,,,9500.00 Dr,
26-03-2026,Shyam Ji Yadav,Receipt,1652,,9900
,Cash,,,9900.00 Dr,
26-03-2026,Rakesh Kirana Store - Khejroli,Receipt,1653,,9000
,Cash,,,9000.00 Dr,
26-03-2026,Discount Given,Journal,43,1433,
,Nagarmal Pramod Kumar - Chidawa,,,,1433.00 Cr
26-03-2026,Discount Given,Journal,44,2072,
,Pashupati Trading Company,,,,2072.00 Cr
26-03-2026,Discount Given,Journal,45,80,
,Blue Diamond Food Production,,,,80.00 Cr
26-03-2026,Discount Given,Journal,46,55,
,Ranjeet Singh,,,,55.00 Cr
26-03-2026,Balaji Trading  Company  - Lalshot,Sales,3413/25-26,51300,
,Sales Account,,,,51300.00 Cr
26-03-2026,Shri Shyam Baat Bhandar (Bad Ke Bala Ji ),Sales,3414/25-26,13458,
,Sales Account,,,,13458.00 Cr
26-03-2026,Manish Trading Company - Khejroli - MM,Sales,3415/25-26,79625,
,Sales Account,,,,79625.00 Cr
26-03-2026,Rakesh Kirana Store - Khejroli,Sales,3416/25-26,28445,
,Sales Account,,,,28445.00 Cr
26-03-2026,Shri Vaibhav Metacast Pvt Ltd Unit,Sales,3417/25-26,30940,
,Sales Account,,,,30940.00 Cr
26-03-2026,Nagarmal Pramod Kumar - Chidawa,Sales,3418/25-26,70206,
,Sales Account,,,,70206.00 Cr
26-03-2026,S M Sales Corporation  Jaipur,Purchase,335,,22755
,Purchase Account,,,22755.00 Dr,
26-03-2026,Sehri Agro Oils Pvt Ltd  Kukar Kheda Mandi,Purchase,336,,18925
,Purchase Account,,,18025.00 Dr,
,CGST-Tax,,,450.00 Dr,
,SGST-Tax,,,450.00 Dr,
26-03-2026,Kanhaiya Lal Tara Chand Chhabra,Purchase,337,,528700
,Purchase Account,,,528700.00 Dr,
27-03-2026,Neeraj  Brothers,Payment,1345,531574,
,HDFC Bank,,,,531574.00 Cr
27-03-2026,Adhyan Enterprises,Payment,1346,9000,
,Cash,,,,9000.00 Cr
27-03-2026,BANK  EXPENSES- PNB BANK,Payment,1347,28.91,
,Punjab National Bank - New,,,,28.91 Cr
27-03-2026,Mittal Trading Company - Nainva,Payment,1348,323720,
,Punjab National Bank - New,,,,323720.00 Cr
27-03-2026,Mohit Trading Company - Baran,Payment,1349,3030,
,Cash,,,,3030.00 Cr
27-03-2026,Wages Expenses A/C,Payment,1350,7650,
,Cash,,,,7650.00 Cr
27-03-2026,Tour & Travel,Payment,1351,1900,
,Cash,,,,1900.00 Cr
27-03-2026,Agerwal Treding Company Mojamabad,Receipt,1654,,40000
,HDFC Bank,,,40000.00 Dr,
27-03-2026,Harsit Kotari,Receipt,1655,,100000
,HDFC Bank,,,100000.00 Dr,
27-03-2026,Radha Baat Bhandhar - Lalchandpura,Receipt,1656,,9500
,Cash,,,9500.00 Dr,
27-03-2026,Manish Trading Company - Khejroli - MM,Receipt,1657,,9500
,Cash,,,9500.00 Dr,
27-03-2026,Shyam Ji Yadav,Receipt,1658,,9900
,Cash,,,9900.00 Dr,
27-03-2026,Rakesh Kirana Store - Khejroli,Receipt,1659,,8000
,Cash,,,8000.00 Dr,
27-03-2026,Adhyan Enterprises,Sales,3419/25-26,180000,
,Sales Account,,,,180000.00 Cr
27-03-2026,JAGMOHAN  SATISH KUMAR  MAHUWA,Sales,3420/25-26,99528,
,Sales Account,,,,99528.00 Cr
27-03-2026,Jain & Brothers - Muhana Mandi,Sales,3421/25-26,64612,
,Sales Account,,,,64612.00 Cr
27-03-2026,Arihant  Kumar Rahul Kumar  Medta Seety - S,Sales,3422/25-26,241880,
,Sales Account,,,,241880.00 Cr
27-03-2026,Mittal Trading Company - Nainva,Purchase,338,,470518
,Purchase Account,,,470518.00 Dr,
27-03-2026,Subhash Industries Jaipur,Purchase,339,,24717
,Purchase Account,,,24717.00 Dr,
28-03-2026,Adhyan Enterprises,Payment,1352,3207,
,Cash,,,,3207.00 Cr
28-03-2026,Wages Expenses A/C,Payment,1353,7500,
,Cash,,,,7500.00 Cr
28-03-2026,Office Expenses,Payment,1354,2450,
,Cash,,,,2450.00 Cr
28-03-2026,Yasika Agro Feed Industries Merta City,Receipt,1660,,100000
,HDFC Bank,,,100000.00 Dr,
28-03-2026,Nagarmal Pramod Kumar - Chidawa,Receipt,1661,,62466
,Punjab National Bank - New,,,62466.00 Dr,
28-03-2026,Radha Baat Bhandhar - Lalchandpura,Receipt,1662,,7000
,Cash,,,7000.00 Dr,
28-03-2026,Manish Trading Company - Khejroli - MM,Receipt,1663,,9000
,Cash,,,9000.00 Dr,
28-03-2026,Shyam Ji Yadav,Receipt,1664,,9900
,Cash,,,9900.00 Dr,
28-03-2026,"Kailash Chand Deen Dayal - Kasera, Shreemodhopur",Sales,3423/25-26,56800,
,Sales Account,,,,56800.00 Cr
29-03-2026,Shri Shyam Baat Bhandar (Bad Ke Bala Ji ),Receipt,1665,,18687
,HDFC Bank,,,18687.00 Dr,
29-03-2026,Pashupati Trading Company,Receipt,1666,,61454
,Punjab National Bank - New,,,61454.00 Dr,
29-03-2026,Shri Shyam Baat Bhandar (Bad Ke Bala Ji ),Sales,3424/25-26,13825,
,Sales Account,,,,13825.00 Cr
29-03-2026,Adhyan Enterprises,Sales,3425/25-26,209500,
,Sales Account,,,,209500.00 Cr
30-03-2026,Mittal Trading Company - Nainva,Payment,1355,467908,
,HDFC Bank,,,,467908.00 Cr
30-03-2026,Subhash Industries Jaipur,Payment,1356,24717,
,HDFC Bank,,,,24717.00 Cr
30-03-2026,Kanhaiya Lal Tara Chand Chhabra,Payment,1357,526290,
,HDFC Bank,,,,526290.00 Cr
30-03-2026,Sehri Agro Oils Pvt Ltd  Kukar Kheda Mandi,Payment,1358,23119,
,Punjab National Bank - New,,,,23119.00 Cr
30-03-2026,S M Sales Corporation  Jaipur,Payment,1359,22755,
,Punjab National Bank - New,,,,22755.00 Cr
30-03-2026,Car Loan - Hyrider,Payment,1360,48357,
,Punjab National Bank - New,,,,48357.00 Cr
30-03-2026,Wages Expenses A/C,Payment,1361,7550,
,Cash,,,,7550.00 Cr
30-03-2026,Convence Expensece,Payment,1362,2000,
,Cash,,,,2000.00 Cr
30-03-2026,Choudhary Pashu Aahar  Parbatsar,Receipt,1667,,50000
,HDFC Bank,,,50000.00 Dr,
30-03-2026,Shri Shyam Baat Bhandar (Bad Ke Bala Ji ),Receipt,1668,,13458
,HDFC Bank,,,13458.00 Dr,
30-03-2026,Harsit Kotari,Receipt,1669,,100000
,HDFC Bank,,,100000.00 Dr,
30-03-2026,Uttam Agencies Sambriya,Receipt,1670,,50571
,Uttam Agencies Sambriya,,,,33359.00 Cr
,Punjab National Bank - New,,,83930.00 Dr,
30-03-2026,Shyam Ji Yadav,Receipt,1671,,9900
,Cash,,,9900.00 Dr,
30-03-2026,Babulal Ji Yadav - Mahaswas,Sales,3426/25-26,69000,
,Sales Account,,,,69000.00 Cr
30-03-2026,Ishwar and Company Surajpool,Sales,3427/25-26,81250,
,Sales Account,,,,81250.00 Cr
30-03-2026,Nagarmal Pramod Kumar - Chidawa,Purchase,340,,7740
,Purchase Account,,,7740.00 Dr,
30-03-2026,Shri Shyam Traders - KukarKheda Mandi,Purchase,341,,25682
,Purchase Account,,,25682.00 Dr,
30-03-2026,Vetkind Animal Health India,Purchase,342,,62300
,Purchase Account,,,62300.00 Dr,
30-03-2026,Vetkind Animal Health India,Purchase,343,,32625
,Purchase Account,,,32625.00 Dr,
30-03-2026,Vetkind Animal Health India,Purchase,344,,22500
,Purchase Account,,,22500.00 Dr,
30-03-2026,Vetkind Animal Health India,Purchase,345,,57500
,Purchase Account,,,57500.00 Dr,
30-03-2026,Vetkind Animal Health India,Purchase,346,,51750
,Purchase Account,,,51750.00 Dr,
31-03-2026,Vetkind Animal Health India,Payment,1363,176425,
,HDFC Bank,,,,176425.00 Cr
31-03-2026,Vetkind Animal Health India,Payment,1364,22500,
,HDFC Bank,,,,22500.00 Cr
31-03-2026,Nandkishor Omperkash Kukerkheda,Payment,1365,596,
,Cash,,,,596.00 Cr
31-03-2026,Mittal Trading Company - Nainva,Payment,1366,4075,
,Cash,,,,4075.00 Cr
31-03-2026,Nandkishor Omperkash Kukerkheda,Receipt,1672,,9675
,HDFC Bank,,,9675.00 Dr,
31-03-2026,Yasika Agro Feed Industries Merta City,Receipt,1673,,15500
,HDFC Bank,,,15500.00 Dr,
31-03-2026,Jain & Brothers - Muhana Mandi,Receipt,1674,,62717
,HDFC Bank,,,62717.00 Dr,
31-03-2026,"Kailash Chand Deen Dayal - Kasera, Shreemodhopur",Receipt,1675,,56800
,Punjab National Bank - New,,,56800.00 Dr,
31-03-2026,Shyam Ji Yadav,Receipt,1676,,9900
,Cash,,,9900.00 Dr,
31-03-2026,Discount Given,Journal,47,3931,
,Hanuman Agro Feedes Kakri,,,,3931.00 Cr
01-04-2026,Machinery Reparing,Payment,1,784,
,Cash,,,,784.00 Cr
01-04-2026,Office Expenses,Payment,2,785,
,Cash,,,,785.00 Cr
01-04-2026,Wages Expenses A/C,Payment,3,7650,
,Cash,,,,7650.00 Cr
01-04-2026,Shyam Ji Yadav,Receipt,1,,9900
,Cash,,,9900.00 Dr,
01-04-2026,SHRI BALAJI ENTERPRISES-TIGARIYA,Sales,3451/2026-2027,66737,
,Sales Account,,,,66737.00 Cr
01-04-2026,Yasika Agro Feed Industries Merta City,Sales,3452/2026-27,313600,
,Sales Account,,,,313600.00 Cr
01-04-2026,Pashupati Trading Company,Sales,3453/25-26,60137,
,Sales Account,,,,60137.00 Cr
01-04-2026,Tarachand Ji -Yadav Khejroli,Sales,3454/25-26,55300,
,Sales Account,,,,55300.00 Cr
01-04-2026,Jai Jagdamba Treding Company Nangal Bhirda,Sales,3455/25-26,64890,
,Sales Account,,,,64890.00 Cr
01-04-2026,Khandelwal Steel Jaipur - Jaipur,Purchase,1,,20400.14
,Purchase Account,,,19428.70 Dr,
,CGST-Tax,,,485.72 Dr,
,SGST-Tax,,,485.72 Dr,
02-04-2026,Neeraj  Brothers,Payment,4,2424,
,HDFC Bank,,,,2424.00 Cr
02-04-2026,J.S. Packers - Jaipur,Payment,5,52686,
,J.S. Packers - Jaipur,,,36924.00 Dr,
,J.S. Packers - Jaipur,,,5224.00 Dr,
,Punjab National Bank - New,,,,94834.00 Cr
02-04-2026,Mittal Trading Company - Nainva,Payment,6,1465,
,Punjab National Bank - New,,,,1465.00 Cr
02-04-2026,Machinery Reparing,Payment,7,5003,
,Punjab National Bank - New,,,,5003.00 Cr
02-04-2026,Wages Expenses A/C,Payment,8,7600,
,Cash,,,,7600.00 Cr
02-04-2026,Machinery Reparing,Payment,9,3500,
,Cash,,,,3500.00 Cr
02-04-2026,Printing & Stationary,Payment,10,1970,
,Cash,,,,1970.00 Cr
02-04-2026,Mithlesh Cattle Feed,Receipt,2,,20000
,HDFC Bank,,,20000.00 Dr,
02-04-2026,Shri Shyam Baat Bhandar (Bad Ke Bala Ji ),Receipt,3,,13825
,HDFC Bank,,,13825.00 Dr,
02-04-2026,Laxmipati Traders,Receipt,4,,65000
,HDFC Bank,,,65000.00 Dr,
02-04-2026,Shyam Ji Yadav,Receipt,5,,9900
,Cash,,,9900.00 Dr,
02-04-2026,Shri Shyam Baat Bhandar (Bad Ke Bala Ji ),Sales,3456/25-26,14683,
,Sales Account,,,,14683.00 Cr
02-04-2026,Choudhary Pashu Aahar  Parbatsar,Sales,3457/25-26,103305,
,Sales Account,,,,103305.00 Cr
02-04-2026,Rajendra Kumar Pawan Kumar Fhagi,Sales,3458/25-26,68833,
,Sales Account,,,,68833.00 Cr
02-04-2026,DILIP UDYOUG,Purchase,2,,39649
,Purchase Account,,,39649.00 Dr,
03-04-2026,Wages Expenses A/C,Payment,11,7550,
,Cash,,,,7550.00 Cr
03-04-2026,Tour & Travel,Payment,12,2200,
,Cash,,,,2200.00 Cr
03-04-2026,Maa Karni Baat Bhander Sodala,Receipt,6,,9500
,Cash,,,9500.00 Dr,
03-04-2026,G.K.N - Industries,Receipt,7,,75000
,HDFC Bank,,,75000.00 Dr,
03-04-2026,M/s Arihant Traders,Receipt,8,,12795
,HDFC Bank,,,12795.00 Dr,
03-04-2026,Balaji Indastrises  Didwana,Receipt,9,,72716
,HDFC Bank,,,72716.00 Dr,
03-04-2026,Lavik Traders,Receipt,10,,41648
,HDFC Bank,,,41648.00 Dr,
03-04-2026,Prakash Enterprises - Phulera,Receipt,11,,77865
,HDFC Bank,,,77865.00 Dr,
03-04-2026,Ganesh Pashuahar Chaksu,Sales,3459/25-26,66960,
,Sales Account,,,,66960.00 Cr
03-04-2026,Maa Karni Baat Bhander Sodala,Sales,3460/25-26,22659,
,Sales Account,,,,22659.00 Cr
03-04-2026,Ganesh Pashuahar Chaksu,Sales,3461/25-26,101262,
,Sales Account,,,,101262.00 Cr
03-04-2026,Nagarmal Pramod Kumar - Chidawa,Sales,3462/25-26,77154,
,Sales Account,,,,77154.00 Cr
03-04-2026,Lavik Traders,Sales,3463/25-26,62620,
,Sales Account,,,,62620.00 Cr
03-04-2026,Harsit Kotari,Sales,3464/25-26,264485,
,Sales Account,,,,264485.00 Cr
03-04-2026,M/s Arihant Traders,Sales,3465/25-26,12795,
,Sales Account,,,,12795.00 Cr
04-04-2026,BUSINESS PROMOTION EXPENSES,Payment,13,33802,
,HDFC Bank,,,,33802.00 Cr
04-04-2026,Convence Expensece,Payment,14,3000,
,Cash,,,,3000.00 Cr
04-04-2026,Wages Expenses A/C,Payment,15,7600,
,Cash,,,,7600.00 Cr
04-04-2026,Maa Karni Baat Bhander Sodala,Receipt,12,,9500
,Cash,,,9500.00 Dr,
04-04-2026,Jain & Brothers - Muhana Mandi,Receipt,13,,62785
,HDFC Bank,,,62785.00 Dr,
04-04-2026,Harsit Kotari,Receipt,14,,100000
,HDFC Bank,,,100000.00 Dr,
04-04-2026,Patel Enterprises  Rojda,Receipt,15,,61900
,HDFC Bank,,,61900.00 Dr,
04-04-2026,JAGMOHAN  SATISH KUMAR  MAHUWA,Receipt,16,,99608
,HDFC Bank,,,99608.00 Dr,
04-04-2026,Rajendra Kumar Pawan Kumar Fhagi,Receipt,17,,68833
,HDFC Bank,,,68833.00 Dr,
04-04-2026,Vinayak Genral Stor Ranwal,Receipt,18,,9500
,Cash,,,9500.00 Dr,
04-04-2026,Shyam Ji Yadav,Receipt,19,,2500
,Cash,,,2500.00 Dr,
04-04-2026,Ishwar and Company Surajpool,Sales,3466/25-26,97500,
,Sales Account,,,,97500.00 Cr
04-04-2026,Murlidhar Ji Yadav- Khejroli,Sales,3467/25-26,61900,
,Sales Account,,,,61900.00 Cr
04-04-2026,Shri Chand Pasu Aahar Malpura,Sales,3468/25-26,114145,
,Sales Account,,,,114145.00 Cr
04-04-2026,Dinesh Kumar Tarun Kumar Bardana,Purchase,3,,6825
,Purchase Account,,,6500.00 Dr,
,CGST-Tax,,,162.50 Dr,
,SGST-Tax,,,162.50 Dr,
04-04-2026,SHRI RAM INDUSTRIES  (PHULERA),Purchase,4,,120045
,Purchase Account,,,120045.00 Dr,
04-04-2026,Sehri Agro Oils Pvt Ltd  Kukar Kheda Mandi,Purchase,5,,4180
,Purchase Account,,,4180.00 Dr,
05-04-2026,Nagarmal Pramod Kumar - Chidawa,Receipt,20,,77154
,Punjab National Bank - New,,,77154.00 Dr,
05-04-2026,M M Trading Company - Khejroli,Sales,3469/25-26,67500,
,Sales Account,,,,67500.00 Cr
05-04-2026,Balaji Trading  Company  - Lalshot,Sales,3470/25-26,59850,
,Sales Account,,,,59850.00 Cr
05-04-2026,Goyal Treders Fhagi,Sales,3471/25-26,96950,
,Sales Account,,,,96950.00 Cr
06-04-2026,Wages Expenses A/C,Payment,16,7650,
,Cash,,,,7650.00 Cr
06-04-2026,Tour & Travel,Payment,17,1940,
,Cash,,,,1940.00 Cr
06-04-2026,Maa Karni Baat Bhander Sodala,Receipt,21,,3659
,Cash,,,3659.00 Dr,
06-04-2026,Balaji Trading  Company  - Lalshot,Receipt,22,,59850
,HDFC Bank,,,59850.00 Dr,
06-04-2026,Vinayak Genral Stor Ranwal,Receipt,23,,8000
,Vinayak Genral Stor Ranwal,,,,34277.00 Cr
,HDFC Bank,,,42277.00 Dr,
06-04-2026,Harsit Kotari,Receipt,24,,50000
,HDFC Bank,,,50000.00 Dr,
06-04-2026,Kedar Kirana Stor Benadamod,Receipt,25,,48700
,HDFC Bank,,,48700.00 Dr,
06-04-2026,Shri Shyam Baat Bhandar (Bad Ke Bala Ji ),Receipt,26,,14683
,HDFC Bank,,,14683.00 Dr,
06-04-2026,Vinayak Genral Stor Ranwal,Receipt,27,,9500
,Cash,,,9500.00 Dr,
06-04-2026,Shri Shyam Baat Bhandar (Bad Ke Bala Ji ),Sales,3472/25-26,13826,
,Sales Account,,,,13826.00 Cr
06-04-2026,Jain & Brothers - Muhana Mandi,Sales,3473/25-26,64612,
,Sales Account,,,,64612.00 Cr
06-04-2026,Anjani Trading Company  -(Beawar),Sales,3474/25-26,290174,
,Sales Account,,,,290174.00 Cr
06-04-2026,Vinayak Genral Stor Ranwal,Sales,3475/25-26,66977,
,Sales Account,,,,66977.00 Cr
07-04-2026,Kanhaiya Lal Tara Chand Chhabra,Payment,18,2400,
,HDFC Bank,,,,2400.00 Cr
07-04-2026,Wages Expenses A/C,Payment,19,7500,
,Cash,,,,7500.00 Cr
07-04-2026,Convence Expensece,Payment,20,3020,
,Cash,,,,3020.00 Cr
07-04-2026,Shri Hari Shanker Khandelwal,Payment,21,9000,
,Cash,,,,9000.00 Cr
07-04-2026,Nilesh Kumar Khandelwal,Payment,22,9500,
,Vijay Kumar Khandelwal,,,9500.00 Dr,
,Priyanka Devi Khandelwal,,,9500.00 Dr,
,Vishnu Gupta,,,9500.00 Dr,
,Nitesh,,,9500.00 Dr,
,Pradeep Kumar Gupta,,,9500.00 Dr,
,Raju Lal Ji,,,9500.00 Dr,
,Raju Mistri,,,9500.00 Dr,
,Cash,,,,76000.00 Cr
07-04-2026,Shri Vaibhav Metacast Pvt Ltd Unit,Receipt,28,,30940
,HDFC Bank,,,30940.00 Dr,
07-04-2026,Murlidhar Ji Yadav- Khejroli,Receipt,29,,19990
,Murlidhar Ji Yadav- Khejroli,,,,10.00 Cr
,HDFC Bank,,,20000.00 Dr,
07-04-2026,Harsit Kotari,Receipt,30,,50000
,HDFC Bank,,,50000.00 Dr,
07-04-2026,Ishwar and Company Surajpool,Receipt,31,,78750
,HDFC Bank,,,78750.00 Dr,
07-04-2026,Vinayak Genral Stor Ranwal,Receipt,32,,5700
,Cash,,,5700.00 Dr,
07-04-2026,S K Dairy - Mukunpura,Receipt,33,,5000
,Cash,,,5000.00 Dr,
07-04-2026,Krishna Baat Bhandhar- Sirsi Mode,Sales,3476/25-26,17000,
,Sales Account,,,,17000.00 Cr
07-04-2026,Lavik Traders,Sales,3477/25-26,50550,
,Sales Account,,,,50550.00 Cr
07-04-2026,Abhishek Treding Company  Fathenegar,Sales,3478/25-26,237600,
,Sales Account,,,,237600.00 Cr
07-04-2026,Kaithal Solvent Pvt Ltd - Haryana,Purchase,6,,609762
,Purchase Account,,,609762.00 Dr,
08-04-2026,SHRI RAM INDUSTRIES  (PHULERA),Payment,23,120045,
,HDFC Bank,,,,120045.00 Cr
08-04-2026,Wages Expenses A/C,Payment,24,7650,
,Cash,,,,7650.00 Cr
08-04-2026,Machinery Reparing,Payment,25,2350,
,Cash,,,,2350.00 Cr
08-04-2026,Nilesh Kumar Khandelwal,Payment,26,9500,
,Vijay Kumar Khandelwal,,,9500.00 Dr,
,Priyanka Devi Khandelwal,,,8000.00 Dr,
,Pradeep Kumar Gupta,,,8500.00 Dr,
,Raju Lal Gupta,,,4500.00 Dr,
,Vishnu Gupta,,,9500.00 Dr,
,Nitesh,,,9500.00 Dr,
,Raju Mistri,,,8000.00 Dr,
,Cash,,,,67000.00 Cr
08-04-2026,S K Dairy - Mukunpura,Receipt,34,,5000
,Cash,,,5000.00 Dr,
08-04-2026,Yasika Agro Feed Industries Merta City,Receipt,35,,100000
,HDFC Bank,,,100000.00 Dr,
08-04-2026,Abhishek Treding Company  Fathenegar,Receipt,36,,237600
,HDFC Bank,,,237600.00 Dr,
08-04-2026,Shri Shyam Baat Bhandar (Bad Ke Bala Ji ),Receipt,37,,13825
,HDFC Bank,,,13825.00 Dr,
08-04-2026,Harsit Kotari,Receipt,38,,50000
,HDFC Bank,,,50000.00 Dr,
08-04-2026,Shri Shyam Baat Bhandar (Bad Ke Bala Ji ),Sales,3479/25-26,13825,
,Sales Account,,,,13825.00 Cr
08-04-2026,"Kailash Chand Deen Dayal - Kasera, Shreemodhopur",Sales,3480/25-26,56800,
,Sales Account,,,,56800.00 Cr
08-04-2026,Giriraj Enterprises - Kalu Ka Baas,Sales,3481/25-26,64417,
,Sales Account,,,,64417.00 Cr
08-04-2026,Laxmiroto Packers Pvt Ltd,Purchase,7,,6549
,Purchase Account,,,5550.00 Dr,
,CGST-Tax,,,499.50 Dr,
,SGST-Tax,,,499.50 Dr,
09-04-2026,Electricity and Water Expenses,Payment,27,90124,
,HDFC Bank,,,,90124.00 Cr
09-04-2026,DILIP UDYOUG,Payment,28,39649,
,Punjab National Bank - New,,,,39649.00 Cr
09-04-2026,Wages Expenses A/C,Payment,29,7550,
,Cash,,,,7550.00 Cr
09-04-2026,Office Expenses,Payment,30,2400,
,Cash,,,,2400.00 Cr
09-04-2026,Krishna Baat Bhandhar- Sirsi Mode,Receipt,39,,9000
,Cash,,,9000.00 Dr,
09-04-2026,Harsit Kotari,Sales,3482/25-26,273775,
,Sales Account,,,,273775.00 Cr
09-04-2026,Prakash Enterprises - Phulera,Sales,3483/25-26,43420,
,Sales Account,,,,43420.00 Cr
09-04-2026,Nagarmal Pramod Kumar - Chidawa,Sales,3484/25-26,88704,
,Sales Account,,,,88704.00 Cr
09-04-2026,SHRI RAM INDUSTRIES  (PHULERA),Purchase,8,,159656
,Purchase Account,,,159656.00 Dr,
09-04-2026,Mittal Trading Company - Nainva,Purchase,9,,80925
,Purchase Account,,,80925.00 Dr,
10-04-2026,Dinesh Kumar Tarun Kumar Bardana,Payment,31,6825,
,Punjab National Bank - New,,,,6825.00 Cr
10-04-2026,Wages Expenses A/C,Payment,32,7600,
,Cash,,,,7600.00 Cr
10-04-2026,Convence Expensece,Payment,33,2150,
,Cash,,,,2150.00 Cr
10-04-2026,Office Expenses,Payment,34,2900,
,Cash,,,,2900.00 Cr
10-04-2026,Choudhary Pashu Aahar  Parbatsar,Receipt,40,,32025
,HDFC Bank,,,32025.00 Dr,
10-04-2026,Harsit Kotari,Receipt,41,,50000
,HDFC Bank,,,50000.00 Dr,
10-04-2026,Deepak Trading Compay   Hingoniya,Receipt,42,,89500
,HDFC Bank,,,89500.00 Dr,
10-04-2026,S Kumar & Company - Navalgarh,Receipt,43,,50000
,HDFC Bank,,,50000.00 Dr,
10-04-2026,Jain & Brothers - Muhana Mandi,Receipt,44,,64226
,HDFC Bank,,,64226.00 Dr,
10-04-2026,Dugya Cattle Feed - Muhana,Receipt,45,,69300
,HDFC Bank,,,69300.00 Dr,
10-04-2026,Krishna Baat Bhandhar- Sirsi Mode,Receipt,46,,8000
,Cash,,,8000.00 Dr,
10-04-2026,Maa Karni Baat Bhander Sodala,Sales,3485/25-26,20260,
,Sales Account,,,,20260.00 Cr
10-04-2026,Godha Enterprises (Hingoniya),Sales,3486/25-26,89750,
,Sales Account,,,,89750.00 Cr
11-04-2026,Wages Expenses A/C,Payment,35,7100,
,Cash,,,,7100.00 Cr
11-04-2026,Tour & Travel,Payment,36,2660,
,Cash,,,,2660.00 Cr
11-04-2026,Nagarmal Pramod Kumar - Chidawa,Receipt,47,,88704
,Punjab National Bank - New,,,88704.00 Dr,
11-04-2026,"Kailash Chand Deen Dayal - Kasera, Shreemodhopur",Receipt,48,,56800
,Punjab National Bank - New,,,56800.00 Dr,
11-04-2026,Shri Shyam Baat Bhandar (Bad Ke Bala Ji ),Sales,3487/25-26,14438,
,Sales Account,,,,14438.00 Cr
11-04-2026,SHRI BALAJI ENTERPRISES-TIGARIYA,Sales,3488/25-26,74967,
,Sales Account,,,,74967.00 Cr
11-04-2026,Dugya Cattle Feed - Muhana,Sales,3489/25-26,66695,
,Sales Account,,,,66695.00 Cr
11-04-2026,Balaji Packers - Jaipur,Purchase,10,,71044
,Purchase Account,,,60207.00 Dr,
,CGST-Tax,,,5418.50 Dr,
,SGST-Tax,,,5418.50 Dr,
11-04-2026,Radha Krishan  Cattal Feed Mp,Purchase,11,,885195
,Purchase Account,,,885195.00 Dr,
12-04-2026,Ajay Kumar,Payment,37,15000,
,HDFC Bank,,,,15000.00 Cr
12-04-2026,Shri Shyam Treding Company Khejroli,Sales,3490/25-26,78750,
,Sales Account,,,,78750.00 Cr
12-04-2026,Jai Hanuman Treders Up,Purchase,12,,244190
,Purchase Account,,,244190.00 Dr,
12-04-2026,Ms G D  Agro Bundi,Purchase,13,,325813
,Purchase Account,,,325813.00 Dr,
12-04-2026,Bina Enterprises - Jaipur,Purchase,14,,221330
,Purchase Account,,,221330.00 Dr,
13-04-2026,SHRI RAM INDUSTRIES  (PHULERA),Payment,38,159656,
,HDFC Bank,,,,159656.00 Cr
13-04-2026,Kaithal Solvent Pvt Ltd - Haryana,Payment,39,609762,
,HDFC Bank,,,,609762.00 Cr
13-04-2026,Jai Hanuman Treders Up,Payment,40,244190,
,HDFC Bank,,,,244190.00 Cr
13-04-2026,Khandelwal Steel Jaipur - Jaipur,Payment,41,20400,
,Punjab National Bank - New,,,,20400.00 Cr
13-04-2026,Wages Expenses A/C,Payment,42,7650,
,Cash,,,,7650.00 Cr
13-04-2026,Printing & Stationary,Payment,43,2230,
,Cash,,,,2230.00 Cr
13-04-2026,Cash,Receipt,49,,
13-04-2026,Ganesh Pashuahar Chaksu,Receipt,50,,300000
,HDFC Bank,,,300000.00 Dr,
13-04-2026,Patel Enterprises  Rojda,Sales,3491/25-26,61900,
,Sales Account,,,,61900.00 Cr
13-04-2026,Balaji Trading  Company  - Lalshot,Sales,3492/25-26,60752,
,Sales Account,,,,60752.00 Cr
13-04-2026,M Choudhry Trading Company - Jalpali,Sales,3493/25-26,61100,
,Sales Account,,,,61100.00 Cr
13-04-2026,Sehri Agro Oils Pvt Ltd  Kukar Kheda Mandi,Purchase,15,,54035
,Purchase Account,,,54035.00 Dr,
14-04-2026,Wages Expenses A/C,Payment,44,7550,
,Cash,,,,7550.00 Cr
14-04-2026,Convence Expensece,Payment,45,2350,
,Cash,,,,2350.00 Cr
14-04-2026,Maa Karni Baat Bhander Sodala,Receipt,51,,20260
,HDFC Bank,,,20260.00 Dr,
14-04-2026,Tarachand Ji -Yadav Khejroli,Receipt,52,,38700
,HDFC Bank,,,38700.00 Dr,
14-04-2026,Maruti Trading Company Kalwar,Receipt,53,,58450
,HDFC Bank,,,58450.00 Dr,
14-04-2026,Radha Baat Bhandhar - Lalchandpura,Receipt,54,,9500
,Cash,,,9500.00 Dr,
14-04-2026,Vinayak Brothers - Renwal,Sales,3494/25-26,98160,
,Sales Account,,,,98160.00 Cr
14-04-2026,G.K.N - Industries,Sales,3495/25-26,45849,
,Sales Account,,,,45849.00 Cr
14-04-2026,Shiv Trading Comnay Vatika,Sales,3496/25-26,79975,
,Sales Account,,,,79975.00 Cr
14-04-2026,Radha Baat Bhandhar - Lalchandpura,Sales,3497/2026-27,73600,
,Sales Account,,,,73600.00 Cr
14-04-2026,Ishwar and Company Surajpool,Sales,3498/2026-2027,81250,
,Sales Account,,,,81250.00 Cr
14-04-2026,Bestcure Levis Healthcare Pvt.Ltd.,Sales,3499/2026-27,54510,
,Sales Account,,,,54510.00 Cr
15-04-2026,BUSINESS PROMOTION EXPENSES,Payment,46,89504,
,HDFC Bank,,,,89504.00 Cr
15-04-2026,Telephone Exp,Payment,47,1049,
,HDFC Bank,,,,1049.00 Cr
15-04-2026,Laxmiroto Packers Pvt Ltd,Payment,48,6549,
,Punjab National Bank - New,,,,6549.00 Cr
15-04-2026,Wages Expenses A/C,Payment,49,7650,
,Cash,,,,7650.00 Cr
15-04-2026,Tour & Travel,Payment,50,2450,
,Cash,,,,2450.00 Cr
15-04-2026,Printing & Stationary,Payment,51,1500,
,Cash,,,,1500.00 Cr
15-04-2026,J.R.Trading  Com. Jupa,Receipt,55,,66000
,HDFC Bank,,,66000.00 Dr,
15-04-2026,Harsit Kotari,Receipt,56,,25000
,HDFC Bank,,,25000.00 Dr,
15-04-2026,Babulal Ji Yadav - Mahaswas,Receipt,57,,78750
,HDFC Bank,,,78750.00 Dr,
15-04-2026,Shri Mahaveer Treding Company Rayla,Receipt,58,,89100
,HDFC Bank,,,89100.00 Dr,
15-04-2026,Mehta Baat Bhandhar - GovindPura,Receipt,59,,56160
,HDFC Bank,,,56160.00 Dr,
15-04-2026,Balaji Trading  Company  - Lalshot,Receipt,60,,60752
,HDFC Bank,,,60752.00 Dr,
15-04-2026,Yasika Agro Feed Industries Merta City,Receipt,61,,50000
,HDFC Bank,,,50000.00 Dr,
15-04-2026,Bestcure Levis Healthcare Pvt.Ltd.,Receipt,62,,54510
,HDFC Bank,,,54510.00 Dr,
15-04-2026,Khandelwal Kirana  Store - Nindar,Receipt,63,,9500
,Cash,,,9500.00 Dr,
15-04-2026,Radha Baat Bhandhar - Lalchandpura,Receipt,64,,9500
,Cash,,,9500.00 Dr,
15-04-2026,Giriraj Trading Company - Alwar,Receipt,65,,50000
,Punjab National Bank - New,,,50000.00 Dr,
15-04-2026,Khandelwal Kirana  Store - Nindar,Sales,3500/2026-2027,29400,
,Sales Account,,,,29400.00 Cr
15-04-2026,Pashupati Trading Company,Sales,3501/2026-27,66400,
,Sales Account,,,,66400.00 Cr
15-04-2026,"Kailash Chand Deen Dayal - Kasera, Shreemodhopur",Sales,3502/2026-27,37900,
,Sales Account,,,,37900.00 Cr
15-04-2026,Nagarmal Pramod Kumar - Chidawa,Sales,3503/2026-27,75455,
,Sales Account,,,,75455.00 Cr
16-04-2026,Radha Krishan  Cattal Feed Mp,Payment,52,885195,
,HDFC Bank,,,,885195.00 Cr
16-04-2026,Deep Solvents Pvt Ltd Punjab,Payment,53,5638,
,HDFC Bank,,,,5638.00 Cr
16-04-2026,Electricity and Water Expenses,Payment,54,12000,
,HDFC Bank,,,,12000.00 Cr
16-04-2026,Mittal Trading Company - Nainva,Payment,55,79650,
,HDFC Bank,,,,79650.00 Cr
16-04-2026,Wages Expenses A/C,Payment,56,7500,
,Cash,,,,7500.00 Cr
16-04-2026,Machinery Reparing,Payment,57,1885,
,Cash,,,,1885.00 Cr
16-04-2026,Nagarmal Pramod Kumar - Chidawa,Receipt,66,,75455
,Punjab National Bank - New,,,75455.00 Dr,
16-04-2026,Anjani Trading Company  -(Beawar),Receipt,67,,290174
,HDFC Bank,,,290174.00 Dr,
16-04-2026,Khandelwal Kirana  Store - Nindar,Receipt,68,,9500
,Cash,,,9500.00 Dr,
16-04-2026,Bansidhar Ji Tatla - Nangal Koju,Receipt,69,,2000
,HDFC Bank,,,2000.00 Dr,
16-04-2026,Radha Baat Bhandhar - Lalchandpura,Receipt,70,,9500
,Cash,,,9500.00 Dr,
16-04-2026,Maa Karni Baat Bhander Sodala,Sales,3504/2026-27,17870,
,Sales Account,,,,17870.00 Cr
16-04-2026,Shri Vaibhav Metacast Pvt Ltd Unit,Sales,3505/2026-27,27960,
,Sales Account,,,,27960.00 Cr
17-04-2026,Ms G D  Agro Bundi,Payment,58,324373,
,Punjab National Bank - New,,,,324373.00 Cr
17-04-2026,Machinery Reparing,Payment,59,1070,
,Punjab National Bank - New,,,,1070.00 Cr
17-04-2026,Wages Expenses A/C,Payment,60,7650,
,Cash,,,,7650.00 Cr
17-04-2026,Tour & Travel,Payment,61,1000,
,Cash,,,,1000.00 Cr
17-04-2026,Arihant  Kumar Rahul Kumar  Medta Seety - S,Receipt,71,,240951
,HDFC Bank,,,240951.00 Dr,
17-04-2026,Ramnarayan Ji Yadev  Dhanota,Receipt,72,,47000
,HDFC Bank,,,47000.00 Dr,
17-04-2026,Ishwar and Company Surajpool,Receipt,73,,78750
,HDFC Bank,,,78750.00 Dr,
17-04-2026,Maa Karni Baat Bhander Sodala,Receipt,74,,9000
,Cash,,,9000.00 Dr,
17-04-2026,Khandelwal Kirana  Store - Nindar,Receipt,75,,9500
,Cash,,,9500.00 Dr,
17-04-2026,Radha Baat Bhandhar - Lalchandpura,Receipt,76,,9500
,Cash,,,9500.00 Dr,
17-04-2026,"Kailash Chand Deen Dayal - Kasera, Shreemodhopur",Receipt,77,,37850
,Punjab National Bank - New,,,37850.00 Dr,
17-04-2026,Uttam Agencies Sambriya,Sales,3506/2026-27,18710,
,Sales Account,,,,18710.00 Cr
18-04-2026,Wages Expenses A/C,Payment,62,7600,
,Cash,,,,7600.00 Cr
18-04-2026,Tour & Travel,Payment,63,2000,
,Cash,,,,2000.00 Cr
18-04-2026,Harsit Kotari,Receipt,78,,50000
,HDFC Bank,,,50000.00 Dr,
18-04-2026,Lavik Traders,Receipt,79,,62956
,HDFC Bank,,,62956.00 Dr,
18-04-2026,Maa Karni Baat Bhander Sodala,Receipt,80,,8870
,Cash,,,8870.00 Dr,
18-04-2026,Ishwar and Company Surajpool,Receipt,81,,23625
,HDFC Bank,,,23625.00 Dr,
18-04-2026,Khandelwal Kirana  Store - Nindar,Receipt,82,,900
,Cash,,,900.00 Dr,
18-04-2026,Radha Baat Bhandhar - Lalchandpura,Receipt,83,,9500
,Cash,,,9500.00 Dr,
18-04-2026,Manish Trading Company - Khejroli - MM,Receipt,84,,9500
,Cash,,,9500.00 Dr,
18-04-2026,Ankit Trading Company Fulera,Sales,3507/2026-27,36225,
,Sales Account,,,,36225.00 Cr
19-04-2026,Grow More Trade Links Jaipur,Purchase,16,,554983
,Purchase Account,,,528555.00 Dr,
,CGST-Tax,,,13214.00 Dr,
,SGST-Tax,,,13214.00 Dr,
20-04-2026,Bina Enterprises - Jaipur,Payment,64,221330,
,HDFC Bank,,,,221330.00 Cr
20-04-2026,Brokrage,Payment,65,4336,
,Brokrage,,,5930.00 Dr,
,Punjab National Bank - New,,,,10266.00 Cr
20-04-2026,Wages Expenses A/C,Payment,66,7550,
,Cash,,,,7550.00 Cr
20-04-2026,Office Expenses,Payment,67,1850,
,Cash,,,,1850.00 Cr
20-04-2026,Fright Exp,Payment,68,9000,
,Cash,,,,9000.00 Cr
20-04-2026,Ishwar and Company Surajpool,Receipt,85,,94500
,HDFC Bank,,,94500.00 Dr,
20-04-2026,Vinayak Brothers - Renwal,Receipt,86,,93000
,HDFC Bank,,,93000.00 Dr,
20-04-2026,Pashupati Trading Company,Receipt,87,,60357
,Punjab National Bank - New,,,60357.00 Dr,
20-04-2026,Radha Baat Bhandhar - Lalchandpura,Receipt,88,,9500
,Cash,,,9500.00 Dr,
20-04-2026,Manish Trading Company - Khejroli - MM,Receipt,89,,9500
,Cash,,,9500.00 Dr,
20-04-2026,Jain & Brothers - Muhana Mandi,Sales,3508/2026/27,64610,
,Sales Account,,,,64610.00 Cr
20-04-2026,S.S.Indurest,Sales,3509/2026-27,60732,
,Sales Account,,,,60732.00 Cr
20-04-2026,Dinesh Kumar Tarun Kumar Bardana,Purchase,17,,6825
,Purchase Account,,,6500.00 Dr,
,CGST-Tax,,,162.50 Dr,
,SGST-Tax,,,162.50 Dr,
21-04-2026,Sehri Agro Oils Pvt Ltd  Kukar Kheda Mandi,Payment,69,58214,
,Punjab National Bank - New,,,,58214.00 Cr
21-04-2026,Wages Expenses A/C,Payment,70,7550,
,Cash,,,,7550.00 Cr
21-04-2026,Convence Expensece,Payment,71,2200,
,Cash,,,,2200.00 Cr
21-04-2026,Fright Exp,Payment,72,1270,
,Cash,,,,1270.00 Cr
21-04-2026,Vinayak Brothers - Renwal,Receipt,90,,93000
,HDFC Bank,,,93000.00 Dr,
21-04-2026,Vinayak Brothers - Renwal,Receipt,91,,99500
,HDFC Bank,,,99500.00 Dr,
21-04-2026,Shri Shyam Baat Bhandar (Bad Ke Bala Ji ),Receipt,92,,13825
,HDFC Bank,,,13825.00 Dr,
21-04-2026,Radha Baat Bhandhar - Lalchandpura,Receipt,93,,9500
,Cash,,,9500.00 Dr,
21-04-2026,Manish Trading Company - Khejroli - MM,Receipt,94,,9500
,Cash,,,9500.00 Dr,
21-04-2026,Shri Shyam Baat Bhandar (Bad Ke Bala Ji ),Sales,3510/2026-27,18638,
,Sales Account,,,,18638.00 Cr
21-04-2026,Uttam Agencies Sambriya,Sales,3511/2026-27,21064,
,Sales Account,,,,21064.00 Cr
21-04-2026,Shyam Baat Bhandar - Kanwarpura,Sales,3512/2026-27,69220,
,Sales Account,,,,69220.00 Cr
21-04-2026,Subham Pasu Aahar Badanwada,Sales,3513/2026-27,155953,
,Sales Account,,,,155953.00 Cr
22-04-2026,Balaji Packers - Jaipur,Payment,73,70810,
,HDFC Bank,,,,70810.00 Cr
22-04-2026,Grow More Trade Links Jaipur,Payment,74,554983,
,HDFC Bank,,,,554983.00 Cr
22-04-2026,Wages Expenses A/C,Payment,75,7650,
,Cash,,,,7650.00 Cr
22-04-2026,Tour & Travel,Payment,76,1950,
,Cash,,,,1950.00 Cr
22-04-2026,Fright Exp,Payment,77,9000,
,Cash,,,,9000.00 Cr
22-04-2026,Tarachand Ji -Yadav Khejroli,Receipt,95,,25000
,HDFC Bank,,,25000.00 Dr,
22-04-2026,Yasika Agro Feed Industries Merta City,Receipt,96,,49000
,HDFC Bank,,,49000.00 Dr,
22-04-2026,G.K.N - Industries,Receipt,97,,80590
,HDFC Bank,,,80590.00 Dr,
22-04-2026,Manish Trading Company - Khejroli - MM,Receipt,98,,11000
,HDFC Bank,,,11000.00 Dr,
22-04-2026,Radha Baat Bhandhar - Lalchandpura,Receipt,99,,7100
,Cash,,,7100.00 Dr,
22-04-2026,Manish Trading Company - Khejroli - MM,Receipt,100,,9500
,Cash,,,9500.00 Dr,
22-04-2026,Mamraj Treding Company Khejroli,Sales,3514/2026-27,78750,
,Sales Account,,,,78750.00 Cr
22-04-2026,Maruti Trading Company Kalwar,Sales,3515/2026-27,51030,
,Sales Account,,,,51030.00 Cr
23-04-2026,Dinesh Kumar Tarun Kumar Bardana,Payment,78,6825,
,Punjab National Bank - New,,,,6825.00 Cr
23-04-2026,Wages Expenses A/C,Payment,79,7200,
,Cash,,,,7200.00 Cr
23-04-2026,Convence Expensece,Payment,80,3200,
,Cash,,,,3200.00 Cr
23-04-2026,Fright Exp,Payment,81,7900,
,Cash,,,,7900.00 Cr
23-04-2026,Jain & Brothers - Muhana Mandi,Receipt,101,,64612
,HDFC Bank,,,64612.00 Dr,
23-04-2026,Lavik Traders,Receipt,102,,50815
,HDFC Bank,,,50815.00 Dr,
23-04-2026,Manish Trading Company - Khejroli - MM,Receipt,103,,9500
,Cash,,,9500.00 Dr,
23-04-2026,Anu Baat Bhandhar - Bheru Khejda,Receipt,104,,9000
,Cash,,,9000.00 Dr,
23-04-2026,Balaji Trading  Company  - Lalshot,Sales,3516/2026-27,64125,
,Sales Account,,,,64125.00 Cr
23-04-2026,Arihant  Kumar Rahul Kumar  Medta Seety - S,Sales,3517/2026-27,121170,
,Sales Account,,,,121170.00 Cr
23-04-2026,Arihant  Kumar Rahul Kumar  Medta Seety - S,Sales,3518/2026/27,124740,
,Sales Account,,,,124740.00 Cr
23-04-2026,Kanish Enterprises Jaipur,Purchase,18,,21736
,Purchase Account,,,21736.00 Dr,
23-04-2026,S M Sales Corporation  Jaipur,Purchase,19,,40568
,Purchase Account,,,40568.00 Dr,
24-04-2026,Wages Expenses A/C,Payment,82,7650,
,Cash,,,,7650.00 Cr
24-04-2026,Office Expenses,Payment,83,2160,
,Cash,,,,2160.00 Cr
24-04-2026,Balaji Trading  Company  - Lalshot,Receipt,105,,64125
,HDFC Bank,,,64125.00 Dr,
24-04-2026,Shri Shyam Baat Bhandar (Bad Ke Bala Ji ),Receipt,106,,14438
,HDFC Bank,,,14438.00 Dr,
24-04-2026,Harsit Kotari,Receipt,107,,50000
,HDFC Bank,,,50000.00 Dr,
24-04-2026,Manish Trading Company - Khejroli - MM,Receipt,108,,9500
,Cash,,,9500.00 Dr,
24-04-2026,Anu Baat Bhandhar - Bheru Khejda,Receipt,109,,6000
,Cash,,,6000.00 Dr,
24-04-2026,Maa Karni Baat Bhander Sodala,Sales,3519/2026-27,27525,
,Sales Account,,,,27525.00 Cr
24-04-2026,Shri Shyam Baat Bhandar (Bad Ke Bala Ji ),Sales,3520/2026-27,14438,
,Sales Account,,,,14438.00 Cr
24-04-2026,Balaji Indastrises  Didwana,Sales,3521/2026-27,67530,
,Sales Account,,,,67530.00 Cr
24-04-2026,Tarachand Ji -Yadav Khejroli,Sales,3522/2026-27,63800,
,Sales Account,,,,63800.00 Cr
25-04-2026,Wages Expenses A/C,Payment,84,7150,
,Cash,,,,7150.00 Cr
25-04-2026,Machinery Reparing,Payment,85,2640,
,Cash,,,,2640.00 Cr
25-04-2026,Shiv Trading Comnay Vatika,Receipt,110,,81549
,HDFC Bank,,,81549.00 Dr,
25-04-2026,Manish Trading Company - Khejroli - MM,Receipt,111,,9500
,Cash,,,9500.00 Dr,
25-04-2026,M M Trading Company - Khejroli,Receipt,112,,9500
,Cash,,,9500.00 Dr,
25-04-2026,Murlidhar Ji Yadav- Khejroli,Receipt,113,,9500
,Cash,,,9500.00 Dr,
25-04-2026,G.K.N - Industries,Sales,3523/2026-27,45850,
,Sales Account,,,,45850.00 Cr
25-04-2026,Ankit Trading Company Fulera,Sales,3524/2026-27,44510,
,Sales Account,,,,44510.00 Cr
25-04-2026,G.K.N - Industries,Sales,3525/2026-27,49535,
,Sales Account,,,,49535.00 Cr
25-04-2026,Shri Chand Pasu Aahar Malpura,Sales,3526/2026-27,111218,
,Sales Account,,,,111218.00 Cr
25-04-2026,Nagarmal Pramod Kumar - Chidawa,Sales,3527/2026-27,79928,
,Sales Account,,,,79928.00 Cr
25-04-2026,DILIP UDYOUG,Purchase,20,,66082
,Purchase Account,,,66082.00 Dr,
25-04-2026,Chitarmal Manoj Kumar,Purchase,21,,41093
,Purchase Account,,,41093.00 Dr,
27-04-2026,Vetkind Animal Health India,Payment,86,155000,
,HDFC Bank,,,,155000.00 Cr
27-04-2026,Vetkind Animal Health India,Payment,87,43625,
,HDFC Bank,,,,43625.00 Cr
27-04-2026,Brokrage,Payment,88,6852,
,Punjab National Bank - New,,,,6852.00 Cr
27-04-2026,Wages Expenses A/C,Payment,89,7500,
,Cash,,,,7500.00 Cr
27-04-2026,Convence Expensece,Payment,90,2000,
,Cash,,,,2000.00 Cr
27-04-2026,Anu Baat Bhandhar - Bheru Khejda,Receipt,114,,35000
,HDFC Bank,,,35000.00 Dr,
27-04-2026,Maa Karni Baat Bhander Sodala,Receipt,115,,27525
,HDFC Bank,,,27525.00 Dr,
27-04-2026,SHRI BALAJI ENTERPRISES-TIGARIYA,Receipt,116,,70000
,HDFC Bank,,,70000.00 Dr,
27-04-2026,Yasika Agro Feed Industries Merta City,Receipt,117,,60000
,HDFC Bank,,,60000.00 Dr,
27-04-2026,Shri Chand Pasu Aahar Malpura,Receipt,118,,142540
,HDFC Bank,,,142540.00 Dr,
27-04-2026,Manish Trading Company - Khejroli - MM,Receipt,119,,9500
,Cash,,,9500.00 Dr,
27-04-2026,S.S.Indurest,Receipt,120,,60732
,Punjab National Bank - New,,,60732.00 Dr,
27-04-2026,M M Trading Company - Khejroli,Receipt,121,,9500
,Cash,,,9500.00 Dr,
27-04-2026,Murlidhar Ji Yadav- Khejroli,Receipt,122,,9500
,Cash,,,9500.00 Dr,
27-04-2026,Nagarmal Pramod Kumar - Chidawa,Sales,3528/2026-27,37620,
,Sales Account,,,,37620.00 Cr
27-04-2026,Jaipur Packers - Rajasthan,Purchase,22,,55086
,Purchase Account,,,46683.00 Dr,
,CGST-Tax,,,4201.50 Dr,
,SGST-Tax,,,4201.50 Dr,
27-04-2026,SHRI RAM INDUSTRIES  (PHULERA),Purchase,23,,196312
,Purchase Account,,,196312.00 Dr,
28-04-2026,Vinayak Fabriks Badharna,Payment,91,35383,
,HDFC Bank,,,,35383.00 Cr
28-04-2026,Brokrage,Payment,92,9000,
,Punjab National Bank - New,,,,9000.00 Cr
28-04-2026,Wages Expenses A/C,Payment,93,7650,
,Cash,,,,7650.00 Cr
28-04-2026,Tour & Travel,Payment,94,2350,
,Cash,,,,2350.00 Cr
28-04-2026,Nagarmal Pramod Kumar - Chidawa,Receipt,123,,77970
,Punjab National Bank - New,,,77970.00 Dr,
28-04-2026,Manish Trading Company - Khejroli - MM,Receipt,124,,3620
,Cash,,,3620.00 Dr,
28-04-2026,Cash,Receipt,125,,
28-04-2026,M M Trading Company - Khejroli,Receipt,126,,9500
,Cash,,,9500.00 Dr,
28-04-2026,Murlidhar Ji Yadav- Khejroli,Receipt,127,,9500
,Cash,,,9500.00 Dr,
28-04-2026,Ishwar and Company Surajpool,Sales,3529/2026-27,97500,
,Sales Account,,,,97500.00 Cr
28-04-2026,Dinesh Baat Bhandar  (Dhabash),Sales,3530/2026-27,8325,
,Sales Account,,,,8325.00 Cr
28-04-2026,Ramnarayan Ji Yadev  Dhanota,Sales,3531/2026-27,58750,
,Sales Account,,,,58750.00 Cr
28-04-2026,SHRI BALAJI ENTERPRISES-TIGARIYA,Sales,3532/2026-27,70128,
,Sales Account,,,,70128.00 Cr
28-04-2026,J.S. Packers - Jaipur,Purchase,24,,10596
,Purchase Account,,,8980.00 Dr,
,CGST-Tax,,,808.00 Dr,
,SGST-Tax,,,808.00 Dr,
29-04-2026,Brokrage,Payment,95,13620,
,Punjab National Bank - New,,,,13620.00 Cr
29-04-2026,Ms G D  Agro Bundi,Payment,96,1440,
,Punjab National Bank - New,,,,1440.00 Cr
29-04-2026,Wages Expenses A/C,Payment,97,7550,
,Cash,,,,7550.00 Cr
29-04-2026,Printing & Stationary,Payment,98,1430,
,Cash,,,,1430.00 Cr
29-04-2026,Goyal Treders Fhagi,Receipt,128,,95887
,HDFC Bank,,,95887.00 Dr,
29-04-2026,Dinesh Baat Bhandar  (Dhabash),Receipt,129,,28500
,HDFC Bank,,,28500.00 Dr,
29-04-2026,M M Trading Company - Khejroli,Receipt,130,,9500
,Cash,,,9500.00 Dr,
29-04-2026,Murlidhar Ji Yadav- Khejroli,Receipt,131,,9500
,Cash,,,9500.00 Dr,
29-04-2026,Jai Hanuman Treders Up,Purchase,25,,237945
,Purchase Account,,,237945.00 Dr,
30-04-2026,Chitarmal Manoj Kumar,Payment,99,41093,
,HDFC Bank,,,,41093.00 Cr
30-04-2026,DILIP UDYOUG,Payment,100,66082,
,HDFC Bank,,,,66082.00 Cr
30-04-2026,SHRI RAM INDUSTRIES  (PHULERA),Payment,101,196312,
,HDFC Bank,,,,196312.00 Cr
30-04-2026,Brokrage,Payment,102,13500,
,Punjab National Bank - New,,,,13500.00 Cr
30-04-2026,Car Loan - Hyrider,Payment,103,48357,
,Punjab National Bank - New,,,,48357.00 Cr
30-04-2026,BANK  EXPENSES- PNB BANK,Payment,104,49.85,
,Punjab National Bank - New,,,,49.85 Cr
30-04-2026,Wages Expenses A/C,Payment,105,7500,
,Cash,,,,7500.00 Cr
30-04-2026,Office Expenses,Payment,106,1960,
,Cash,,,,1960.00 Cr
30-04-2026,Nagarmal Pramod Kumar - Chidawa,Receipt,132,,37620
,Punjab National Bank - New,,,37620.00 Dr,
30-04-2026,Yasika Agro Feed Industries Merta City,Receipt,133,,41000
,HDFC Bank,,,41000.00 Dr,
30-04-2026,M Choudhry Trading Company - Jalpali,Receipt,134,,59600
,HDFC Bank,,,59600.00 Dr,
30-04-2026,M M Trading Company - Khejroli,Receipt,135,,2000
,Cash,,,2000.00 Dr,
30-04-2026,Murlidhar Ji Yadav- Khejroli,Receipt,136,,2000
,Cash,,,2000.00 Dr,
30-04-2026,Rakesh Kirana Store - Khejroli,Sales,3533/2026-27,37925,
,Sales Account,,,,37925.00 Cr
30-04-2026,Uttam Agencies Sambriya,Sales,3534/2026-27,52078,
,Sales Account,,,,52078.00 Cr
30-04-2026,Maa Karni Baat Bhander Sodala,Sales,3535/2026-27,11110,
,Sales Account,,,,11110.00 Cr
30-04-2026,DILIP UDYOUG,Purchase,26,,40986
,Purchase Account,,,40986.00 Dr,
30-04-2026,Vetkind Animal Health India,Purchase,27,,22500
,Purchase Account,,,22500.00 Dr,
01-05-2026,Jai Hanuman Treders Up,Payment,107,237945,
,HDFC Bank,,,,237945.00 Cr
01-05-2026,Kanish Enterprises Jaipur,Payment,108,21736,
,HDFC Bank,,,,21736.00 Cr
01-05-2026,S M Sales Corporation  Jaipur,Payment,109,40568,
,HDFC Bank,,,,40568.00 Cr
01-05-2026,Wages Expenses A/C,Payment,110,7600,
,Cash,,,,7600.00 Cr
01-05-2026,Tour & Travel,Payment,111,1915,
,Cash,,,,1915.00 Cr
01-05-2026,Laxmipati Traders,Receipt,137,,73560
,HDFC Bank,,,73560.00 Dr,
01-05-2026,Manish Trandig Company,Receipt,138,,9000
,Cash,,,9000.00 Dr,
01-05-2026,Krishna Baat Bhandhar- Sirsi Mode,Receipt,139,,9000
,Cash,,,9000.00 Dr,
01-05-2026,Krishna Baat Bhandhar- Sirsi Mode,Sales,3536/2026-27,17000,
,Sales Account,,,,17000.00 Cr
01-05-2026,Jai Shanker Rice and  Gen Mill,Purchase,28,,585177
,Purchase Account,,,585177.00 Dr,
02-05-2026,Wages Expenses A/C,Payment,112,7650,
,Cash,,,,7650.00 Cr
02-05-2026,Machinery Reparing,Payment,113,2350,
,Cash,,,,2350.00 Cr
02-05-2026,Shri Shyam Baat Bhandar (Bad Ke Bala Ji ),Receipt,140,,18638
,HDFC Bank,,,18638.00 Dr,
02-05-2026,Harsit Kotari,Receipt,141,,50000
,HDFC Bank,,,50000.00 Dr,
02-05-2026,Rakesh Kirana Store - Khejroli,Receipt,142,,11445
,HDFC Bank,,,11445.00 Dr,
02-05-2026,Manish Trandig Company,Receipt,143,,9000
,Cash,,,9000.00 Dr,
02-05-2026,Krishna Baat Bhandhar- Sirsi Mode,Receipt,144,,8000
,Cash,,,8000.00 Dr,
02-05-2026,Vinayak Brothers - Renwal,Sales,3537/2026-27,98160,
,Sales Account,,,,98160.00 Cr
02-05-2026,Shri Shyam Baat Bhandar (Bad Ke Bala Ji ),Sales,3538/2026-27,18638,
,Sales Account,,,,18638.00 Cr
02-05-2026,Ganesh Pashuahar Chaksu,Sales,3539/2026-27,106194,
,Sales Account,,,,106194.00 Cr
02-05-2026,Prakash Enterprises - Phulera,Sales,3540/226-27,69270,
,Sales Account,,,,69270.00 Cr
02-05-2026,PRABHA MAHILA KISSAN PRODUSER KHANDER,Sales,3541/2026-27,66500,
,Sales Account,,,,66500.00 Cr
02-05-2026,Raghav Corporation Dis Baran,Purchase,29,,836190
,Purchase Account,,,836190.00 Dr,
02-05-2026,Jai Hanuman Treders Up,Purchase,30,,223208
,Purchase Account,,,223208.00 Dr,
02-05-2026,Jaipur Packers - Rajasthan,Purchase,31,,88934
,Purchase Account,,,75368.00 Dr,
,CGST-Tax,,,6783.00 Dr,
,SGST-Tax,,,6783.00 Dr,
03-05-2026,Maa Karni Baat Bhander Sodala,Receipt,145,,11110
,HDFC Bank,,,11110.00 Dr,
04-05-2026,Wages Expenses A/C,Payment,114,7550,
,Cash,,,,7550.00 Cr
04-05-2026,Tour & Travel,Payment,115,2300,
,Cash,,,,2300.00 Cr
04-05-2026,Harsit Kotari,Receipt,146,,50000
,HDFC Bank,,,50000.00 Dr,
04-05-2026,Prakash Enterprises - Phulera,Receipt,147,,43420
,HDFC Bank,,,43420.00 Dr,
04-05-2026,Choudhary Pashu Aahar  Parbatsar,Receipt,148,,60000
,HDFC Bank,,,60000.00 Dr,
04-05-2026,Yasika Agro Feed Industries Merta City,Receipt,149,,12057
,HDFC Bank,,,12057.00 Dr,
04-05-2026,Ishwar and Company Surajpool,Receipt,150,,94500
,HDFC Bank,,,94500.00 Dr,
04-05-2026,Manish Trandig Company,Receipt,151,,9000
,Cash,,,9000.00 Dr,
04-05-2026,Jain & Brothers - Muhana Mandi,Sales,3542/2026-27,64612,
,Sales Account,,,,64612.00 Cr
04-05-2026,"Kailash Chand Deen Dayal - Kasera, Shreemodhopur",Sales,3543/2026-2027,56800,
,Sales Account,,,,56800.00 Cr
05-05-2026,Jai Shanker Rice and  Gen Mill,Payment,116,585177,
,HDFC Bank,,,,585177.00 Cr
05-05-2026,Jai Hanuman Treders Up,Payment,117,223208,
,HDFC Bank,,,,223208.00 Cr
05-05-2026,Raghav Corporation Dis Baran,Payment,118,832758,
,HDFC Bank,,,,832758.00 Cr
05-05-2026,Wages Expenses A/C,Payment,119,7500,
,Cash,,,,7500.00 Cr
05-05-2026,Tour & Travel,Payment,120,2350,
,Cash,,,,2350.00 Cr
05-05-2026,Office Expenses,Payment,121,2200,
,Cash,,,,2200.00 Cr
05-05-2026,Harsit Kotari,Receipt,152,,40000
,HDFC Bank,,,40000.00 Dr,
05-05-2026,Manish Trandig Company,Receipt,153,,9000
,Cash,,,9000.00 Dr,
05-05-2026,G.K.N - Industries,Sales,3544/2026-2027,53084,
,Sales Account,,,,53084.00 Cr
05-05-2026,Pashupati Trading Company,Sales,3545/2026-27,71560,
,Sales Account,,,,71560.00 Cr
05-05-2026,Choudhary Pashu Aahar  Parbatsar,Sales,3546/2026/27,92100,
,Sales Account,,,,92100.00 Cr
05-05-2026,M/s Arihant Traders,Sales,3547/2026-27,267388,
,Sales Account,,,,267388.00 Cr
05-05-2026,Balaji Trading  Company  - Lalshot,Sales,3548/2026-2027,76950,
,Sales Account,,,,76950.00 Cr
05-05-2026,Jhandewalas Foods Limited Jaipur,Purchase,32,,13000
,Purchase Account,,,13000.00 Dr,
06-05-2026,Tha Karnal Coop Sugar Mills Haryana,Payment,122,634500,
,HDFC Bank,,,,634500.00 Cr
06-05-2026,Wages Expenses A/C,Payment,123,7550,
,Cash,,,,7550.00 Cr
06-05-2026,Office Expenses,Payment,124,2240,
,Cash,,,,2240.00 Cr
06-05-2026,Bestcure Levis Healthcare Pvt.Ltd.,Receipt,154,,222115
,HDFC Bank,,,222115.00 Dr,
06-05-2026,Giriraj Enterprises - Kalu Ka Baas,Receipt,155,,5000
,Giriraj Enterprises - Kalu Ka Baas,,,,55000.00 Cr
,HDFC Bank,,,60000.00 Dr,
06-05-2026,Jain & Brothers - Muhana Mandi,Receipt,156,,64612
,HDFC Bank,,,64612.00 Dr,
06-05-2026,Shri Vaibhav Metacast Pvt Ltd Unit,Receipt,157,,27960
,HDFC Bank,,,27960.00 Dr,
06-05-2026,Manish Trandig Company,Receipt,158,,9000
,Cash,,,9000.00 Dr,
06-05-2026,Mehta Baat Bhandhar - GovindPura,Sales,3549/2026-27,57510,
,Sales Account,,,,57510.00 Cr
06-05-2026,Bestcure Levis Healthcare Pvt.Ltd.,Sales,3550/2026-27,222115,
,Sales Account,,,,222115.00 Cr
06-05-2026,Ishwar and Company Surajpool,Sales,3551/2026-27,97500,
,Sales Account,,,,97500.00 Cr
06-05-2026,Jaipur Packers - Rajasthan,Purchase,33,,57157
,Purchase Account,,,48438.00 Dr,
,CGST-Tax,,,4359.50 Dr,
,SGST-Tax,,,4359.50 Dr,
07-05-2026,Electricity and Water Expenses,Payment,125,89202,
,HDFC Bank,,,,89202.00 Cr
07-05-2026,Wages Expenses A/C,Payment,126,7650,
,Cash,,,,7650.00 Cr
07-05-2026,Shri Hari Shanker Khandelwal,Payment,127,9000,
,Cash,,,,9000.00 Cr
07-05-2026,Nilesh Kumar Khandelwal,Payment,128,9500,
,Vijay Kumar Khandelwal,,,9500.00 Dr,
,Priyanka Devi Khandelwal,,,9500.00 Dr,
,Vishnu Gupta,,,9500.00 Dr,
,Nitesh,,,9500.00 Dr,
,Pradeep Kumar Gupta,,,9500.00 Dr,
,Raju Lal Ji,,,9500.00 Dr,
,Raju Mistri,,,9500.00 Dr,
,Cash,,,,76000.00 Cr
07-05-2026,Brokrage,Payment,129,5935,
,HDFC Bank,,,,5935.00 Cr
07-05-2026,Ishwar and Company Surajpool,Receipt,159,,94500
,HDFC Bank,,,94500.00 Dr,
07-05-2026,Balaji Trading  Company  - Lalshot,Receipt,160,,76950
,HDFC Bank,,,76950.00 Dr,
07-05-2026,Ankit Trading Company Fulera,Receipt,161,,36405
,HDFC Bank,,,36405.00 Dr,
07-05-2026,Harsit Kotari,Receipt,162,,25000
,HDFC Bank,,,25000.00 Dr,
07-05-2026,Manish Trandig Company,Receipt,163,,5000
,Cash,,,5000.00 Dr,
07-05-2026,"Kailash Chand Deen Dayal - Kasera, Shreemodhopur",Receipt,164,,56800
,Punjab National Bank - New,,,56800.00 Dr,
07-05-2026,Dugya Cattle Feed - Muhana,Sales,3552/2026-2027,71350,
,Sales Account,,,,71350.00 Cr
07-05-2026,Maa Karni Baat Bhander Sodala,Sales,3553/2026-2027,17605,
,Sales Account,,,,17605.00 Cr
07-05-2026,Anu Baat Bhandhar - Bheru Khejda,Sales,3554/2026-27,73585,
,Sales Account,,,,73585.00 Cr
07-05-2026,Shri Shyam Treding Company Khejroli,Sales,3555/2026-27,86625,
,Sales Account,,,,86625.00 Cr
07-05-2026,Babulal Ji Yadav - Mahaswas,Sales,3556/2026-27,87500,
,Sales Account,,,,87500.00 Cr
07-05-2026,Ankit Trading Company Fulera,Sales,3557/2026-27,70655,
,Sales Account,,,,70655.00 Cr
07-05-2026,"Kailash Chand Deen Dayal - Kasera, Shreemodhopur",Sales,3558/2026-27,18900,
,Sales Account,,,,18900.00 Cr
07-05-2026,DILIP UDYOUG,Purchase,34,,39649
,Purchase Account,,,39649.00 Dr,
07-05-2026,DILIP UDYOUG,Purchase,35,,39649
,Purchase Account,,,39649.00 Dr,
08-05-2026,Wages Expenses A/C,Payment,130,7300,
,Cash,,,,7300.00 Cr
08-05-2026,Convence Expensece,Payment,131,2000,
,Cash,,,,2000.00 Cr
08-05-2026,Nilesh Kumar Khandelwal,Payment,132,9500,
,Vijay Kumar Khandelwal,,,9500.00 Dr,
,Priyanka Devi Khandelwal,,,8000.00 Dr,
,Pradeep Kumar Gupta,,,8500.00 Dr,
,Raju Lal Gupta,,,4500.00 Dr,
,Vishnu Gupta,,,9500.00 Dr,
,Nitesh,,,9500.00 Dr,
,Raju Mistri,,,8000.00 Dr,
,Cash,,,,67000.00 Cr
08-05-2026,Kedar Kirana Stor Benadamod,Receipt,165,,56600
,HDFC Bank,,,56600.00 Dr,
08-05-2026,Anu Baat Bhandhar - Bheru Khejda,Receipt,166,,9000
,Cash,,,9000.00 Dr,
08-05-2026,Yasika Agro Feed Industries Merta City,Sales,3559/2026-27,354152,
,Sales Account,,,,354152.00 Cr
09-05-2026,Wages Expenses A/C,Payment,133,7600,
,Cash,,,,7600.00 Cr
09-05-2026,Tour & Travel,Payment,134,1860,
,Cash,,,,1860.00 Cr
09-05-2026,Shri Shyam Baat Bhandar (Bad Ke Bala Ji ),Receipt,167,,14438
,HDFC Bank,,,14438.00 Dr,
09-05-2026,Maa Karni Baat Bhander Sodala,Receipt,168,,17605
,HDFC Bank,,,17605.00 Dr,
09-05-2026,Anu Baat Bhandhar - Bheru Khejda,Receipt,169,,6000
,Cash,,,6000.00 Dr,
09-05-2026,Shiv Trading Comnay Vatika,Sales,3560/2026-27,78707,
,Sales Account,,,,78707.00 Cr
09-05-2026,Shri Shyam Baat Bhandar (Bad Ke Bala Ji ),Sales,3561/2026-27,19250,
,Sales Account,,,,19250.00 Cr
09-05-2026,Uttam Agencies Sambriya,Sales,3562/2026-27,56941,
,Sales Account,,,,56941.00 Cr
09-05-2026,Sehri Agro Oils Pvt Ltd  Kukar Kheda Mandi,Purchase,36,,4166
,Purchase Account,,,3967.00 Dr,
,CGST-Tax,,,99.50 Dr,
,SGST-Tax,,,99.50 Dr,
09-05-2026,Sehri Agro Oils Pvt Ltd  Kukar Kheda Mandi,Purchase,37,,59555
,Purchase Account,,,59555.00 Dr,
09-05-2026,Om Prakash Rajesh Kumar - Jaipur,Purchase,38,,116970
,Purchase Account,,,116970.00 Dr,
10-05-2026,Giriraj Enterprises - Kalu Ka Baas,Sales,3563/2026-27,64418,
,Sales Account,,,,64418.00 Cr
11-05-2026,Wages Expenses A/C,Payment,135,7500,
,Cash,,,,7500.00 Cr
11-05-2026,Office Expenses,Payment,136,1940,
,Cash,,,,1940.00 Cr
11-05-2026,Harsit Kotari,Receipt,170,,50000
,HDFC Bank,,,50000.00 Dr,
11-05-2026,Pashupati Trading Company,Receipt,171,,65800
,Punjab National Bank - New,,,65800.00 Dr,
11-05-2026,Ankit Trading Company Fulera,Receipt,172,,44734
,HDFC Bank,,,44734.00 Dr,
11-05-2026,(cancelled),Receipt,173,,
11-05-2026,Uttam Agencies Sambriya,Receipt,174,,55118
,Uttam Agencies Sambriya,,,,30888.00 Cr
,Uttam Agencies Sambriya,,,,49198.00 Cr
,Uttam Agencies Sambriya,,,,63112.00 Cr
,Uttam Agencies Sambriya,,,,55786.00 Cr
,Punjab National Bank - New,,,254102.00 Dr,
11-05-2026,"Kailash Chand Deen Dayal - Kasera, Shreemodhopur",Receipt,175,,18900
,Punjab National Bank - New,,,18900.00 Dr,
11-05-2026,Vinayak Genral Stor Ranwal,Receipt,176,,9000
,Cash,,,9000.00 Dr,
11-05-2026,Jai Jagdamba Treding Company Nangal Bhirda,Receipt,177,,9500
,Cash,,,9500.00 Dr,
11-05-2026,Shyam Baat Bhandar - Kanwarpura,Receipt,178,,9500
,Cash,,,9500.00 Dr,
11-05-2026,Jain & Brothers - Muhana Mandi,Sales,3564/2026-27,64612,
,Sales Account,,,,64612.00 Cr
11-05-2026,Kedar Kirana Stor Benadamod,Sales,3565/2026-27,51595,
,Sales Account,,,,51595.00 Cr
11-05-2026,Shri Chand Pasu Aahar Malpura,Sales,3566/2026-27,116370,
,Sales Account,,,,116370.00 Cr
11-05-2026,Dinesh Kumar Tarun Kumar Bardana,Purchase,39,,6825
,Purchase Account,,,6500.00 Dr,
,CGST-Tax,,,162.50 Dr,
,SGST-Tax,,,162.50 Dr,
11-05-2026,SHRI RAM INDUSTRIES  (PHULERA),Purchase,40,,157914
,Purchase Account,,,157914.00 Dr,
12-05-2026,Wages Expenses A/C,Payment,137,7550,
,Cash,,,,7550.00 Cr
12-05-2026,Printing & Stationary,Payment,138,2350,
,Cash,,,,2350.00 Cr
12-05-2026,Arihant  Kumar Rahul Kumar  Medta Seety - S,Receipt,179,,246012
,HDFC Bank,,,246012.00 Dr,
12-05-2026,Shri Shyam Baat Bhandar (Bad Ke Bala Ji ),Receipt,180,,18638
,HDFC Bank,,,18638.00 Dr,
12-05-2026,Balaji Indastrises  Didwana,Receipt,181,,67571
,HDFC Bank,,,67571.00 Dr,
12-05-2026,Tarachand Ji -Yadav Khejroli,Receipt,182,,33700
,HDFC Bank,,,33700.00 Dr,
12-05-2026,Choudhary Pashu Aahar  Parbatsar,Receipt,183,,22600
,HDFC Bank,,,22600.00 Dr,
12-05-2026,Dugya Cattle Feed - Muhana,Receipt,184,,72715
,HDFC Bank,,,72715.00 Dr,
12-05-2026,Vinayak Genral Stor Ranwal,Receipt,185,,9000
,Cash,,,9000.00 Dr,
12-05-2026,Murlidhar Ji Yadav- Khejroli,Receipt,186,,5000
,Cash,,,5000.00 Dr,
12-05-2026,Jai Jagdamba Treding Company Nangal Bhirda,Receipt,187,,9500
,Cash,,,9500.00 Dr,
12-05-2026,Shyam Baat Bhandar - Kanwarpura,Receipt,188,,9500
,Cash,,,9500.00 Dr,
12-05-2026,Shri Vaibhav Metacast Pvt Ltd Unit,Sales,3567/2026-27,24920,
,Sales Account,,,,24920.00 Cr
12-05-2026,Shri Shyam Baat Bhandar (Bad Ke Bala Ji ),Sales,3568/2026-27,23450,
,Sales Account,,,,23450.00 Cr
12-05-2026,DILIP UDYOUG,Purchase,41,,41430
,Purchase Account,,,41430.00 Dr,
12-05-2026,Tha Karnal Coop Sugar Mills Haryana,Purchase,42,,634751
,Purchase Account,,,604524.50 Dr,
,IGST - Mollasses,,,30226.50 Dr,
13-05-2026,BUSINESS PROMOTION EXPENSES,Payment,139,44752,
,HDFC Bank,,,,44752.00 Cr
13-05-2026,Jhandewalas Foods Limited Jaipur,Payment,140,13000,
,HDFC Bank,,,,13000.00 Cr
13-05-2026,SHRI RAM INDUSTRIES  (PHULERA),Payment,141,157914,
,HDFC Bank,,,,157914.00 Cr
13-05-2026,Dinesh Kumar Tarun Kumar Bardana,Payment,142,6825,
,Punjab National Bank - New,,,,6825.00 Cr
13-05-2026,DILIP UDYOUG,Payment,143,79290,
,Punjab National Bank - New,,,,79290.00 Cr
13-05-2026,Brokrage,Payment,144,12107,
,Punjab National Bank - New,,,,12107.00 Cr
13-05-2026,Wages Expenses A/C,Payment,145,7650,
,Cash,,,,7650.00 Cr
13-05-2026,Machinery Reparing,Payment,146,2240,
,Cash,,,,2240.00 Cr
13-05-2026,Brokrage,Payment,147,500,
,HDFC Bank,,,,500.00 Cr
13-05-2026,G.K.N - Industries,Receipt,189,,95984
,HDFC Bank,,,95984.00 Dr,
13-05-2026,Yasika Agro Feed Industries Merta City,Receipt,190,,100000
,HDFC Bank,,,100000.00 Dr,
13-05-2026,Vinayak Genral Stor Ranwal,Receipt,191,,9000
,Cash,,,9000.00 Dr,
13-05-2026,Murlidhar Ji Yadav- Khejroli,Receipt,192,,5000
,Cash,,,5000.00 Dr,
13-05-2026,Jai Jagdamba Treding Company Nangal Bhirda,Receipt,193,,9500
,Cash,,,9500.00 Dr,
13-05-2026,Shyam Baat Bhandar - Kanwarpura,Receipt,194,,9500
,Cash,,,9500.00 Dr,
13-05-2026,Shri Shyam Treding Company Khejroli,Receipt,195,,9500
,Cash,,,9500.00 Dr,
13-05-2026,PRABHA MAHILA KISSAN PRODUSER KHANDER,Receipt,196,,30000
,HDFC Bank,,,30000.00 Dr,
13-05-2026,Manish Trandig Company,Sales,3569/2026-27,62796,
,Sales Account,,,,62796.00 Cr
13-05-2026,SHRI BALAJI ENTERPRISES-TIGARIYA,Sales,3570/2026-27,77069,
,Sales Account,,,,77069.00 Cr
14-05-2026,Wages Expenses A/C,Payment,148,6050,
,Cash,,,,6050.00 Cr
14-05-2026,Convence Expensece,Payment,149,3000,
,Cash,,,,3000.00 Cr
14-05-2026,Harsit Kotari,Receipt,197,,50000
,HDFC Bank,,,50000.00 Dr,
14-05-2026,Vinayak Genral Stor Ranwal,Receipt,198,,9000
,Cash,,,9000.00 Dr,
14-05-2026,Jai Jagdamba Treding Company Nangal Bhirda,Receipt,199,,9500
,Cash,,,9500.00 Dr,
14-05-2026,Shyam Baat Bhandar - Kanwarpura,Receipt,200,,9500
,Cash,,,9500.00 Dr,
14-05-2026,Shri Shyam Treding Company Khejroli,Receipt,201,,9500
,Cash,,,9500.00 Dr,
14-05-2026,G.K.N - Industries,Sales,3571/2026-27,45849,
,Sales Account,,,,45849.00 Cr
15-05-2026,Om Prakash Rajesh Kumar - Jaipur,Payment,150,116970,
,Punjab National Bank - New,,,,116970.00 Cr
15-05-2026,Wages Expenses A/C,Payment,151,7600,
,Cash,,,,7600.00 Cr
15-05-2026,Tour & Travel,Payment,152,2350,
,Cash,,,,2350.00 Cr
15-05-2026,M M Trading Company - Khejroli,Receipt,202,,27500
,HDFC Bank,,,27500.00 Dr,
15-05-2026,Vinayak Genral Stor Ranwal,Receipt,203,,9000
,Cash,,,9000.00 Dr,
15-05-2026,Jai Jagdamba Treding Company Nangal Bhirda,Receipt,204,,9500
,Cash,,,9500.00 Dr,
15-05-2026,Shyam Baat Bhandar - Kanwarpura,Receipt,205,,9500
,Cash,,,9500.00 Dr,
15-05-2026,Shri Shyam Treding Company Khejroli,Receipt,206,,9500
,Cash,,,9500.00 Dr,
15-05-2026,M M Trading Company - Khejroli,Sales,3572/2026-27,88375,
,Sales Account,,,,88375.00 Cr
15-05-2026,Tarachand Ji -Yadav Khejroli,Sales,3573/2026-27,48275,
,Sales Account,,,,48275.00 Cr
15-05-2026,Shyam Baat Bhandar - Kanwarpura,Sales,3574/2026-27,68425,
,Sales Account,,,,68425.00 Cr
15-05-2026,Jurashik Minral,Purchase,43,,29484
,Purchase Account,,,28080.00 Dr,
,CGST-Tax,,,702.00 Dr,
,SGST-Tax,,,702.00 Dr,
16-05-2026,Sehri Agro Oils Pvt Ltd  Kukar Kheda Mandi,Payment,153,63722,
,Punjab National Bank - New,,,,63722.00 Cr
16-05-2026,Wages Expenses A/C,Payment,154,7500,
,Cash,,,,7500.00 Cr
16-05-2026,Office Expenses,Payment,155,1650,
,Cash,,,,1650.00 Cr
16-05-2026,Vinayak Genral Stor Ranwal,Receipt,207,,5600
,Cash,,,5600.00 Dr,
16-05-2026,Jai Jagdamba Treding Company Nangal Bhirda,Receipt,208,,9500
,Cash,,,9500.00 Dr,
16-05-2026,Shyam Baat Bhandar - Kanwarpura,Receipt,209,,9500
,Cash,,,9500.00 Dr,
16-05-2026,Shri Shyam Treding Company Khejroli,Receipt,210,,9500
,Cash,,,9500.00 Dr,
16-05-2026,Ishwar and Company Surajpool,Receipt,211,,94500
,HDFC Bank,,,94500.00 Dr,
16-05-2026,Vinayak Brothers - Renwal,Sales,3575/2026-27,98510,
,Sales Account,,,,98510.00 Cr
16-05-2026,Ankit Trading Company Fulera,Sales,3576/2026-27,76225,
,Sales Account,,,,76225.00 Cr
16-05-2026,Laxmipati Traders,Sales,3577/2026-27,62780,
,Sales Account,,,,62780.00 Cr
16-05-2026,Maa Karni Baat Bhander Sodala,Sales,3578/2026-27,28720,
,Sales Account,,,,28720.00 Cr
16-05-2026,Murlidhar Ji Yadav- Khejroli,Sales,3579/2026-27,70500,
,Sales Account,,,,70500.00 Cr
17-05-2026,Goras Pashu Aahar - Udyog,Sales,3580/2026-27,243000,
,Sales Account,,,,243000.00 Cr
17-05-2026,Ishwar and Company Surajpool,Sales,3581/2026-27,88750,
,Sales Account,,,,88750.00 Cr
17-05-2026,J.S. Packers - Jaipur,Purchase,44,,8345
,Purchase Account,,,7072.00 Dr,
,CGST-Tax,,,636.50 Dr,
,SGST-Tax,,,636.50 Dr,
18-05-2026,Wages Expenses A/C,Payment,156,7450,
,Cash,,,,7450.00 Cr
18-05-2026,Tour & Travel,Payment,157,1000,
,Cash,,,,1000.00 Cr
18-05-2026,Yasika Agro Feed Industries Merta City,Receipt,212,,90000
,HDFC Bank,,,90000.00 Dr,
18-05-2026,Maa Karni Baat Bhander Sodala,Receipt,213,,28720
,HDFC Bank,,,28720.00 Dr,
18-05-2026,Shiv Trading Comnay Vatika,Receipt,214,,81549
,HDFC Bank,,,81549.00 Dr,
18-05-2026,Vinayak Genral Stor Ranwal,Receipt,215,,10000
,HDFC Bank,,,10000.00 Dr,
18-05-2026,Vinayak Genral Stor Ranwal,Receipt,216,,5000
,HDFC Bank,,,5000.00 Dr,
18-05-2026,Harsit Kotari,Receipt,217,,50000
,HDFC Bank,,,50000.00 Dr,
18-05-2026,Jai Jagdamba Treding Company Nangal Bhirda,Receipt,218,,7890
,Cash,,,7890.00 Dr,
18-05-2026,Shyam Baat Bhandar - Kanwarpura,Receipt,219,,9500
,Cash,,,9500.00 Dr,
18-05-2026,Satyenarayan Kunj Bihari  Ude,Receipt,220,,9000
,Cash,,,9000.00 Dr,
18-05-2026,M Choudhry Trading Company - Jalpali,Sales,3582/2026-27,64100,
,Sales Account,,,,64100.00 Cr
18-05-2026,Anjani Trading Company  -(Beawar),Sales,3583/2026-27,354841,
,Sales Account,,,,354841.00 Cr
19-05-2026,Wages Expenses A/C,Payment,158,7550,
,Cash,,,,7550.00 Cr
19-05-2026,Convence Expensece,Payment,159,2200,
,Cash,,,,2200.00 Cr
19-05-2026,Ishwar and Company Surajpool,Receipt,221,,88987
,Ishwar and Company Surajpool,,,,94500.00 Cr
,HDFC Bank,,,183487.00 Dr,
19-05-2026,Maruti Trading Company Kalwar,Receipt,222,,58450
,HDFC Bank,,,58450.00 Dr,
19-05-2026,Shyam Baat Bhandar - Kanwarpura,Receipt,223,,2700
,Cash,,,2700.00 Dr,
19-05-2026,Satyenarayan Kunj Bihari  Ude,Receipt,224,,9000
,Cash,,,9000.00 Dr,
19-05-2026,Vinayak Genral Stor Ranwal,Sales,3584/2026-27,70063,
,Sales Account,,,,70063.00 Cr
19-05-2026,Jain & Brothers - Muhana Mandi,Sales,3585/2026-27,69128,
,Sales Account,,,,69128.00 Cr
19-05-2026,Vibhuti Foods Up,Purchase,45,,899766
,Purchase Account,,,899766.00 Dr,
20-05-2026,DILIP UDYOUG,Payment,160,41430,
,Punjab National Bank - New,,,,41430.00 Cr
20-05-2026,Office Expenses,Payment,161,68500,
,Punjab National Bank - New,,,,68500.00 Cr
20-05-2026,Wages Expenses A/C,Payment,162,7400,
,Cash,,,,7400.00 Cr
20-05-2026,Harsit Kotari,Receipt,225,,50000
,HDFC Bank,,,50000.00 Dr,
20-05-2026,Satyenarayan Kunj Bihari  Ude,Receipt,226,,15000
,HDFC Bank,,,15000.00 Dr,
20-05-2026,Shri Shyam Baat Bhandar (Bad Ke Bala Ji ),Receipt,227,,19250
,HDFC Bank,,,19250.00 Dr,
20-05-2026,Satyenarayan Kunj Bihari  Ude,Receipt,228,,6000
,Cash,,,6000.00 Dr,
20-05-2026,Vishnu Dairy Lalchandpura,Sales,3586/2026-27,76625,
,Sales Account,,,,76625.00 Cr
20-05-2026,Ganesh Pashuahar Chaksu,Sales,3587/2026-27,118584,
,Sales Account,,,,118584.00 Cr
21-05-2026,Wages Expenses A/C,Payment,163,7600,
,Cash,,,,7600.00 Cr
21-05-2026,Machinery Reparing,Payment,164,2110,
,Cash,,,,2110.00 Cr
21-05-2026,G.K.N - Industries,Receipt,229,,60000
,HDFC Bank,,,60000.00 Dr,
21-05-2026,S Kumar & Company - Navalgarh,Receipt,230,,40000
,HDFC Bank,,,40000.00 Dr,
21-05-2026,Yasika Agro Feed Industries Merta City,Receipt,231,,100000
,HDFC Bank,,,100000.00 Dr,
21-05-2026,Jain & Brothers - Muhana Mandi,Receipt,232,,64612
,HDFC Bank,,,64612.00 Dr,
21-05-2026,Shri Balaji Trading Company Kotputli,Receipt,233,,87000
,Shri Balaji Trading Company Kotputli,,,,100.00 Cr
,HDFC Bank,,,87100.00 Dr,
21-05-2026,Madan Mohan Trading Watika,Receipt,234,,74419
,Punjab National Bank - New,,,74419.00 Dr,
21-05-2026,Pashupati Trading Company,Receipt,235,,69674
,Punjab National Bank - New,,,69674.00 Dr,
21-05-2026,Balaji Trading  Company  - Lalshot,Sales,3588/2026-27,84888,
,Sales Account,,,,84888.00 Cr
21-05-2026,Pashupati Trading Company,Sales,3589/2026-27,67400,
,Sales Account,,,,67400.00 Cr
21-05-2026,Jain & Brothers - Muhana Mandi,Sales,3590/2026-27,67963,
,Sales Account,,,,67963.00 Cr
21-05-2026,Shri Balaji Trading Company Kotputli,Sales,3591/2026-27,87759,
,Sales Account,,,,87759.00 Cr
21-05-2026,Balaji Indastrises  Didwana,Sales,3592/2026-27,121150,
,Sales Account,,,,121150.00 Cr
21-05-2026,Madhukar Industries Jodhpur,Purchase,46,,143616
,Purchase Account,,,143616.00 Dr,
21-05-2026,SHRI RAM INDUSTRIES  (PHULERA),Purchase,47,,161648
,Purchase Account,,,161648.00 Dr,
21-05-2026,Jai Shanker Rice and  Gen Mill,Purchase,48,,695620
,Purchase Account,,,695620.00 Dr,
22-05-2026,Jai Shanker Rice and  Gen Mill,Payment,165,695620,
,HDFC Bank,,,,695620.00 Cr
22-05-2026,SHRI RAM INDUSTRIES  (PHULERA),Payment,166,161648,
,HDFC Bank,,,,161648.00 Cr
22-05-2026,Vibhuti Foods Up,Payment,167,896776,
,HDFC Bank,,,,896776.00 Cr
22-05-2026,Wages Expenses A/C,Payment,168,7500,
,Cash,,,,7500.00 Cr
22-05-2026,G.K.N - Industries,Receipt,236,,32298
,HDFC Bank,,,32298.00 Dr,
22-05-2026,Choudhary Pashu Aahar  Parbatsar,Receipt,237,,75000
,HDFC Bank,,,75000.00 Dr,
22-05-2026,SHRI BALAJI ENTERPRISES-TIGARIYA,Receipt,238,,70000
,HDFC Bank,,,70000.00 Dr,
22-05-2026,Anukumar Mukesh Kumar Malpura,Receipt,239,,65150
,Punjab National Bank - New,,,65150.00 Dr,
22-05-2026,Balaji Trading  Company  - Lalshot,Receipt,240,,84888
,HDFC Bank,,,84888.00 Dr,
22-05-2026,Harsit Kotari,Receipt,241,,45000
,HDFC Bank,,,45000.00 Dr,
22-05-2026,Ankit Trading Company Fulera,Receipt,242,,70804
,HDFC Bank,,,70804.00 Dr,
22-05-2026,Shri Chand Pasu Aahar Malpura,Receipt,243,,202272
,HDFC Bank,,,202272.00 Dr,
22-05-2026,Ramnarayan Ji Yadev  Dhanota,Receipt,244,,58750
,HDFC Bank,,,58750.00 Dr,
22-05-2026,Khandelwal Kirana  Store - Nindar,Sales,3593/2026-27,31600,
,Sales Account,,,,31600.00 Cr
22-05-2026,Arihant  Kumar Rahul Kumar  Medta Seety - S,Sales,3594/2026-27,242110,
,Sales Account,,,,242110.00 Cr
22-05-2026,Ram Singh Rajawat,Purchase,49,,58069
,Purchase Account,,,58069.00 Dr,
22-05-2026,Agri Channel Overseas,Purchase,50,,592860
,Purchase Account,,,564629.00 Dr,
,CGST-Tax,,,14115.50 Dr,
,SGST-Tax,,,14115.50 Dr,
23-05-2026,Wages Expenses A/C,Payment,169,7650,
,Cash,,,,7650.00 Cr
23-05-2026,Tour & Travel,Payment,170,2150,
,Cash,,,,2150.00 Cr
23-05-2026,Tarachand Ji -Yadav Khejroli,Receipt,245,,30000
,HDFC Bank,,,30000.00 Dr,
23-05-2026,Ishwar and Company Surajpool,Receipt,246,,94500
,HDFC Bank,,,94500.00 Dr,
23-05-2026,Goras Pashu Aahar - Udyog,Receipt,247,,243000
,HDFC Bank,,,243000.00 Dr,
23-05-2026,Ishwar and Company Surajpool,Sales,3595/2026-27,88750,
,Sales Account,,,,88750.00 Cr
23-05-2026,Ankit Trading Company Fulera,Sales,3596/2026-27,68858,
,Sales Account,,,,68858.00 Cr
23-05-2026,Sadha Shiv Jyotiling Mahadav Mandir,Sales,3597/2026-27,58800,
,Sales Account,,,,58800.00 Cr
23-05-2026,Shri Shyam Baat Bhandar (Bad Ke Bala Ji ),Sales,3598/2026-27,18097,
,Sales Account,,,,18097.00 Cr
23-05-2026,G.K.N - Industries,Sales,3599/2026-27,54166,
,Sales Account,,,,54166.00 Cr
23-05-2026,Choudhary Pashu Aahar  Parbatsar,Sales,3600/2026-27,97660,
,Sales Account,,,,97660.00 Cr
23-05-2026,J.S. Packers - Jaipur,Purchase,51,,2516
,Purchase Account,,,2132.00 Dr,
,CGST-Tax,,,192.00 Dr,
,SGST-Tax,,,192.00 Dr,
23-05-2026,DILIP UDYOUG,Purchase,52,,41430
,Purchase Account,,,41430.00 Dr,
24-05-2026,Ishwar and Company Surajpool,Sales,3601/2026-27,50588,
,Sales Account,,,,50588.00 Cr
25-05-2026,BUSINESS PROMOTION EXPENSES,Payment,171,44752,
,HDFC Bank,,,,44752.00 Cr
25-05-2026,Wages Expenses A/C,Payment,172,7600,
,Cash,,,,7600.00 Cr
25-05-2026,Office Expenses,Payment,173,2350,
,Cash,,,,2350.00 Cr
25-05-2026,Harsit Kotari,Receipt,248,,28000
,HDFC Bank,,,28000.00 Dr,
25-05-2026,M/s Arihant Traders,Receipt,249,,12470
,M/s Arihant Traders,,,,200.00 Cr
,HDFC Bank,,,12670.00 Dr,
25-05-2026,Ishwar and Company Surajpool,Receipt,250,,78750
,HDFC Bank,,,78750.00 Dr,
25-05-2026,Yasika Agro Feed Industries Merta City,Receipt,251,,40000
,HDFC Bank,,,40000.00 Dr,
25-05-2026,M Choudhry Trading Company - Jalpali,Receipt,252,,59600
,HDFC Bank,,,59600.00 Dr,
25-05-2026,Maa Karni Baat Bhander Sodala,Receipt,253,,9000
,Cash,,,9000.00 Dr,
25-05-2026,Ishwar and Company Surajpool,Receipt,254,,66150
,HDFC Bank,,,66150.00 Dr,
25-05-2026,Moti Ratan Trading Company Bhilwara,Receipt,255,,20000
,HDFC Bank,,,20000.00 Dr,
25-05-2026,Maa Karni Baat Bhander Sodala,Sales,3602/2026-27,22455,
,Sales Account,,,,22455.00 Cr
25-05-2026,Uttam Agencies Sambriya,Sales,3603/2026-27,55450,
,Sales Account,,,,55450.00 Cr
25-05-2026,M/s Arihant Traders,Sales,3604/2026-27,12670,
,Sales Account,,,,12670.00 Cr
25-05-2026,M/s Arihant Traders,Sales,3605/2026-27,282750,
,Sales Account,,,,282750.00 Cr
25-05-2026,S M Sales Corporation  Jaipur,Purchase,53,,40312
,Purchase Account,,,40312.00 Dr,
25-05-2026,Agersain Trading Company Sanganer,Purchase,54,,290178
,Purchase Account,,,290178.00 Dr,
25-05-2026,S.S.Indurest,Purchase,55,,256525
,Purchase Account,,,256525.00 Dr,
25-05-2026,Sehri Agro Oils Pvt Ltd  Kukar Kheda Mandi,Purchase,56,,16600
,Purchase Account,,,16600.00 Dr,
26-05-2026,Telephone Exp,Payment,174,1049,
,HDFC Bank,,,,1049.00 Cr
26-05-2026,Brokrage,Payment,175,2420,
,Punjab National Bank - New,,,,2420.00 Cr
26-05-2026,Wages Expenses A/C,Payment,176,7550,
,Cash,,,,7550.00 Cr
26-05-2026,Machinery Reparing,Payment,177,1640,
,Cash,,,,1640.00 Cr
26-05-2026,Maa Karni Baat Bhander Sodala,Receipt,256,,9000
,Cash,,,9000.00 Dr,
26-05-2026,G.K.N - Industries,Receipt,257,,50000
,HDFC Bank,,,50000.00 Dr,
26-05-2026,Shri Shyam Baat Bhandar (Bad Ke Bala Ji ),Receipt,258,,23450
,HDFC Bank,,,23450.00 Dr,
26-05-2026,Dinesh Baat Bhandar  (Dhabash),Sales,3606/2026-27,13875,
,Sales Account,,,,13875.00 Cr
27-05-2026,Wages Expenses A/C,Payment,178,7500,
,Cash,,,,7500.00 Cr
27-05-2026,Tour & Travel,Payment,179,1440,
,Cash,,,,1440.00 Cr
27-05-2026,Maa Karni Baat Bhander Sodala,Receipt,259,,4455
,Cash,,,4455.00 Dr,
27-05-2026,Dinesh Baat Bhandar  (Dhabash),Receipt,260,,26700
,HDFC Bank,,,26700.00 Dr,
27-05-2026,Shri Shyam Baat Bhandar (Bad Ke Bala Ji ),Sales,3607/2026-27,18207,
,Sales Account,,,,18207.00 Cr
27-05-2026,M/////s Bhole Baba Traders Kaushambi Up,Purchase,57,,281082
,Purchase Account,,,281082.00 Dr,
27-05-2026,Jaipur Packers - Rajasthan,Purchase,58,,49303
,Purchase Account,,,41782.00 Dr,
,CGST-Tax,,,3760.50 Dr,
,SGST-Tax,,,3760.50 Dr,
28-05-2026,Wages Expenses A/C,Payment,180,6300,
,Cash,,,,6300.00 Cr
28-05-2026,Ishwar and Company Surajpool,Sales,3608/2026-27,88750,
,Sales Account,,,,88750.00 Cr
28-05-2026,DILIP UDYOUG,Purchase,59,,69052
,Purchase Account,,,69052.00 Dr,
28-05-2026,DILIP UDYOUG,Purchase,60,,41430
,Purchase Account,,,41430.00 Dr,
28-05-2026,Jhandewalas Foods Limited Jaipur,Purchase,61,,3679
,Purchase Account,,,3679.00 Dr,
28-05-2026,Nirmal Traders Gonda Up,Purchase,62,,842553
,Purchase Account,,,842553.00 Dr,
29-05-2026,Agersain Trading Company Sanganer,Payment,181,290178,
,HDFC Bank,,,,290178.00 Cr
29-05-2026,Agri Channel Overseas,Payment,182,592860,
,HDFC Bank,,,,592860.00 Cr
29-05-2026,BANK  EXPENSES- PNB BANK,Payment,183,17.41,
,Punjab National Bank - New,,,,17.41 Cr
29-05-2026,Madhukar Industries Jodhpur,Payment,184,142164,
,Punjab National Bank - New,,,,142164.00 Cr
29-05-2026,Ram Singh Rajawat,Payment,185,58069,
,Punjab National Bank - New,,,,58069.00 Cr
29-05-2026,S M Sales Corporation  Jaipur,Payment,186,40312,
,Punjab National Bank - New,,,,40312.00 Cr
29-05-2026,Wages Expenses A/C,Payment,187,7650,
,Cash,,,,7650.00 Cr
29-05-2026,Anjani Trading Company  -(Beawar),Receipt,261,,354841
,HDFC Bank,,,354841.00 Dr,
29-05-2026,Jain & Brothers - Muhana Mandi,Receipt,262,,64612
,HDFC Bank,,,64612.00 Dr,
29-05-2026,Nagarmal Pramod Kumar - Chidawa,Sales,3609/2026-27,47040,
,Sales Account,,,,47040.00 Cr
29-05-2026,"Kailash Chand Deen Dayal - Kasera, Shreemodhopur",Sales,3610/2026-27,61210,
,Sales Account,,,,61210.00 Cr
29-05-2026,Arihant  Kumar Rahul Kumar  Medta Seety - S,Sales,3611/2026-27,81270,
,Sales Account,,,,81270.00 Cr
29-05-2026,Yasika Agro Feed Industries Merta City,Sales,3612/2026-27,373930,
,Sales Account,,,,373930.00 Cr
30-05-2026,DILIP UDYOUG,Payment,188,41430,
,Punjab National Bank - New,,,,41430.00 Cr
30-05-2026,Car Loan - Hyrider,Payment,189,48357,
,Punjab National Bank - New,,,,48357.00 Cr
30-05-2026,Wages Expenses A/C,Payment,190,7550,
,Cash,,,,7550.00 Cr
30-05-2026,Convence Expensece,Payment,191,2400,
,Cash,,,,2400.00 Cr
30-05-2026,Ankit Trading Company Fulera,Receipt,263,,76338
,HDFC Bank,,,76338.00 Dr,
30-05-2026,Yasika Agro Feed Industries Merta City,Receipt,264,,120000
,HDFC Bank,,,120000.00 Dr,
30-05-2026,Prakash Enterprises - Phulera,Receipt,265,,69270
,HDFC Bank,,,69270.00 Dr,
30-05-2026,Shri Shyam Treding Company Khejroli,Receipt,266,,40750
,HDFC Bank,,,40750.00 Dr,
30-05-2026,Sadha Shiv Jyotiling Mahadav Mandir,Receipt,267,,58800
,HDFC Bank,,,58800.00 Dr,
30-05-2026,"Kailash Chand Deen Dayal - Kasera, Shreemodhopur",Receipt,268,,61210
,Punjab National Bank - New,,,61210.00 Dr,
30-05-2026,Ankit Trading Company Fulera,Sales,3613/2026-27,48035,
,Sales Account,,,,48035.00 Cr
31-05-2026,Babulal Ji Yadav - Mahaswas,Receipt,269,,69000
,HDFC Bank,,,69000.00 Dr,
01-06-2026,Sehri Agro Oils Pvt Ltd  Kukar Kheda Mandi,Payment,192,16600,
,Punjab National Bank - New,,,,16600.00 Cr
01-06-2026,M/////s Bhole Baba Traders Kaushambi Up,Payment,193,281082,
,HDFC Bank,,,,281082.00 Cr
01-06-2026,S.S.Indurest,Payment,194,256525,
,HDFC Bank,,,,256525.00 Cr
01-06-2026,Wages Expenses A/C,Payment,195,7650,
,Cash,,,,7650.00 Cr
01-06-2026,Tour & Travel,Payment,196,2200,
,Cash,,,,2200.00 Cr
01-06-2026,Convence Expensece,Payment,197,4519,
,Cash,,,,4519.00 Cr
01-06-2026,Nagarmal Pramod Kumar - Chidawa,Receipt,270,,47040
,Punjab National Bank - New,,,47040.00 Dr,
01-06-2026,Godha Enterprises (Hingoniya),Receipt,271,,92000
,HDFC Bank,,,92000.00 Dr,
01-06-2026,Mamraj Treding Company Khejroli,Receipt,272,,9500
,Cash,,,9500.00 Dr,
01-06-2026,Murlidhar Ji Yadav- Khejroli,Receipt,273,,9000
,Cash,,,9000.00 Dr,
01-06-2026,Rakesh Kirana Store - Khejroli,Receipt,274,,9000
,Cash,,,9000.00 Dr,
01-06-2026,Rajendra Kumar Pawan Kumar Fhagi,Sales,3614/2026-27,75160,
,Sales Account,,,,75160.00 Cr
01-06-2026,Deepak Trading Compay   Hingoniya,Sales,3617/2026-27,92000,
,Sales Account,,,,92000.00 Cr
01-06-2026,Balaji Packers - Jaipur,Purchase,63,,91166
,Purchase Account,,,77259.00 Dr,
,CGST-Tax,,,6953.50 Dr,
,SGST-Tax,,,6953.50 Dr,
02-06-2026,J.S. Packers - Jaipur,Payment,198,9900,
,Punjab National Bank - New,,,,9900.00 Cr
02-06-2026,DILIP UDYOUG,Payment,199,69052,
,Punjab National Bank - New,,,,69052.00 Cr
02-06-2026,Brokrage,Payment,200,890,
,HDFC Bank,,,,890.00 Cr
02-06-2026,Wages Expenses A/C,Payment,201,7750,
,Cash,,,,7750.00 Cr
02-06-2026,Tour & Travel,Payment,202,1000,
,Cash,,,,1000.00 Cr
02-06-2026,Shri Balaji Trading Company Kotputli,Receipt,275,,4455
,Shri Balaji Trading Company Kotputli,,,,500.00 Cr
,Shri Balaji Trading Company Kotputli,,,,56000.00 Cr
,HDFC Bank,,,60955.00 Dr,
02-06-2026,Balaji Indastrises  Didwana,Receipt,276,,121100
,HDFC Bank,,,121100.00 Dr,
02-06-2026,M/s Arihant Traders,Receipt,277,,50000
,HDFC Bank,,,50000.00 Dr,
02-06-2026,Jain & Brothers - Muhana Mandi,Receipt,278,,64612
,HDFC Bank,,,64612.00 Dr,
02-06-2026,Mehta Baat Bhandhar - GovindPura,Receipt,279,,57570
,HDFC Bank,,,57570.00 Dr,
02-06-2026,Maa Karni Baat Bhander Sodala,Receipt,280,,9500
,Cash,,,9500.00 Dr,
02-06-2026,Mamraj Treding Company Khejroli,Receipt,281,,9500
,Cash,,,9500.00 Dr,
02-06-2026,Murlidhar Ji Yadav- Khejroli,Receipt,282,,9000
,Cash,,,9000.00 Dr,
02-06-2026,Rakesh Kirana Store - Khejroli,Receipt,283,,9000
,Cash,,,9000.00 Dr,
02-06-2026,M M Trading Company - Khejroli,Sales,3618/2026-27,88375,
,Sales Account,,,,88375.00 Cr
02-06-2026,Maa Karni Baat Bhander Sodala,Sales,3619/2026-27,28090,
,Sales Account,,,,28090.00 Cr
02-06-2026,G.K.N - Industries,Sales,3620/2026-27,77380,
,Sales Account,,,,77380.00 Cr
02-06-2026,Shri Balaji Trading Company Kotputli,Sales,3621/2026-27,57550,
,Sales Account,,,,57550.00 Cr
02-06-2026,Shri Balaji Trading Company Kotputli,Sales,3622/2026-27,4455,
,Sales Account,,,,4455.00 Cr
02-06-2026,Jai Shanker Rice and  Gen Mill,Purchase,64,,723675
,Purchase Account,,,723675.00 Dr,
03-06-2026,Wages Expenses A/C,Payment,203,7550,
,Cash,,,,7550.00 Cr
03-06-2026,Tour & Travel,Payment,204,3140,
,Cash,,,,3140.00 Cr
03-06-2026,Choudhary Pashu Aahar  Parbatsar,Receipt,284,,27065
,HDFC Bank,,,27065.00 Dr,
03-06-2026,Rajendra Kumar Pawan Kumar Fhagi,Receipt,285,,75160
,HDFC Bank,,,75160.00 Dr,
03-06-2026,Shri Shyam Baat Bhandar (Bad Ke Bala Ji ),Receipt,286,,18097
,HDFC Bank,,,18097.00 Dr,
03-06-2026,Maa Karni Baat Bhander Sodala,Receipt,287,,9500
,Cash,,,9500.00 Dr,
03-06-2026,Mamraj Treding Company Khejroli,Receipt,288,,9500
,Cash,,,9500.00 Dr,
03-06-2026,Murlidhar Ji Yadav- Khejroli,Receipt,289,,9000
,Cash,,,9000.00 Dr,
03-06-2026,Rakesh Kirana Store - Khejroli,Receipt,290,,9000
,Cash,,,9000.00 Dr,
03-06-2026,Shri Shyam Baat Bhandar (Bad Ke Bala Ji ),Sales,3623/2026-27,18078,
,Sales Account,,,,18078.00 Cr
03-06-2026,Dugya Cattle Feed - Muhana,Sales,3624/2026-27,71250,
,Sales Account,,,,71250.00 Cr
03-06-2026,Goyal Treders Fhagi,Sales,3625/2026-27,92070,
,Sales Account,,,,92070.00 Cr
03-06-2026,Nath Solvent Extractions Pvt Ltd Haryana,Purchase,65,,892540
,Purchase Account,,,850039.00 Dr,
,IGST-Tax,,,42501.00 Dr,
04-06-2026,Convence Expensece,Payment,205,3000,
,Cash,,,,3000.00 Cr
04-06-2026,Wages Expenses A/C,Payment,206,7600,
,Cash,,,,7600.00 Cr
04-06-2026,PRABHA MAHILA KISSAN PRODUSER KHANDER,Receipt,291,,50000
,HDFC Bank,,,50000.00 Dr,
04-06-2026,Dugya Cattle Feed - Muhana,Receipt,292,,76750
,HDFC Bank,,,76750.00 Dr,
04-06-2026,Maa Karni Baat Bhander Sodala,Receipt,293,,9090
,Cash,,,9090.00 Dr,
04-06-2026,Mamraj Treding Company Khejroli,Receipt,294,,9500
,Cash,,,9500.00 Dr,
04-06-2026,Murlidhar Ji Yadav- Khejroli,Receipt,295,,8000
,Cash,,,8000.00 Dr,
04-06-2026,Maruti Trading Company Kalwar,Sales,3626/2026-27,49275,
,Sales Account,,,,49275.00 Cr
04-06-2026,Rakesh Kirana Store - Khejroli,Sales,3627/2026-27,37265,
,Sales Account,,,,37265.00 Cr
04-06-2026,Jain & Brothers - Muhana Mandi,Sales,3628/2026-27,73452,
,Sales Account,,,,73452.00 Cr
04-06-2026,Jain & Brothers - Muhana Mandi,Sales,3629/2026-27,71864,
,Sales Account,,,,71864.00 Cr
05-06-2026,Jhandewalas Foods Limited Jaipur,Payment,207,3679,
,Punjab National Bank - New,,,,3679.00 Cr
05-06-2026,Jai Shanker Rice and  Gen Mill,Payment,208,723675,
,HDFC Bank,,,,723675.00 Cr
05-06-2026,Office Expenses,Payment,209,1990,
,Cash,,,,1990.00 Cr
05-06-2026,Machinery Reparing,Payment,210,1610,
,Cash,,,,1610.00 Cr
05-06-2026,Wages Expenses A/C,Payment,211,7600,
,Cash,,,,7600.00 Cr
05-06-2026,Mamraj Treding Company Khejroli,Receipt,296,,9500
,Cash,,,9500.00 Dr,
05-06-2026,Rakesh Kirana Store - Khejroli,Receipt,297,,9000
,Cash,,,9000.00 Dr,
05-06-2026,Khandelwal Kirana  Store - Nindar,Receipt,298,,9500
,Cash,,,9500.00 Dr,
05-06-2026,Shri Shyam Baat Bhandar (Bad Ke Bala Ji ),Receipt,299,,18207
,HDFC Bank,,,18207.00 Dr,
05-06-2026,Ganesh Pashuahar Chaksu,Receipt,300,,200000
,HDFC Bank,,,200000.00 Dr,
05-06-2026,Krishna Baat Bhandhar- Sirsi Mode,Sales,3630/2026-27,28140,
,Sales Account,,,,28140.00 Cr
05-06-2026,Shiv Trading Comnay Vatika,Sales,3631/2026-27,86180,
,Sales Account,,,,86180.00 Cr
05-06-2026,Shri Shyam Baat Bhandar (Bad Ke Bala Ji ),Sales,3632/2026-27,19071,
,Sales Account,,,,19071.00 Cr
06-06-2026,Printing & Stationary,Payment,212,2430,
,Cash,,,,2430.00 Cr
06-06-2026,Wages Expenses A/C,Payment,213,7500,
,Cash,,,,7500.00 Cr
06-06-2026,Arihant  Kumar Rahul Kumar  Medta Seety - S,Receipt,301,,79688
,HDFC Bank,,,79688.00 Dr,
06-06-2026,Arihant  Kumar Rahul Kumar  Medta Seety - S,Receipt,302,,242155
,HDFC Bank,,,242155.00 Dr,
06-06-2026,SHRI BALAJI ENTERPRISES-TIGARIYA,Receipt,303,,70000
,HDFC Bank,,,70000.00 Dr,
06-06-2026,M/s Arihant Traders,Receipt,304,,50000
,HDFC Bank,,,50000.00 Dr,
06-06-2026,Mamraj Treding Company Khejroli,Receipt,305,,9500
,Cash,,,9500.00 Dr,
06-06-2026,Rakesh Kirana Store - Khejroli,Receipt,306,,1925
,Cash,,,1925.00 Dr,
06-06-2026,Khandelwal Kirana  Store - Nindar,Receipt,307,,9500
,Cash,,,9500.00 Dr,
06-06-2026,Discount Given,Journal,1,2628,
,Arihant  Kumar Rahul Kumar  Medta Seety - S,,,,2628.00 Cr
06-06-2026,SHRI BALAJI ENTERPRISES-TIGARIYA,Sales,3633/2026-27,73322,
,Sales Account,,,,73322.00 Cr
06-06-2026,Ganesh Pashuahar Chaksu,Sales,3634/2026-27,121945,
,Sales Account,,,,121945.00 Cr
06-06-2026,Ishwar and Company Surajpool,Sales,3635/2026-27,88750,
,Sales Account,,,,88750.00 Cr
06-06-2026,M R Indestrees Jaipur,Purchase,66,,36432
,Purchase Account,,,36432.00 Dr,
06-06-2026,Bina Enterprises - Jaipur,Purchase,67,,163508
,Purchase Account,,,163508.00 Dr,
07-06-2026,Khandelwal Kirana  Store - Nindar,Receipt,308,,9500
,Cash,,,9500.00 Dr,
08-06-2026,Convence Expensece,Payment,214,2000,
,Cash,,,,2000.00 Cr
08-06-2026,Wages Expenses A/C,Payment,215,7600,
,Cash,,,,7600.00 Cr
08-06-2026,Nilesh Kumar Khandelwal,Payment,216,9500,
,Vijay Kumar Khandelwal,,,9500.00 Dr,
,Priyanka Devi Khandelwal,,,9500.00 Dr,
,Vishnu Gupta,,,9500.00 Dr,
,Nitesh,,,9500.00 Dr,
,Pradeep Kumar Gupta,,,9500.00 Dr,
,Raju Lal Ji,,,9500.00 Dr,
,Raju Mistri,,,9500.00 Dr,
,Cash,,,,76000.00 Cr
08-06-2026,Shri Hari Shanker Khandelwal,Payment,217,9000,
,Cash,,,,9000.00 Cr
08-06-2026,Yasika Agro Feed Industries Merta City,Receipt,309,,90000
,HDFC Bank,,,90000.00 Dr,
08-06-2026,Khandelwal Kirana  Store - Nindar,Receipt,310,,3100
,Cash,,,3100.00 Dr,
08-06-2026,Maa Karni Baat Bhander Sodala,Receipt,311,,9000
,Cash,,,9000.00 Dr,
09-06-2026,DILIP UDYOUG,Payment,218,41430,
,Punjab National Bank - New,,,,41430.00 Cr
09-06-2026,Electricity and Water Expenses,Payment,219,86641,
,HDFC Bank,,,,86641.00 Cr
09-06-2026,Nirmal Traders Gonda Up,Payment,220,839201,
,HDFC Bank,,,,839201.00 Cr
09-06-2026,Tour & Travel,Payment,221,4000,
,Cash,,,,4000.00 Cr
09-06-2026,Wages Expenses A/C,Payment,222,7550,
,Cash,,,,7550.00 Cr
09-06-2026,Nilesh Kumar Khandelwal,Payment,223,9500,
,Vijay Kumar Khandelwal,,,9500.00 Dr,
,Priyanka Devi Khandelwal,,,8000.00 Dr,
,Pradeep Kumar Gupta,,,8500.00 Dr,
,Raju Lal Gupta,,,4500.00 Dr,
,Vishnu Gupta,,,9500.00 Dr,
,Nitesh,,,9500.00 Dr,
,Raju Mistri,,,8000.00 Dr,
,Cash,,,,67000.00 Cr
09-06-2026,Shri Govind Yadav Hirapura,Payment,224,26675,
,HDFC Bank,,,,26675.00 Cr
09-06-2026,Mamraj Treding Company Khejroli,Receipt,312,,9500
,Cash,,,9500.00 Dr,
09-06-2026,Maa Karni Baat Bhander Sodala,Receipt,313,,9000
,Cash,,,9000.00 Dr,
09-06-2026,Ishwar and Company Surajpool,Receipt,314,,94500
,HDFC Bank,,,94500.00 Dr,
09-06-2026,Uttam Agencies Sambriya,Receipt,315,,21100
,Uttam Agencies Sambriya,,,,18695.00 Cr
,Punjab National Bank - New,,,39795.00 Dr,
09-06-2026,"Kailash Chand Deen Dayal - Kasera, Shreemodhopur",Sales,3637/2026-27,61060,
,Sales Account,,,,61060.00 Cr
09-06-2026,Maa Karni Baat Bhander Sodala,Sales,3636/2026-27,20280,
,Sales Account,,,,20280.00 Cr
10-06-2026,M R Indestrees Jaipur,Payment,225,36432,
,HDFC Bank,,,,36432.00 Cr
10-06-2026,Fright Exp,Payment,226,49000,
,HDFC Bank,,,,49000.00 Cr
10-06-2026,Tour & Travel,Payment,227,2060,
,Cash,,,,2060.00 Cr
10-06-2026,Office Expenses,Payment,228,2340,
,Cash,,,,2340.00 Cr
10-06-2026,Wages Expenses A/C,Payment,229,7650,
,Cash,,,,7650.00 Cr
10-06-2026,Shri Shyam Baat Bhandar (Bad Ke Bala Ji ),Receipt,316,,18978
,HDFC Bank,,,18978.00 Dr,
10-06-2026,Mamraj Treding Company Khejroli,Receipt,317,,9500
,Cash,,,9500.00 Dr,
10-06-2026,Ankit Trading Company Fulera,Receipt,318,,72543
,HDFC Bank,,,72543.00 Dr,
10-06-2026,Maa Karni Baat Bhander Sodala,Receipt,319,,2280
,Cash,,,2280.00 Dr,
10-06-2026,Manish Trandig Company,Receipt,320,,9500
,Cash,,,9500.00 Dr,
10-06-2026,Shri Shyam Baat Bhandar (Bad Ke Bala Ji ),Sales,3638/2026-27,13987,
,Sales Account,,,,13987.00 Cr
10-06-2026,Ishwar and Company Surajpool,Sales,3639/2026-27,110937,
,Sales Account,,,,110937.00 Cr
10-06-2026,Balaji Trading  Company  - Lalshot,Sales,3640/2026-27,82272,
,Sales Account,,,,82272.00 Cr
10-06-2026,G.K.N - Industries,Sales,3641/2026-27,51925,
,Sales Account,,,,51925.00 Cr
10-06-2026,J.S. Packers - Jaipur,Purchase,68,,31435
,Purchase Account,,,26640.00 Dr,
,CGST-Tax,,,2397.50 Dr,
,SGST-Tax,,,2397.50 Dr,
11-06-2026,Office Expenses,Payment,230,1150,
,Cash,,,,1150.00 Cr
11-06-2026,Machinery Reparing,Payment,231,2660,
,Cash,,,,2660.00 Cr
11-06-2026,Wages Expenses A/C,Payment,232,7600,
,Cash,,,,7600.00 Cr
11-06-2026,Mamraj Treding Company Khejroli,Receipt,321,,2750
,Cash,,,2750.00 Dr,
11-06-2026,Jain & Brothers - Muhana Mandi,Receipt,322,,69128
,HDFC Bank,,,69128.00 Dr,
11-06-2026,Balaji Trading  Company  - Lalshot,Receipt,323,,82272
,HDFC Bank,,,82272.00 Dr,
11-06-2026,Manish Trandig Company,Receipt,324,,9500
,Cash,,,9500.00 Dr,
11-06-2026,Giriraj Enterprises - Kalu Ka Baas,Sales,3642/2026-27,69142,
,Sales Account,,,,69142.00 Cr
11-06-2026,PRABHA MAHILA KISSAN PRODUSER KHANDER,Sales,3643/2026-27,73500,
,Sales Account,,,,73500.00 Cr
12-06-2026,Convence Expensece,Payment,233,4000,
,Cash,,,,4000.00 Cr
12-06-2026,Wages Expenses A/C,Payment,234,7650,
,Cash,,,,7650.00 Cr
12-06-2026,Shri Chand Pasu Aahar Malpura,Receipt,325,,114660
,HDFC Bank,,,114660.00 Dr,
12-06-2026,Ishwar and Company Surajpool,Receipt,326,,78750
,HDFC Bank,,,78750.00 Dr,
12-06-2026,Ishwar and Company Surajpool,Receipt,327,,97500
,HDFC Bank,,,97500.00 Dr,
12-06-2026,M/s Arihant Traders,Receipt,328,,50000
,HDFC Bank,,,50000.00 Dr,
12-06-2026,Manish Trandig Company,Receipt,329,,9500
,Cash,,,9500.00 Dr,
12-06-2026,"Kailash Chand Deen Dayal - Kasera, Shreemodhopur",Receipt,330,,61060
,Punjab National Bank - New,,,61060.00 Dr,
12-06-2026,Ankit Trading Company Fulera,Sales,3644/2026-27,67258,
,Sales Account,,,,67258.00 Cr
12-06-2026,Mamraj and Company Khejroli,Sales,3645/2026-27,89250,
,Sales Account,,,,89250.00 Cr
12-06-2026,Pashupati Trading Company,Sales,3646/2026-27,55120,
,Sales Account,,,,55120.00 Cr
13-06-2026,Wages Expenses A/C,Payment,235,7500,
,Cash,,,,7500.00 Cr
13-06-2026,Tour & Travel,Payment,236,2840,
,Cash,,,,2840.00 Cr
13-06-2026,Choudhary Pashu Aahar  Parbatsar,Receipt,331,,50000
,HDFC Bank,,,50000.00 Dr,
13-06-2026,Pashupati Trading Company,Receipt,332,,67375
,Punjab National Bank - New,,,67375.00 Dr,
13-06-2026,Shiv Shanker Baat Bhandhar - Ramkutiya,Receipt,333,,9000
,Cash,,,9000.00 Dr,
13-06-2026,Manish Trandig Company,Receipt,334,,9500
,Cash,,,9500.00 Dr,
13-06-2026,Ankit Trading Company Fulera,Sales,3647/2026-27,5947,
,Sales Account,,,,5947.00 Cr
13-06-2026,Nagarmal Pramod Kumar - Chidawa,Sales,3648/2026-27,47040,
,Sales Account,,,,47040.00 Cr
14-06-2026,Nagarmal Pramod Kumar - Chidawa,Receipt,335,,47040
,Punjab National Bank - New,,,47040.00 Dr,
15-06-2026,Ajay Kumar,Payment,237,10000,
,HDFC Bank,,,,10000.00 Cr
15-06-2026,Nath Solvent Extractions Pvt Ltd Haryana,Payment,238,860315,
,HDFC Bank,,,,860315.00 Cr
15-06-2026,Nirmal Traders Gonda Up,Payment,239,3480,
,HDFC Bank,,,,3480.00 Cr
15-06-2026,Convence Expensece,Payment,240,2200,
,Cash,,,,2200.00 Cr
15-06-2026,Wages Expenses A/C,Payment,241,7650,
,Cash,,,,7650.00 Cr
15-06-2026,Jain & Brothers - Muhana Mandi,Receipt,336,,67964
,HDFC Bank,,,67964.00 Dr,
15-06-2026,Shiv Shanker Baat Bhandhar - Ramkutiya,Receipt,337,,9000
,Cash,,,9000.00 Dr,
15-06-2026,Manish Trandig Company,Receipt,338,,9500
,Cash,,,9500.00 Dr,
15-06-2026,Vishnu Dairy Lalchandpura,Receipt,339,,9500
,Cash,,,9500.00 Dr,
15-06-2026,Ankit Trading Company Fulera,Receipt,340,,46058
,HDFC Bank,,,46058.00 Dr,
15-06-2026,Babulal Ji Yadav - Mahaswas,Sales,3649/2026-27,89250,
,Sales Account,,,,89250.00 Cr
15-06-2026,Choudhary Pashu Aahar  Parbatsar,Sales,3650/2026-27,109155,
,Sales Account,,,,109155.00 Cr
16-06-2026,BUSINESS PROMOTION EXPENSES,Payment,242,47248,
,HDFC Bank,,,,47248.00 Cr
16-06-2026,Tour & Travel,Payment,243,2010,
,Cash,,,,2010.00 Cr
16-06-2026,Wages Expenses A/C,Payment,244,7600,
,Cash,,,,7600.00 Cr
16-06-2026,Shiv Shanker Baat Bhandhar - Ramkutiya,Receipt,341,,7000
,Cash,,,7000.00 Dr,
16-06-2026,Ishwar and Company Surajpool,Receipt,342,,81250
,HDFC Bank,,,81250.00 Dr,
16-06-2026,Shri Vaibhav Metacast Pvt Ltd Unit,Receipt,343,,24920
,HDFC Bank,,,24920.00 Dr,
16-06-2026,Goyal Treders Fhagi,Receipt,344,,90815
,HDFC Bank,,,90815.00 Dr,
16-06-2026,Krishna Baat Bhandhar- Sirsi Mode,Receipt,345,,9500
,Cash,,,9500.00 Dr,
16-06-2026,Manish Trandig Company,Receipt,346,,9500
,Cash,,,9500.00 Dr,
16-06-2026,Vishnu Dairy Lalchandpura,Receipt,347,,9500
,Cash,,,9500.00 Dr,
16-06-2026,Shri Shyam Baat Bhandar (Bad Ke Bala Ji ),Receipt,348,,19090
,HDFC Bank,,,19090.00 Dr,
16-06-2026,Discount Given,Journal,2,76,
,Shiv Shanker Baat Bhandhar - Ramkutiya,,,,76.00 Cr
16-06-2026,Jain & Brothers - Muhana Mandi,Sales,3651/2026-27,73451,
,Sales Account,,,,73451.00 Cr
16-06-2026,Shri Shyam Baat Bhandar (Bad Ke Bala Ji ),Sales,3652/2026-27,13987,
,Sales Account,,,,13987.00 Cr
17-06-2026,Brokrage,Payment,245,2031,
,Punjab National Bank - New,,,,2031.00 Cr
17-06-2026,Bina Enterprises - Jaipur,Payment,246,163508,
,HDFC Bank,,,,163508.00 Cr
17-06-2026,Wages Expenses A/C,Payment,247,7650,
,Cash,,,,7650.00 Cr
17-06-2026,Office Expenses,Payment,248,1630,
,Cash,,,,1630.00 Cr
17-06-2026,Tour & Travel,Payment,249,1000,
,Cash,,,,1000.00 Cr
17-06-2026,Shiv Trading Comnay Vatika,Receipt,349,,78707
,HDFC Bank,,,78707.00 Dr,
17-06-2026,Yasika Agro Feed Industries Merta City,Receipt,350,,100000
,HDFC Bank,,,100000.00 Dr,
17-06-2026,Yasika Agro Feed Industries Merta City,Receipt,351,,63380
,HDFC Bank,,,63380.00 Dr,
17-06-2026,Krishna Baat Bhandhar- Sirsi Mode,Receipt,352,,9500
,Cash,,,9500.00 Dr,
17-06-2026,Manish Trandig Company,Receipt,353,,6430
,Cash,,,6430.00 Dr,
17-06-2026,Anu Baat Bhandhar - Bheru Khejda,Receipt,354,,9000
,Cash,,,9000.00 Dr,
17-06-2026,Vishnu Dairy Lalchandpura,Receipt,355,,9500
,Cash,,,9500.00 Dr,
17-06-2026,Jain & Brothers - Muhana Mandi,Sales,3653/2026-27,71158,
,Sales Account,,,,71158.00 Cr
17-06-2026,Ganesh Pashuahar Chaksu,Sales,3654/2026-27,107745,
,Sales Account,,,,107745.00 Cr
18-06-2026,Jaipur Packers - Rajasthan,Payment,250,156796,
,Punjab National Bank - New,,,,156796.00 Cr
18-06-2026,Wages Expenses A/C,Payment,251,7380,
,Cash,,,,7380.00 Cr
18-06-2026,Machinery Reparing,Payment,252,2050,
,Cash,,,,2050.00 Cr
18-06-2026,M/s Arihant Traders,Receipt,356,,40000
,HDFC Bank,,,40000.00 Dr,
18-06-2026,Krishna Baat Bhandhar- Sirsi Mode,Receipt,357,,9100
,Cash,,,9100.00 Dr,
18-06-2026,M/s Arihant Traders,Receipt,358,,10000
,HDFC Bank,,,10000.00 Dr,
18-06-2026,Bansidhar Ji Tatla - Nangal Koju,Receipt,359,,1000
,Cash,,,1000.00 Dr,
18-06-2026,Shri Shyam Treding Company Khejroli,Receipt,360,,9500
,Cash,,,9500.00 Dr,
18-06-2026,Anu Baat Bhandhar - Bheru Khejda,Receipt,361,,9000
,Cash,,,9000.00 Dr,
18-06-2026,Vishnu Dairy Lalchandpura,Receipt,362,,9500
,Cash,,,9500.00 Dr,
18-06-2026,Maa Karni Baat Bhander Sodala,Sales,3655/2026-27,24940,
,Sales Account,,,,24940.00 Cr
18-06-2026,M/s Arihant Traders,Sales,3656/2026-27,16470,
,Sales Account,,,,16470.00 Cr
18-06-2026,M/s Arihant Traders,Sales,3657/2026-27,297045,
,Sales Account,,,,297045.00 Cr
18-06-2026,DILIP UDYOUG,Purchase,69,,41430
,Purchase Account,,,41430.00 Dr,
18-06-2026,Mangal Treding Company Kukerkheda Mhandi,Purchase,70,,38511.9
,Purchase Account,,,36678.00 Dr,
,CGST-Tax,,,916.95 Dr,
,SGST-Tax,,,916.95 Dr,
,Loading Exp,,,,
18-06-2026,Mittal Trading Company Jaipur Kukarkheda Mandhi,Purchase,71,,22377
,Purchase Account,,,22377.00 Dr,
19-06-2026,Machinery Reparing,Payment,253,1971,
,Punjab National Bank - New,,,,1971.00 Cr
19-06-2026,J.S. Packers - Jaipur,Payment,254,27388,
,Punjab National Bank - New,,,,27388.00 Cr
19-06-2026,J.S. Packers - Jaipur,Payment,255,10644,
,Punjab National Bank - New,,,,10644.00 Cr
19-06-2026,Electricity and Water Expenses,Payment,256,5030,
,HDFC Bank,,,,5030.00 Cr
19-06-2026,Jurashik Minral,Payment,257,29484,
,HDFC Bank,,,,29484.00 Cr
19-06-2026,Wages Expenses A/C,Payment,258,7650,
,Cash,,,,7650.00 Cr
19-06-2026,Convence Expensece,Payment,259,2400,
,Cash,,,,2400.00 Cr
19-06-2026,Maa Karni Baat Bhander Sodala,Receipt,363,,9900
,Cash,,,9900.00 Dr,
19-06-2026,Shri Shyam Treding Company Khejroli,Receipt,364,,9500
,Cash,,,9500.00 Dr,
19-06-2026,Anu Baat Bhandhar - Bheru Khejda,Receipt,365,,7000
,Cash,,,7000.00 Dr,
19-06-2026,Vishnu Dairy Lalchandpura,Receipt,366,,9500
,Cash,,,9500.00 Dr,
19-06-2026,Ankit Trading Company Fulera,Sales,3658/2026-27,69497,
,Sales Account,,,,69497.00 Cr
19-06-2026,Yasika Agro Feed Industries Merta City,Sales,3659/2026-27,351055,
,Sales Account,,,,351055.00 Cr
20-06-2026,Madhukar Industries Jodhpur,Payment,260,1452,
,HDFC Bank,,,,1452.00 Cr
20-06-2026,Wages Expenses A/C,Payment,261,7600,
,Cash,,,,7600.00 Cr
20-06-2026,Tour & Travel,Payment,262,2251,
,Cash,,,,2251.00 Cr
20-06-2026,Maa Karni Baat Bhander Sodala,Receipt,367,,9900
,Cash,,,9900.00 Dr,
20-06-2026,Yasika Agro Feed Industries Merta City,Receipt,368,,24270
,HDFC Bank,,,24270.00 Dr,
20-06-2026,Shri Shyam Treding Company Khejroli,Receipt,369,,9500
,Cash,,,9500.00 Dr,
20-06-2026,Vishnu Dairy Lalchandpura,Receipt,370,,9500
,Cash,,,9500.00 Dr,
20-06-2026,Manish Trandig Company,Sales,3660/2026-27,67658,
,Sales Account,,,,67658.00 Cr
20-06-2026,Moolchand Pukhraj Jain,Sales,3661/2026-27,65860,
,Sales Account,,,,65860.00 Cr
22-06-2026,Balaji Packers - Jaipur,Payment,263,84733,
,Punjab National Bank - New,,,,84733.00 Cr
22-06-2026,Wages Expenses A/C,Payment,264,7550,
,Cash,,,,7550.00 Cr
22-06-2026,Tour & Travel,Payment,265,3000,
,Cash,,,,3000.00 Cr
22-06-2026,Maa Karni Baat Bhander Sodala,Receipt,371,,200
,Cash,,,200.00 Dr,
22-06-2026,Maa Karni Baat Bhander Sodala,Receipt,372,,4940
,HDFC Bank,,,4940.00 Dr,
22-06-2026,Shri Shyam Baat Bhandar (Bad Ke Bala Ji ),Receipt,373,,13987
,HDFC Bank,,,13987.00 Dr,
22-06-2026,KAMAL TRADING CO Dudu,Receipt,374,,64100
,HDFC Bank,,,64100.00 Dr,
22-06-2026,Kedar Kirana Stor Benadamod,Receipt,375,,52650
,HDFC Bank,,,52650.00 Dr,
22-06-2026,Shri Shyam Treding Company Khejroli,Receipt,376,,9500
,Cash,,,9500.00 Dr,
22-06-2026,Vishnu Dairy Lalchandpura,Receipt,377,,9500
,Cash,,,9500.00 Dr,
22-06-2026,Shri Shyam Baat Bhandar (Bad Ke Bala Ji ),Sales,3662/2026-27,18868,
,Sales Account,,,,18868.00 Cr
22-06-2026,Shyam Baat Bhandar - Kanwarpura,Sales,3663/2026-27,68550,
,Sales Account,,,,68550.00 Cr
22-06-2026,"Kailash Chand Deen Dayal - Kasera, Shreemodhopur",Sales,3664/2026-27,61060,
,Sales Account,,,,61060.00 Cr
22-06-2026,Khandelwal Kirana  Store - Nindar,Sales,3665/2026-27,31600,
,Sales Account,,,,31600.00 Cr
22-06-2026,Arihant  Kumar Rahul Kumar  Medta Seety - S,Sales,3666/2026-27,207145,
,Sales Account,,,,207145.00 Cr
22-06-2026,M.S Traders Jangipur Up,Purchase,72,,272987
,Purchase Account,,,272987.00 Dr,
22-06-2026,Jai Shanker Rice and  Gen Mill,Purchase,73,,748090
,Purchase Account,,,748090.00 Dr,
23-06-2026,Wages Expenses A/C,Payment,266,7600,
,Cash,,,,7600.00 Cr
23-06-2026,Convence Expensece,Payment,267,4500,
,Cash,,,,4500.00 Cr
23-06-2026,Tour & Travel,Payment,268,1100,
,Cash,,,,1100.00 Cr
23-06-2026,Shri Shyam Treding Company Khejroli,Receipt,378,,9500
,Cash,,,9500.00 Dr,
23-06-2026,G.K.N - Industries,Receipt,379,,70000
,HDFC Bank,,,70000.00 Dr,
23-06-2026,Tarachand Ji -Yadav Khejroli,Receipt,380,,45500
,HDFC Bank,,,45500.00 Dr,
23-06-2026,Anu Baat Bhandhar - Bheru Khejda,Receipt,381,,25000
,HDFC Bank,,,25000.00 Dr,
23-06-2026,Vishnu Dairy Lalchandpura,Receipt,382,,9500
,Cash,,,9500.00 Dr,
23-06-2026,Shri Shyam Treding Company Khejroli,Sales,3367/2026-27,89250,
,Sales Account,,,,89250.00 Cr
24-06-2026,Machinery Reparing,Payment,269,826,
,Punjab National Bank - New,,,,826.00 Cr
24-06-2026,M.S Traders Jangipur Up,Payment,270,272987,
,HDFC Bank,,,,272987.00 Cr
24-06-2026,DILIP UDYOUG,Payment,271,41430,
,HDFC Bank,,,,41430.00 Cr
24-06-2026,Wages Expenses A/C,Payment,272,7550,
,Cash,,,,7550.00 Cr
24-06-2026,Shri Shyam Treding Company Khejroli,Receipt,383,,9500
,Cash,,,9500.00 Dr,
24-06-2026,Vishnu Dairy Lalchandpura,Receipt,384,,2200
,Cash,,,2200.00 Dr,
24-06-2026,"Kailash Chand Deen Dayal - Kasera, Shreemodhopur",Receipt,385,,61060
,Punjab National Bank - New,,,61060.00 Dr,
24-06-2026,Ishwar and Company Surajpool,Sales,3668/2026-27,110938,
,Sales Account,,,,110938.00 Cr
24-06-2026,G.K.N - Industries,Sales,3669/2026-27,53444,
,Sales Account,,,,53444.00 Cr
24-06-2026,Dugya Cattle Feed - Muhana,Sales,3670/2026-27,70820,
,Sales Account,,,,70820.00 Cr
24-06-2026,SHRI BALAJI ENTERPRISES-TIGARIYA,Sales,3671/2026-27,77910,
,Sales Account,,,,77910.00 Cr
25-06-2026,Wages Expenses A/C,Payment,273,7650,
,Cash,,,,7650.00 Cr
25-06-2026,Machinery Reparing,Payment,274,3640,
,Cash,,,,3640.00 Cr
25-06-2026,Babulal Ji Yadav - Mahaswas,Receipt,386,,87500
,HDFC Bank,,,87500.00 Dr,
25-06-2026,Vinayak Brothers - Renwal,Receipt,387,,98500
,HDFC Bank,,,98500.00 Dr,
25-06-2026,Vinayak Brothers - Renwal,Receipt,388,,98100
,HDFC Bank,,,98100.00 Dr,
25-06-2026,Vinayak Brothers - Renwal,Receipt,389,,98100
,HDFC Bank,,,98100.00 Dr,
25-06-2026,Shri Shyam Treding Company Khejroli,Receipt,390,,9500
,Cash,,,9500.00 Dr,
25-06-2026,Patel Enterprises  Rojda,Sales,3672/2026-27,69300,
,Sales Account,,,,69300.00 Cr
25-06-2026,G.K.N - Industries,Sales,3673/2026-27,54166,
,Sales Account,,,,54166.00 Cr
25-06-2026,Ramnarayan Ji Yadev  Dhanota,Sales,3674/2026-27,63750,
,Sales Account,,,,63750.00 Cr
25-06-2026,Dinesh Kumar Tarun Kumar Bardana,Purchase,74,,3412
,Purchase Account,,,3250.00 Dr,
,CGST-Tax,,,81.00 Dr,
,SGST-Tax,,,81.00 Dr,
26-06-2026,Mittal Trading Company Jaipur Kukarkheda Mandhi,Payment,275,22377,
,Punjab National Bank - New,,,,22377.00 Cr
26-06-2026,Wages Expenses A/C,Payment,276,7550,
,Cash,,,,7550.00 Cr
26-06-2026,Tour & Travel,Payment,277,2260,
,Cash,,,,2260.00 Cr
26-06-2026,Shri Shyam Treding Company Khejroli,Receipt,391,,9500
,Cash,,,9500.00 Dr,
26-06-2026,Sadha Shiv Jyotiling Mahadav Mandir,Sales,3675/2026-27,78890,
,Sales Account,,,,78890.00 Cr
27-06-2026,Telephone Exp,Payment,278,1096,
,HDFC Bank,,,,1096.00 Cr
27-06-2026,Wages Expenses A/C,Payment,279,7650,
,Cash,,,,7650.00 Cr
27-06-2026,Office Expenses,Payment,280,2660,
,Cash,,,,2660.00 Cr
27-06-2026,Ishwar and Company Surajpool,Receipt,392,,97000
,HDFC Bank,,,97000.00 Dr,
27-06-2026,Yasika Agro Feed Industries Merta City,Receipt,393,,100000
,HDFC Bank,,,100000.00 Dr,
27-06-2026,Shri Shyam Baat Bhandar (Bad Ke Bala Ji ),Receipt,394,,17987
,HDFC Bank,,,17987.00 Dr,
27-06-2026,Shri Shyam Treding Company Khejroli,Receipt,395,,9500
,Cash,,,9500.00 Dr,
27-06-2026,Khandelwal Kirana  Store - Nindar,Receipt,396,,9500
,Cash,,,9500.00 Dr,
27-06-2026,Shri Shyam Baat Bhandar (Bad Ke Bala Ji ),Sales,3676/2026-27,13986,
,Sales Account,,,,13986.00 Cr
27-06-2026,Uttam Agencies Sambriya,Sales,3677/2026-27,58368,
,Sales Account,,,,58368.00 Cr
27-06-2026,Jai Jagdamba Treding Company Nangal Bhirda,Sales,3678/2026-27,59550,
,Sales Account,,,,59550.00 Cr
27-06-2026,Nagarmal Pramod Kumar - Chidawa,Sales,3679/2026-27,67530,
,Sales Account,,,,67530.00 Cr
27-06-2026,Shri Chand Pasu Aahar Malpura,Sales,3680/2026-27,94860,
,Sales Account,,,,94860.00 Cr
27-06-2026,Amit Pulses  Tonk Road Jaipur,Purchase,75,,37859
,Purchase Account,,,37859.00 Dr,
29-06-2026,Mangal Treding Company Kukerkheda Mhandi,Payment,281,38178,
,Punjab National Bank - New,,,,38178.00 Cr
29-06-2026,Brokrage,Payment,282,13227,
,HDFC Bank,,,,13227.00 Cr
29-06-2026,Wages Expenses A/C,Payment,283,7600,
,Cash,,,,7600.00 Cr
29-06-2026,Convence Expensece,Payment,284,2430,
,Cash,,,,2430.00 Cr
29-06-2026,M/s Arihant Traders,Receipt,397,,77388
,HDFC Bank,,,77388.00 Dr,
29-06-2026,S K Dairy - Mukunpura,Receipt,398,,6000
,Cash,,,6000.00 Dr,
29-06-2026,Shri Shyam Treding Company Khejroli,Receipt,399,,1125
,Cash,,,1125.00 Dr,
29-06-2026,Maa Karni Baat Bhander Sodala,Receipt,400,,9000
,Cash,,,9000.00 Dr,
29-06-2026,Khandelwal Kirana  Store - Nindar,Receipt,401,,9500
,Cash,,,9500.00 Dr,
29-06-2026,M M Trading Company - Khejroli,Receipt,402,,9800
,Cash,,,9800.00 Dr,
29-06-2026,Murlidhar Ji Yadav- Khejroli,Receipt,403,,9500
,Cash,,,9500.00 Dr,
29-06-2026,Shyam Baat Bhandar - Kanwarpura,Receipt,404,,9500
,Cash,,,9500.00 Dr,
29-06-2026,Nagarmal Pramod Kumar - Chidawa,Receipt,405,,67530
,Punjab National Bank - New,,,67530.00 Dr,
29-06-2026,Maa Karni Baat Bhander Sodala,Sales,3681/2026-27,23880,
,Sales Account,,,,23880.00 Cr
30-06-2026,Loan-Hyrider,Payment,285,48357,
,Punjab National Bank - New,,,,48357.00 Cr
30-06-2026,BANK  EXPENSES- PNB BANK,Payment,286,29.21,
,Punjab National Bank - New,,,,29.21 Cr
30-06-2026,Jai Shanker Rice and  Gen Mill,Payment,287,748090,
,HDFC Bank,,,,748090.00 Cr
30-06-2026,Amit Pulses  Tonk Road Jaipur,Payment,288,37859,
,HDFC Bank,,,,37859.00 Cr
30-06-2026,Wages Expenses A/C,Payment,289,7600,
,Cash,,,,7600.00 Cr
30-06-2026,Tour & Travel,Payment,290,2650,
,Cash,,,,2650.00 Cr
30-06-2026,Maa Karni Baat Bhander Sodala,Receipt,406,,9000
,Cash,,,9000.00 Dr,
30-06-2026,Khandelwal Kirana  Store - Nindar,Receipt,407,,9500
,Cash,,,9500.00 Dr,
30-06-2026,M M Trading Company - Khejroli,Receipt,408,,9800
,Cash,,,9800.00 Dr,
30-06-2026,Murlidhar Ji Yadav- Khejroli,Receipt,409,,9500
,Cash,,,9500.00 Dr,
30-06-2026,Shyam Baat Bhandar - Kanwarpura,Receipt,410,,9800
,Cash,,,9800.00 Dr,
30-06-2026,Dugya Cattle Feed - Muhana,Receipt,411,,78750
,HDFC Bank,,,78750.00 Dr,
30-06-2026,Ankit Trading Company Fulera,Receipt,412,,73539
,HDFC Bank,,,73539.00 Dr,
30-06-2026,Arihant  Kumar Rahul Kumar  Medta Seety - S,Sales,3682/2026-27,88725,
,Sales Account,,,,88725.00 Cr
30-06-2026,Arihant  Kumar Rahul Kumar  Medta Seety - S,Sales,3683/2026-27,116145,
,Sales Account,,,,116145.00 Cr
30-06-2026,Jaipur Packers - Rajasthan,Purchase,76,,58153
,Purchase Account,,,49282.00 Dr,
,CGST-Tax,,,4435.50 Dr,
,SGST-Tax,,,4435.50 Dr,
30-06-2026,Vetkind Animal Health India,Purchase,77,,22500
,Purchase Account,,,22500.00 Dr,
01-07-2026,BUSINESS PROMOTION EXPENSES,Payment,291,47250,
,HDFC Bank,,,,47250.00 Cr
01-07-2026,Dinesh Kumar Tarun Kumar Bardana,Payment,292,3412,
,HDFC Bank,,,,3412.00 Cr
01-07-2026,Wages Expenses A/C,Payment,293,7650,
,Cash,,,,7650.00 Cr
01-07-2026,Convence Expensece,Payment,294,2400,
,Cash,,,,2400.00 Cr
01-07-2026,Ganesh Pashuahar Chaksu,Receipt,413,,200000
,HDFC Bank,,,200000.00 Dr,
01-07-2026,Shri Chand Pasu Aahar Malpura,Receipt,414,,111720
,HDFC Bank,,,111720.00 Dr,
01-07-2026,Maa Karni Baat Bhander Sodala,Receipt,415,,5880
,Cash,,,5880.00 Dr,
01-07-2026,Khandelwal Kirana  Store - Nindar,Receipt,416,,3100
,Cash,,,3100.00 Dr,
01-07-2026,Vinayak Genral Stor Ranwal,Receipt,417,,9500
,Cash,,,9500.00 Dr,
01-07-2026,M M Trading Company - Khejroli,Receipt,418,,9800
,Cash,,,9800.00 Dr,
01-07-2026,Murlidhar Ji Yadav- Khejroli,Receipt,419,,9500
,Cash,,,9500.00 Dr,
01-07-2026,Shyam Baat Bhandar - Kanwarpura,Receipt,420,,9800
,Cash,,,9800.00 Dr,
01-07-2026,Vishnu Dairy Lalchandpura,Sales,3684/2026-27,78200,
,Sales Account,,,,78200.00 Cr
01-07-2026,Kedar Kirana Stor Benadamod,Sales,3685/2026-27,56890,
,Sales Account,,,,56890.00 Cr
01-07-2026,Vishnu Natani Baghwadd,Sales,3686/2026-27,16880,
,Sales Account,,,,16880.00 Cr
,Fright Exp,,,,
02-07-2026,Wages Expenses A/C,Payment,295,7550,
,Cash,,,,7550.00 Cr
02-07-2026,Machinery Reparing,Payment,296,2650,
,Cash,,,,2650.00 Cr
02-07-2026,M/s Arihant Traders,Receipt,421,,5950
,HDFC Bank,,,5950.00 Dr,
02-07-2026,M Choudhry Trading Company - Jalpali,Receipt,422,,59600
,HDFC Bank,,,59600.00 Dr,
02-07-2026,Vinayak Genral Stor Ranwal,Receipt,423,,9500
,Cash,,,9500.00 Dr,
02-07-2026,M M Trading Company - Khejroli,Receipt,424,,9800
,Cash,,,9800.00 Dr,
02-07-2026,Murlidhar Ji Yadav- Khejroli,Receipt,425,,9500
,Cash,,,9500.00 Dr,
02-07-2026,Shyam Baat Bhandar - Kanwarpura,Receipt,426,,9800
,Cash,,,9800.00 Dr,
02-07-2026,SHRI BALAJI ENTERPRISES-TIGARIYA,Receipt,427,,70000
,HDFC Bank,,,70000.00 Dr,
02-07-2026,M Choudhry Trading Company - Jalpali,Sales,3687/2026-27,65200,
,Sales Account,,,,65200.00 Cr
02-07-2026,Jaipur Packers - Rajasthan,Purchase,78,,171846
,Purchase Account,,,145632.00 Dr,
,CGST-Tax,,,13107.00 Dr,
,SGST-Tax,,,13107.00 Dr,
02-07-2026,SHRI RAM INDUSTRIES  (PHULERA),Purchase,79,,144324
,Purchase Account,,,144324.00 Dr,
02-07-2026,Vinayak Fabriks Badharna,Purchase,80,,35383.48
,Purchase Account,,,29986.00 Dr,
,CGST-Tax,,,2698.74 Dr,
,SGST-Tax,,,2698.74 Dr,
03-07-2026,Wages Expenses A/C,Payment,297,7600,
,Cash,,,,7600.00 Cr
03-07-2026,Printing & Stationary,Payment,298,1340,
,Cash,,,,1340.00 Cr
03-07-2026,Factory Repairing,Payment,299,1700,
,Cash,,,,1700.00 Cr
03-07-2026,Satyenarayan Kunj Bihari  Ude,Receipt,428,,11500
,HDFC Bank,,,11500.00 Dr,
03-07-2026,Balaji Trading  Company  - Lalshot,Receipt,429,,66014
,HDFC Bank,,,66014.00 Dr,
03-07-2026,Sadha Shiv Jyotiling Mahadav Mandir,Receipt,430,,78890
,HDFC Bank,,,78890.00 Dr,
03-07-2026,Shri Shyam Baat Bhandar (Bad Ke Bala Ji ),Receipt,431,,18868
,HDFC Bank,,,18868.00 Dr,
03-07-2026,Vinayak Genral Stor Ranwal,Receipt,432,,9500
,Cash,,,9500.00 Dr,
03-07-2026,M M Trading Company - Khejroli,Receipt,433,,9800
,Cash,,,9800.00 Dr,
03-07-2026,Murlidhar Ji Yadav- Khejroli,Receipt,434,,2000
,Cash,,,2000.00 Dr,
03-07-2026,Shyam Baat Bhandar - Kanwarpura,Receipt,435,,9800
,Cash,,,9800.00 Dr,
03-07-2026,Balaji Trading  Company  - Lalshot,Sales,3688/2026-27,66014,
,Sales Account,,,,66014.00 Cr
03-07-2026,Shri Shyam Baat Bhandar (Bad Ke Bala Ji ),Sales,3689/2026-27,13435,
,Sales Account,,,,13435.00 Cr
04-07-2026,SHRI RAM INDUSTRIES  (PHULERA),Payment,300,144324,
,HDFC Bank,,,,144324.00 Cr
04-07-2026,Wages Expenses A/C,Payment,301,7650,
,Cash,,,,7650.00 Cr
04-07-2026,Tour & Travel,Payment,302,2750,
,Cash,,,,2750.00 Cr
04-07-2026,M/s Arihant Traders,Receipt,436,,50000
,HDFC Bank,,,50000.00 Dr,
04-07-2026,Ishwar and Company Surajpool,Receipt,437,,88750
,HDFC Bank,,,88750.00 Dr,
04-07-2026,Vinayak Genral Stor Ranwal,Receipt,438,,9500
,Cash,,,9500.00 Dr,
04-07-2026,M M Trading Company - Khejroli,Receipt,439,,9800
,Cash,,,9800.00 Dr,
04-07-2026,Shyam Baat Bhandar - Kanwarpura,Receipt,440,,9800
,Cash,,,9800.00 Dr,
04-07-2026,Ankit Trading Company Fulera,Receipt,441,,69827
,HDFC Bank,,,69827.00 Dr,
04-07-2026,Ankit Trading Company Fulera,Sales,3690/2026-27,36714,
,Sales Account,,,,36714.00 Cr
04-07-2026,Arihant  Kumar Rahul Kumar  Medta Seety - S,Sales,3691/25-26,23860,
,Sales Account,,,,23860.00 Cr
04-07-2026,Kajal Trading Company Oreiya Up,Purchase,81,,747937
,Purchase Account,,,747937.00 Dr,
05-07-2026,Ajay Kumar,Payment,303,15000,
,HDFC Bank,,,,15000.00 Cr
05-07-2026,Bank Commission - Expenses,Payment,304,29.21,
,Punjab National Bank - New,,,,29.21 Cr
05-07-2026,Yasika Agro Feed Industries Merta City,Receipt,442,,140000
,HDFC Bank,,,140000.00 Dr,
05-07-2026,Vinayak Genral Stor Ranwal,Receipt,443,,15285
,HDFC Bank,,,15285.00 Dr,
05-07-2026,Shri Balaji Trading Company Kotputli,Receipt,444,,60000
,HDFC Bank,,,60000.00 Dr,
05-07-2026,Shri Balaji Trading Company Kotputli,Sales,3692/25-26,75415,
,Sales Account,,,,75415.00 Cr
06-07-2026,Wages Expenses A/C,Payment,305,7650,
,Cash,,,,7650.00 Cr
06-07-2026,Office Expenses,Payment,306,2340,
,Cash,,,,2340.00 Cr
06-07-2026,Choudhary Pashu Aahar  Parbatsar,Receipt,445,,53685
,HDFC Bank,,,53685.00 Dr,
06-07-2026,Arihant  Kumar Rahul Kumar  Medta Seety - S,Receipt,446,,205516
,Moolchand Pukhraj Jain,,,,65810.00 Cr
,HDFC Bank,,,271326.00 Dr,
06-07-2026,Maa Karni Baat Bhander Sodala,Receipt,447,,9000
,Cash,,,9000.00 Dr,
06-07-2026,Vinayak Genral Stor Ranwal,Receipt,448,,9500
,Cash,,,9500.00 Dr,
06-07-2026,Shyam Baat Bhandar - Kanwarpura,Receipt,449,,9925
,Cash,,,9925.00 Dr,
06-07-2026,M M Trading Company - Khejroli,Receipt,450,,9800
,Cash,,,9800.00 Dr,
06-07-2026,"Kailash Chand Deen Dayal - Kasera, Shreemodhopur",Receipt,451,,61060
,Punjab National Bank - New,,,61060.00 Dr,
06-07-2026,Uttam Agencies Sambriya,Receipt,452,,55077
,Punjab National Bank - New,,,55077.00 Dr,
06-07-2026,Uttam Agencies Sambriya,Receipt,453,,56940
,Punjab National Bank - New,,,56940.00 Dr,
06-07-2026,Ishwar and Company Surajpool,Sales,3693/25-26,88750,
,Sales Account,,,,88750.00 Cr
06-07-2026,Vinayak Genral Stor Ranwal,Sales,3694/25-26,70285,
,Sales Account,,,,70285.00 Cr
06-07-2026,Shri Shyam Treding Company Khejroli,Sales,3695/25-26,89250,
,Sales Account,,,,89250.00 Cr
06-07-2026,Maa Karni Baat Bhander Sodala,Sales,3696/25-26,22260,
,Sales Account,,,,22260.00 Cr
06-07-2026,Jain & Brothers - Muhana Mandi,Sales,3697/25-26,70806,
,Sales Account,,,,70806.00 Cr
06-07-2026,Tarachand Ji -Yadav Khejroli,Sales,3698/25-26,48275,
,Sales Account,,,,48275.00 Cr
06-07-2026,Jain & Brothers - Muhana Mandi,Sales,3699/25-26,73452,
,Sales Account,,,,73452.00 Cr
06-07-2026,DHARMENDRA KUMAR AND BROTHERS,Purchase,82,,276764
,Purchase Account,,,276764.00 Dr,
07-07-2026,Wages Expenses A/C,Payment,307,7500,
,Cash,,,,7500.00 Cr
07-07-2026,Convence Expensece,Payment,308,2250,
,Cash,,,,2250.00 Cr
07-07-2026,Nilesh Kumar Khandelwal,Payment,309,9500,
,Vijay Kumar Khandelwal,,,9500.00 Dr,
,Priyanka Devi Khandelwal,,,9500.00 Dr,
,Vishnu Gupta,,,9500.00 Dr,
,Nitesh,,,9500.00 Dr,
,Pradeep Kumar Gupta,,,9500.00 Dr,
,Raju Lal Ji,,,9500.00 Dr,
,Raju Mistri,,,9500.00 Dr,
,Cash,,,,76000.00 Cr
07-07-2026,Maa Karni Baat Bhander Sodala,Receipt,454,,9000
,Cash,,,9000.00 Dr,
07-07-2026,Vinayak Genral Stor Ranwal,Receipt,455,,7500
,Cash,,,7500.00 Dr,
07-07-2026,M M Trading Company - Khejroli,Receipt,456,,9800
,Cash,,,9800.00 Dr,
07-07-2026,Mehta Baat Bhandhar - GovindPura,Sales,3700/25-26,60210,
,Sales Account,,,,60210.00 Cr
07-07-2026,Ankit Trading Company Fulera,Sales,3701/25-26,27500,
,Sales Account,,,,27500.00 Cr
07-07-2026,"Kailash Chand Deen Dayal - Kasera, Shreemodhopur",Sales,3703-26-27,61060,
,Sales Account,,,,61060.00 Cr
08-07-2026,Kajal Trading Company Oreiya Up,Payment,310,745549,
,HDFC Bank,,,,745549.00 Cr
08-07-2026,Wages Expenses A/C,Payment,311,7650,
,Cash,,,,7650.00 Cr
08-07-2026,Machinery Reparing,Payment,312,2850,
,Cash,,,,2850.00 Cr
08-07-2026,Nilesh Kumar Khandelwal,Payment,313,9500,
,Vijay Kumar Khandelwal,,,9500.00 Dr,
,Priyanka Devi Khandelwal,,,8000.00 Dr,
,Pradeep Kumar Gupta,,,8500.00 Dr,
,Raju Lal Gupta,,,4500.00 Dr,
,Vishnu Gupta,,,9500.00 Dr,
,Nitesh,,,9500.00 Dr,
,Raju Mistri,,,8000.00 Dr,
,Cash,,,,67000.00 Cr
08-07-2026,Shri Hari Shanker Khandelwal,Payment,314,9000,
,Cash,,,,9000.00 Cr
08-07-2026,Jain & Brothers - Muhana Mandi,Receipt,457,,144048
,HDFC Bank,,,144048.00 Dr,
08-07-2026,Maa Karni Baat Bhander Sodala,Receipt,458,,4260
,Cash,,,4260.00 Dr,
08-07-2026,Anu Baat Bhandhar - Bheru Khejda,Receipt,459,,9000
,Cash,,,9000.00 Dr,
08-07-2026,M M Trading Company - Khejroli,Receipt,460,,9800
,Cash,,,9800.00 Dr,
08-07-2026,Uttam Agencies Sambriya,Receipt,461,,55450
,Punjab National Bank - New,,,55450.00 Dr,
08-07-2026,Choudhary Pashu Aahar  Parbatsar,Sales,3704/25-26,106230,
,Sales Account,,,,106230.00 Cr
08-07-2026,Vishnu Natani Baghwadd,Sales,3705/25-26,17770,
,Sales Account,,,,17770.00 Cr
08-07-2026,Anjani Trading Company  -(Beawar),Sales,3706/25-26,250141,
,Sales Account,,,,250141.00 Cr
08-07-2026,Khandelwal Steel Jaipur - Jaipur,Purchase,83,,8434
,Purchase Account,,,8032.00 Dr,
,CGST-Tax,,,201.00 Dr,
,SGST-Tax,,,201.00 Dr,
08-07-2026,DILIP UDYOUG,Purchase,84,,41431
,Purchase Account,,,41431.00 Dr,
08-07-2026,DILIP UDYOUG,Purchase,85,,41431
,Purchase Account,,,41431.00 Dr,
08-07-2026,S M Sales Corporation  Jaipur,Purchase,86,,2856
,Purchase Account,,,2856.00 Dr,
09-07-2026,Electricity and Water Expenses,Payment,315,66945,
,HDFC Bank,,,,66945.00 Cr
09-07-2026,Wages Expenses A/C,Payment,316,7600,
,Cash,,,,7600.00 Cr
09-07-2026,Tour & Travel,Payment,317,2850,
,Cash,,,,2850.00 Cr
09-07-2026,Anu Baat Bhandhar - Bheru Khejda,Receipt,462,,9000
,Cash,,,9000.00 Dr,
09-07-2026,M M Trading Company - Khejroli,Receipt,463,,1050
,Cash,,,1050.00 Dr,
09-07-2026,Godha Enterprises (Hingoniya),Receipt,464,,9500
,Cash,,,9500.00 Dr,
09-07-2026,Shiv Trading Comnay Vatika,Sales,3707/25-26,86080,
,Sales Account,,,,86080.00 Cr
09-07-2026,Yasika Agro Feed Industries Merta City,Sales,3708/25-26,383900,
,Sales Account,,,,383900.00 Cr
10-07-2026,Tha Karnal Coop Sugar Mills Haryana,Payment,318,660000,
,Tha Karnal Coop Sugar Mills Haryana,,,14340.00 Dr,
,HDFC Bank,,,,674340.00 Cr
10-07-2026,DHARMENDRA KUMAR AND BROTHERS,Payment,319,276764,
,HDFC Bank,,,,276764.00 Cr
10-07-2026,DILIP UDYOUG,Payment,320,82862,
,HDFC Bank,,,,82862.00 Cr
10-07-2026,Wages Expenses A/C,Payment,321,7550,
,Cash,,,,7550.00 Cr
10-07-2026,Factory Repairing,Payment,322,2900,
,Cash,,,,2900.00 Cr
10-07-2026,M/s Arihant Traders,Receipt,465,,50000
,HDFC Bank,,,50000.00 Dr,
10-07-2026,Anu Baat Bhandhar - Bheru Khejda,Receipt,466,,2000
,Cash,,,2000.00 Dr,
10-07-2026,Vishnu Dairy Lalchandpura,Receipt,467,,9000
,Cash,,,9000.00 Dr,
10-07-2026,Godha Enterprises (Hingoniya),Receipt,468,,9500
,Cash,,,9500.00 Dr,
10-07-2026,Pashupati Trading Company,Sales,3709/25-26,60092,
,Sales Account,,,,60092.00 Cr
10-07-2026,Ishwar and Company Surajpool,Sales,3710/25-26,106500,
,Sales Account,,,,106500.00 Cr
10-07-2026,S M Sales Corporation  Jaipur,Purchase,87,,35529
,Purchase Account,,,35529.00 Dr,
10-07-2026,Mittal Trading Company Jaipur Kukarkheda Mandhi,Purchase,88,,13782
,Purchase Account,,,13126.00 Dr,
,CGST-Tax,,,328.00 Dr,
,SGST-Tax,,,328.00 Dr,
10-07-2026,Om Prakash Rajesh Kumar - Jaipur,Purchase,89,,122185
,Purchase Account,,,122185.00 Dr,
11-07-2026,Mangal Treding Company Kukerkheda Mhandi,Payment,323,333.9,
,Cash,,,,333.90 Cr
11-07-2026,Shyam Ji Yadav,Payment,324,237,
,Cash,,,,237.00 Cr
11-07-2026,Wages Expenses A/C,Payment,325,7650,
,Cash,,,,7650.00 Cr
11-07-2026,Shri Shyam Baat Bhandar (Bad Ke Bala Ji ),Receipt,469,,13986
,HDFC Bank,,,13986.00 Dr,
11-07-2026,Vishnu Dairy Lalchandpura,Receipt,470,,9000
,Cash,,,9000.00 Dr,
11-07-2026,Godha Enterprises (Hingoniya),Receipt,471,,9500
,Cash,,,9500.00 Dr,
11-07-2026,Discount Given,Journal,3,1138,
,Madan Mohan Trading Watika,,,,1138.00 Cr
11-07-2026,Discount Given,Journal,4,5,
,Manish Trading Company - Khejroli - MM,,,,5.00 Cr
11-07-2026,Discount Given,Journal,5,50,
,Moolchand Pukhraj Jain,,,,50.00 Cr
11-07-2026,Discount Given,Journal,6,1958,
,Nagarmal Pramod Kumar - Chidawa,,,,1958.00 Cr
11-07-2026,Discount Given,Journal,7,3729,
,Uttam Agencies Sambriya,,,,3729.00 Cr
11-07-2026,Discount Given,Journal,8,1565,
,Arihant  Kumar Rahul Kumar  Medta Seety - S,,,,1565.00 Cr
11-07-2026,Shri Shyam Baat Bhandar (Bad Ke Bala Ji ),Sales,3711/25-26,18472,
,Sales Account,,,,18472.00 Cr
11-07-2026,Murlidhar Ji Yadav- Khejroli,Sales,3712/25-26,72000,
,Sales Account,,,,72000.00 Cr
11-07-2026,Shri Om Pashu Aahar Kendar Up,Purchase,90,,243230
,Purchase Account,,,243230.00 Dr,
12-07-2026,Patel Enterprises  Rojda,Receipt,472,,61900
,HDFC Bank,,,61900.00 Dr,
12-07-2026,Tha Karnal Coop Sugar Mills Haryana,Purchase,91,,674340
,Purchase Account,,,642229.00 Dr,
,IGST-Tax,,,32111.00 Dr,
13-07-2026,Shri Vaibhav Metacast Pvt Ltd Unit,Payment,326,170,
,Cash,,,,170.00 Cr
13-07-2026,JAGMOHAN  SATISH KUMAR  MAHUWA,Payment,327,1249,
,Cash,,,,1249.00 Cr
13-07-2026,Lavik Traders,Payment,328,7517,
,Cash,,,,7517.00 Cr
13-07-2026,Wages Expenses A/C,Payment,329,7600,
,Cash,,,,7600.00 Cr
13-07-2026,Office Expenses,Payment,330,2320,
,Cash,,,,2320.00 Cr
13-07-2026,Jain & Brothers - Muhana Mandi,Receipt,473,,72606
,HDFC Bank,,,72606.00 Dr,
13-07-2026,Vishnu Dairy Lalchandpura,Receipt,474,,9000
,Cash,,,9000.00 Dr,
13-07-2026,Godha Enterprises (Hingoniya),Receipt,475,,9500
,Cash,,,9500.00 Dr,
13-07-2026,M M Trading Company - Khejroli,Receipt,476,,9800
,Cash,,,9800.00 Dr,
13-07-2026,Discount Given,Journal,9,6000,
,Shri Mahaveer Treding Company Rayla,,,,6000.00 Cr
13-07-2026,Maa Karni Baat Bhander Sodala,Sales,3713/25-26,26180,
,Sales Account,,,,26180.00 Cr
13-07-2026,H R K Indestrises Pilibhit Up,Purchase,92,,720143
,Purchase Account,,,720143.00 Dr,
14-07-2026,Vinayak Fabriks Badharna,Payment,331,43776,
,HDFC Bank,,,,43776.00 Cr
14-07-2026,Fright Exp,Payment,332,23103,
,HDFC Bank,,,,23103.00 Cr
14-07-2026,Wages Expenses A/C,Payment,333,7600,
,Cash,,,,7600.00 Cr
14-07-2026,Tour & Travel,Payment,334,2600,
,Cash,,,,2600.00 Cr
14-07-2026,Bank Commission - Expenses,Payment,335,28.91,
,Punjab National Bank - New,,,,28.91 Cr
14-07-2026,Shri Om Pashu Aahar Kendar Up,Payment,336,243230,
,Punjab National Bank - New,,,,243230.00 Cr
14-07-2026,M/s Arihant Traders,Receipt,477,,50000
,HDFC Bank,,,50000.00 Dr,
14-07-2026,Arihant  Kumar Rahul Kumar  Medta Seety - S,Receipt,478,,23862
,Arihant  Kumar Rahul Kumar  Medta Seety - S,,,,88763.00 Cr
,Arihant  Kumar Rahul Kumar  Medta Seety - S,,,,116169.00 Cr
,HDFC Bank,,,228794.00 Dr,
14-07-2026,Ishwar and Company Surajpool,Receipt,479,,88750
,HDFC Bank,,,88750.00 Dr,
14-07-2026,Anjani Trading Company  -(Beawar),Receipt,480,,250141
,HDFC Bank,,,250141.00 Dr,
14-07-2026,Vishnu Dairy Lalchandpura,Receipt,481,,9000
,Cash,,,9000.00 Dr,
14-07-2026,Godha Enterprises (Hingoniya),Receipt,482,,9500
,Cash,,,9500.00 Dr,
14-07-2026,M M Trading Company - Khejroli,Receipt,483,,9800
,Cash,,,9800.00 Dr,
14-07-2026,Discount Given,Journal,10,4378,
,Shri Mahaveer Treding Company Rayla,,,,4378.00 Cr
14-07-2026,Discount Given,Journal,11,50,
,"Kailash Chand Deen Dayal - Kasera, Shreemodhopur",,,,50.00 Cr
14-07-2026,Discount Given,Journal,12,1442,
,Vinayak Brothers - Renwal,,,,1442.00 Cr
14-07-2026,Discount Given,Journal,13,4463,
,Vinayak Genral Stor Ranwal,,,,4463.00 Cr
14-07-2026,Krishna Baat Bhandhar- Sirsi Mode,Sales,3714/25-26,18760,
,Sales Account,,,,18760.00 Cr
14-07-2026,Dinesh Baat Bhandar  (Dhabash),Sales,3715/25-26,13950,
,Sales Account,,,,13950.00 Cr
14-07-2026,Jai Shanker Rice and  Gen Mill,Purchase,93,,763385
,Purchase Account,,,763385.00 Dr,
15-07-2026,Khandelwal Steel Jaipur - Jaipur,Payment,337,8434,
,HDFC Bank,,,,8434.00 Cr
15-07-2026,Wages Expenses A/C,Payment,338,7650,
,Cash,,,,7650.00 Cr
15-07-2026,Machinery Reparing,Payment,339,2350,
,Cash,,,,2350.00 Cr
15-07-2026,(cancelled),Receipt,484,,
15-07-2026,(cancelled),Receipt,485,,
15-07-2026,(cancelled),Receipt,486,,
15-07-2026,Vishnu Dairy Lalchandpura,Receipt,487,,9000
,Cash,,,9000.00 Dr,
15-07-2026,Godha Enterprises (Hingoniya),Receipt,488,,9500
,Cash,,,9500.00 Dr,
15-07-2026,M M Trading Company - Khejroli,Receipt,489,,9800
,Cash,,,9800.00 Dr,
15-07-2026,Shri Shyam Baat Bhandar (Bad Ke Bala Ji ),Receipt,490,,13435
,HDFC Bank,,,13435.00 Dr,
15-07-2026,Maa Karni Baat Bhander Sodala,Receipt,491,,26180
,HDFC Bank,,,26180.00 Dr,
15-07-2026,Yasika Agro Feed Industries Merta City,Receipt,492,,100000
,HDFC Bank,,,100000.00 Dr,
15-07-2026,Moti Ratan Trading Company Bhilwara,Receipt,493,,20000
,HDFC Bank,,,20000.00 Dr,
15-07-2026,Ganesh Pashuahar Chaksu,Sales,3716/25-26,119508,
,Sales Account,,,,119508.00 Cr
15-07-2026,Shri Shyam Baat Bhandar (Bad Ke Bala Ji ),Sales,3717/25-26,18096,
,Sales Account,,,,18096.00 Cr
15-07-2026,Shyam Ji Yadav,Sales,3718/2026-27,65950,
,Sales Account,,,,65950.00 Cr
15-07-2026,Ishwar and Company Surajpool,Sales,3719/2026-27,88750,
,Sales Account,,,,88750.00 Cr
15-07-2026,Vinayak Fabriks Badharna,Purchase,94,,43776
,Purchase Account,,,37098.00 Dr,
,SGST-Tax,,,3339.00 Dr,
,CGST-Tax,,,3339.00 Dr,
16-07-2026,Telephone Exp,Payment,340,1034,
,HDFC Bank,,,,1034.00 Cr
16-07-2026,Wages Expenses A/C,Payment,341,7600,
,Cash,,,,7600.00 Cr
16-07-2026,Convence Expensece,Payment,342,4000,
,Cash,,,,4000.00 Cr
16-07-2026,(cancelled),Receipt,494,,
16-07-2026,Pashupati Trading Company,Receipt,495,,55700
,Punjab National Bank - New,,,55700.00 Dr,
16-07-2026,Vishnu Dairy Lalchandpura,Receipt,496,,5000
,Cash,,,5000.00 Dr,
16-07-2026,Godha Enterprises (Hingoniya),Receipt,497,,9500
,Cash,,,9500.00 Dr,
16-07-2026,M M Trading Company - Khejroli,Receipt,498,,9800
,Cash,,,9800.00 Dr,
16-07-2026,Nagarmal Pramod Kumar - Chidawa,Sales,3720/2026-27,49862,
,Sales Account,,,,49862.00 Cr
16-07-2026,J.S. Packers - Jaipur,Purchase,95,,15938
,Purchase Account,,,13507.00 Dr,
,CGST-Tax,,,1215.50 Dr,
,SGST-Tax,,,1215.50 Dr,
17-07-2026,H R K Indestrises Pilibhit Up,Payment,343,720143,
,HDFC Bank,,,,720143.00 Cr
17-07-2026,Wages Expenses A/C,Payment,344,7550,
,Cash,,,,7550.00 Cr
17-07-2026,Convence Expensece,Payment,345,3000,
,Cash,,,,3000.00 Cr
17-07-2026,(cancelled),Receipt,499,,
17-07-2026,(cancelled),Receipt,500,,
17-07-2026,(cancelled),Receipt,501,,
17-07-2026,Godha Enterprises (Hingoniya),Receipt,502,,9500
,Cash,,,9500.00 Dr,
17-07-2026,M M Trading Company - Khejroli,Receipt,503,,9800
,Cash,,,9800.00 Dr,
17-07-2026,SHRI BALAJI ENTERPRISES-TIGARIYA,Receipt,504,,70000
,HDFC Bank,,,70000.00 Dr,
17-07-2026,Choudhary Pashu Aahar  Parbatsar,Receipt,505,,70000
,HDFC Bank,,,70000.00 Dr,
17-07-2026,M/s Arihant Traders,Receipt,506,,40000
,HDFC Bank,,,40000.00 Dr,
17-07-2026,G.K.N - Industries,Sales,3721/2026-27,53444,
,Sales Account,,,,53444.00 Cr
18-07-2026,Wages Expenses A/C,Payment,346,7650,
,Cash,,,,7650.00 Cr
18-07-2026,Tour & Travel,Payment,347,2660,
,Cash,,,,2660.00 Cr
18-07-2026,Nagarmal Pramod Kumar - Chidawa,Receipt,507,,49862
,Punjab National Bank - New,,,49862.00 Dr,
18-07-2026,Godha Enterprises (Hingoniya),Receipt,508,,9000
,Cash,,,9000.00 Dr,
18-07-2026,M M Trading Company - Khejroli,Receipt,509,,9800
,Cash,,,9800.00 Dr,
18-07-2026,Jhutha Ramji Khejroli,Sales,3722/2026-27,89250,
,Sales Account,,,,89250.00 Cr
18-07-2026,SHRI BALAJI ENTERPRISES-TIGARIYA,Sales,3723/2026-27,79045,
,Sales Account,,,,79045.00 Cr
18-07-2026,Dudi Trading Company,Sales,3724/2026-27,97900,
,Sales Account,,,,97900.00 Cr
19-07-2026,(cancelled),Receipt,510,,
19-07-2026,Krishna Baat Bhandhar- Sirsi Mode,Receipt,511,,9000
,Cash,,,9000.00 Dr,
19-07-2026,Godha Enterprises (Hingoniya),Receipt,512,,5000
,HDFC Bank,,,5000.00 Dr,
20-07-2026,Wages Expenses A/C,Payment,348,7500,
,Cash,,,,7500.00 Cr
20-07-2026,Office Expenses,Payment,349,2680,
,Cash,,,,2680.00 Cr
20-07-2026,S M Sales Corporation  Jaipur,Payment,350,38385,
,Punjab National Bank - New,,,,38385.00 Cr
20-07-2026,Godha Enterprises (Hingoniya),Receipt,513,,2000
,Cash,,,2000.00 Dr,
20-07-2026,(cancelled),Receipt,514,,
20-07-2026,(cancelled),Receipt,515,,
20-07-2026,(cancelled),Receipt,516,,
20-07-2026,(cancelled),Receipt,517,,
20-07-2026,M M Trading Company - Khejroli,Receipt,518,,9800
,Cash,,,9800.00 Dr,
20-07-2026,Krishna Baat Bhandhar- Sirsi Mode,Receipt,519,,9700
,Cash,,,9700.00 Dr,
20-07-2026,M/s Arihant Traders,Receipt,520,,50000
,HDFC Bank,,,50000.00 Dr,
20-07-2026,Ankit Trading Company Fulera,Receipt,521,,36871
,HDFC Bank,,,36871.00 Dr,
20-07-2026,Dudi Trading Company,Receipt,522,,97900
,HDFC Bank,,,97900.00 Dr,
20-07-2026,Shiv Trading Comnay Vatika,Receipt,523,,86179
,HDFC Bank,,,86179.00 Dr,
20-07-2026,Ramesver Lal Hanuman Shay Ajmer,Receipt,524,,16000
,Punjab National Bank - New,,,16000.00 Dr,
20-07-2026,Godha Enterprises (Hingoniya),Sales,3725/2026-27,92000,
,Sales Account,,,,92000.00 Cr
20-07-2026,Ankit Trading Company Fulera,Sales,3726/2026-27,80252,
,Sales Account,,,,80252.00 Cr
20-07-2026,Maa Karni Baat Bhander Sodala,Sales,3727/2026-27,14630,
,Sales Account,,,,14630.00 Cr
20-07-2026,Balaji Indastrises  Didwana,Sales,3728/25-26,83815,
,Sales Account,,,,83815.00 Cr
20-07-2026,M/s Arihant Traders,Sales,3729/25-26,288000,
,Sales Account,,,,288000.00 Cr
20-07-2026,Arihant  Kumar Rahul Kumar  Medta Seety - S,Sales,3730/25-26,94635,
,Sales Account,,,,94635.00 Cr
21-07-2026,Jai Shanker Rice and  Gen Mill,Payment,351,763385,
,HDFC Bank,,,,763385.00 Cr
21-07-2026,Wages Expenses A/C,Payment,352,7600,
,Cash,,,,7600.00 Cr
21-07-2026,Printing & Stationary,Payment,353,2150,
,Cash,,,,2150.00 Cr
21-07-2026,M M Trading Company - Khejroli,Receipt,525,,9800
,Cash,,,9800.00 Dr,
22-07-2026,(cancelled),Contra,1,,
22-07-2026,Cash,Contra,2,,200000
,HDFC Bank,,,200000.00 Dr,
22-07-2026,Wages Expenses A/C,Payment,354,7650,
,Cash,,,,7650.00 Cr
22-07-2026,Tour & Travel,Payment,355,2180,
,Cash,,,,2180.00 Cr
22-07-2026,Mittal Trading Company Jaipur Kukarkheda Mandhi,Payment,356,13782,
,Punjab National Bank - New,,,,13782.00 Cr
22-07-2026,(cancelled),Receipt,526,,
22-07-2026,(cancelled),Receipt,527,,
22-07-2026,(cancelled),Receipt,528,,
22-07-2026,M M Trading Company - Khejroli,Receipt,529,,8000
,Cash,,,8000.00 Dr,
22-07-2026,(cancelled),Receipt,530,,
22-07-2026,Shri Shyam Baat Bhandar (Bad Ke Bala Ji ),Receipt,531,,18472
,HDFC Bank,,,18472.00 Dr,
22-07-2026,Murlidhar Ji Yadav- Khejroli,Receipt,532,,25000
,HDFC Bank,,,25000.00 Dr,
22-07-2026,Maa Karni Baat Bhander Sodala,Receipt,533,,8135
,HDFC Bank,,,8135.00 Dr,
22-07-2026,S Kumar & Company - Navalgarh,Receipt,534,,20000
,HDFC Bank,,,20000.00 Dr,
22-07-2026,Balaji Trading  Company  - Lalshot,Sales,3731/25-26,70740,
,Sales Account,,,,70740.00 Cr
22-07-2026,Shri Shyam Baat Bhandar (Bad Ke Bala Ji ),Sales,3732/25-26,13986,
,Sales Account,,,,13986.00 Cr
22-07-2026,Shri Vaibhav Metacast Pvt Ltd Unit,Sales,3733/25-26,44270,
,Sales Account,,,,44270.00 Cr
22-07-2026,Arihant  Kumar Rahul Kumar  Medta Seety - S,Sales,3734/25-26,100715,
,Sales Account,,,,100715.00 Cr
23-07-2026,Wages Expenses A/C,Payment,357,7600,
,Cash,,,,7600.00 Cr
23-07-2026,Machinery Reparing,Payment,358,1850,
,Cash,,,,1850.00 Cr
23-07-2026,M M Trading Company - Khejroli,Receipt,535,,2850
,Cash,,,2850.00 Dr,
23-07-2026,Maa Karni Baat Bhander Sodala,Receipt,536,,6495
,Cash,,,6495.00 Dr,
23-07-2026,(cancelled),Receipt,537,,
23-07-2026,Vishnu Dairy Lalchandpura,Receipt,538,,9400
,Cash,,,9400.00 Dr,
23-07-2026,Balaji Trading  Company  - Lalshot,Receipt,539,,70740
,HDFC Bank,,,70740.00 Dr,
23-07-2026,Ankit Trading Company Fulera,Receipt,540,,27634
,HDFC Bank,,,27634.00 Dr,
23-07-2026,Shyam Baat Bhandar - Kanwarpura,Receipt,541,,9800
,Cash,,,9800.00 Dr,
23-07-2026,Mamraj and Company Khejroli,Receipt,542,,9800
,Cash,,,9800.00 Dr,
23-07-2026,Jai Jagdamba Treding Company Nangal Bhirda,Receipt,543,,9800
,Cash,,,9800.00 Dr,
23-07-2026,Discount Given,Journal,14,60,
,Krishna Baat Bhandhar- Sirsi Mode,,,,60.00 Cr
24-07-2026,Wages Expenses A/C,Payment,359,7550,
,Cash,,,,7550.00 Cr
24-07-2026,Tour & Travel,Payment,360,2350,
,Cash,,,,2350.00 Cr
24-07-2026,(cancelled),Receipt,544,,
24-07-2026,(cancelled),Receipt,545,,
24-07-2026,Vishnu Dairy Lalchandpura,Receipt,546,,9400
,Cash,,,9400.00 Dr,
24-07-2026,Rakesh Kirana Store - Khejroli,Receipt,547,,37265
,HDFC Bank,,,37265.00 Dr,
24-07-2026,Babulal Ji Yadav - Mahaswas,Receipt,548,,89000
,HDFC Bank,,,89000.00 Dr,
24-07-2026,Shyam Baat Bhandar - Kanwarpura,Receipt,549,,9800
,Cash,,,9800.00 Dr,
24-07-2026,Mamraj and Company Khejroli,Receipt,550,,9800
,Cash,,,9800.00 Dr,
24-07-2026,Jai Jagdamba Treding Company Nangal Bhirda,Receipt,551,,9800
,Cash,,,9800.00 Dr,
24-07-2026,Discount Given,Journal,15,550,
,Babulal Ji Yadav - Mahaswas,,,,550.00 Cr
24-07-2026,Discount Given,Journal,16,38,
,Rakesh Kirana Store - Khejroli,,,,38.00 Cr
24-07-2026,Dudi Trading Company,Sales,3735/2026-27,246715,
,Sales Account,,,,246715.00 Cr
24-07-2026,Mittal Trading Company Jaipur Kukarkheda Mandhi,Purchase,96,,3932
,Purchase Account,,,3932.00 Dr,
25-07-2026,Wages Expenses A/C,Payment,361,7650,
,Cash,,,,7650.00 Cr
25-07-2026,Convence Expensece,Payment,362,4400,
,Cash,,,,4400.00 Cr
25-07-2026,Vishnu Dairy Lalchandpura,Receipt,552,,9400
,Cash,,,9400.00 Dr,
25-07-2026,Shyam Baat Bhandar - Kanwarpura,Receipt,553,,9800
,Cash,,,9800.00 Dr,
25-07-2026,Mamraj and Company Khejroli,Receipt,554,,9800
,Cash,,,9800.00 Dr,
25-07-2026,Jai Jagdamba Treding Company Nangal Bhirda,Receipt,555,,9800
,Cash,,,9800.00 Dr,
25-07-2026,Babulal Ji Yadav - Mahaswas,Sales,3736/2026-27,89250,
,Sales Account,,,,89250.00 Cr
26-07-2026,Manish Trandig Company,Receipt,556,,9500
,Cash,,,9500.00 Dr,
26-07-2026,Ishwar and Company Surajpool,Sales,373/2026-27,22187,
,Sales Account,,,,22187.00 Cr
26-07-2026,Jai Maa Cattal Feed,Purchase,97,,30334
,Purchase Account,,,30334.00 Dr,
27-07-2026,Wages Expenses A/C,Payment,363,7500,
,Cash,,,,7500.00 Cr
27-07-2026,(cancelled),Receipt,557,,
27-07-2026,(cancelled),Receipt,558,,
27-07-2026,(cancelled),Receipt,559,,
27-07-2026,Choudhary Pashu Aahar  Parbatsar,Receipt,560,,22170
,HDFC Bank,,,22170.00 Dr,
27-07-2026,Dudi Trading Company,Receipt,561,,246715
,HDFC Bank,,,246715.00 Dr,
27-07-2026,M/s Arihant Traders,Receipt,562,,42750
,HDFC Bank,,,42750.00 Dr,
27-07-2026,Shyam Baat Bhandar - Kanwarpura,Receipt,563,,9800
,Cash,,,9800.00 Dr,
27-07-2026,Mamraj and Company Khejroli,Receipt,564,,9800
,Cash,,,9800.00 Dr,
27-07-2026,Jai Jagdamba Treding Company Nangal Bhirda,Receipt,565,,9800
,Cash,,,9800.00 Dr,
27-07-2026,Manish Trandig Company,Receipt,566,,9500
,Cash,,,9500.00 Dr,
27-07-2026,Arihant  Kumar Rahul Kumar  Medta Seety - S,Sales,3738/2026-27,68310,
,Sales Account,,,,68310.00 Cr
28-07-2026,BUSINESS PROMOTION EXPENSES,Payment,364,47250,
,HDFC Bank,,,,47250.00 Cr
28-07-2026,Wages Expenses A/C,Payment,365,7650,
,Cash,,,,7650.00 Cr
28-07-2026,Office Expenses,Payment,366,2250,
,Cash,,,,2250.00 Cr
28-07-2026,(cancelled),Receipt,567,,
28-07-2026,Ramnarayan Ji Yadev  Dhanota,Receipt,568,,63750
,HDFC Bank,,,63750.00 Dr,
28-07-2026,Shyam Baat Bhandar - Kanwarpura,Receipt,569,,9800
,Cash,,,9800.00 Dr,
28-07-2026,Mamraj and Company Khejroli,Receipt,570,,9800
,Cash,,,9800.00 Dr,
28-07-2026,Jai Jagdamba Treding Company Nangal Bhirda,Receipt,571,,9800
,Cash,,,9800.00 Dr,
28-07-2026,Manish Trandig Company,Receipt,572,,9500
,Cash,,,9500.00 Dr,
28-07-2026,Dugya Cattle Feed - Muhana,Sales,3739/2026-27,68100,
,Sales Account,,,,68100.00 Cr
28-07-2026,Ishwar and Company Surajpool,Sales,3740/2026-27,64750,
,Sales Account,,,,64750.00 Cr
29-07-2026,Wages Expenses A/C,Payment,367,7650,
,Cash,,,,7650.00 Cr
29-07-2026,Tour & Travel,Payment,368,2650,
,Cash,,,,2650.00 Cr
29-07-2026,(cancelled),Receipt,573,,
29-07-2026,Shri Shyam Baat Bhandar (Bad Ke Bala Ji ),Receipt,574,,18096
,HDFC Bank,,,18096.00 Dr,
29-07-2026,Choudhary Pashu Aahar  Parbatsar,Receipt,575,,35000
,HDFC Bank,,,35000.00 Dr,
29-07-2026,Shyam Baat Bhandar - Kanwarpura,Receipt,576,,9800
,Cash,,,9800.00 Dr,
29-07-2026,Mamraj and Company Khejroli,Receipt,577,,9800
,Cash,,,9800.00 Dr,
29-07-2026,Jai Jagdamba Treding Company Nangal Bhirda,Receipt,578,,9000
,Cash,,,9000.00 Dr,
29-07-2026,Manish Trandig Company,Receipt,579,,9500
,Cash,,,9500.00 Dr,
29-07-2026,Shri Shyam Baat Bhandar (Bad Ke Bala Ji ),Sales,3741/2026-27,17876,
,Sales Account,,,,17876.00 Cr
29-07-2026,"Kailash Chand Deen Dayal - Kasera, Shreemodhopur",Sales,3742/2026-27,61110,
,Sales Account,,,,61110.00 Cr
29-07-2026,Goyal Treders Fhagi,Sales,3743/2026-27,92495,
,Sales Account,,,,92495.00 Cr
29-07-2026,DILIP UDYOUG,Purchase,98,,69052
,Purchase Account,,,69052.00 Dr,
29-07-2026,J.S. Packers - Jaipur,Purchase,99,,3218
,Purchase Account,,,2727.00 Dr,
,CGST-Tax,,,245.50 Dr,
,SGST-Tax,,,245.50 Dr,
30-07-2026,Wages Expenses A/C,Payment,369,7550,
,Cash,,,,7550.00 Cr
30-07-2026,Tour & Travel,Payment,370,4000,
,Cash,,,,4000.00 Cr
30-07-2026,Car Loan - Hyrider,Payment,371,48357,
,Punjab National Bank - New,,,,48357.00 Cr
30-07-2026,(cancelled),Receipt,580,,
30-07-2026,(cancelled),Receipt,581,,
30-07-2026,Dugya Cattle Feed - Muhana,Receipt,582,,77300
,HDFC Bank,,,77300.00 Dr,
30-07-2026,Shyam Baat Bhandar - Kanwarpura,Receipt,583,,9750
,Cash,,,9750.00 Dr,
30-07-2026,Mamraj and Company Khejroli,Receipt,584,,9800
,Cash,,,9800.00 Dr,
30-07-2026,Manish Trandig Company,Receipt,585,,9500
,Cash,,,9500.00 Dr,
30-07-2026,Ranjeet Singh,Sales,3744/2026-27,22390,
,Sales Account,,,,22390.00 Cr
30-07-2026,Arihant  Kumar Rahul Kumar  Medta Seety - S,Sales,3745/2026-27,52866,
,Sales Account,,,,52866.00 Cr
30-07-2026,Choudhary Pashu Aahar  Parbatsar,Sales,3746/2026-27,111150,
,Sales Account,,,,111150.00 Cr
30-07-2026,Khandelwal Kirana  Store - Nindar,Sales,3747/2026-27,31600,
,Sales Account,,,,31600.00 Cr
30-07-2026,Mittal Trading Company Jaipur Kukarkheda Mandhi,Purchase,100,,4000
,Purchase Account,,,4000.00 Dr,
30-07-2026,Empire  Threads Jaipur,Purchase,101,,13020
,Purchase Account,,,12400.00 Dr,
,CGST-Tax,,,310.00 Dr,
,SGST-Tax,,,310.00 Dr,
31-07-2026,Wages Expenses A/C,Payment,372,7600,
,Cash,,,,7600.00 Cr
31-07-2026,Printing & Stationary,Payment,373,1680,
,Cash,,,,1680.00 Cr
31-07-2026,(cancelled),Receipt,586,,
31-07-2026,(cancelled),Receipt,587,,
31-07-2026,(cancelled),Receipt,588,,
31-07-2026,(cancelled),Receipt,589,,
31-07-2026,Balaji Indastrises  Didwana,Receipt,590,,83815
,HDFC Bank,,,83815.00 Dr,
31-07-2026,Ranjeet Singh,Receipt,591,,22390
,HDFC Bank,,,22390.00 Dr,
31-07-2026,Shri Chand Pasu Aahar Malpura,Receipt,592,,116865
,HDFC Bank,,,116865.00 Dr,
31-07-2026,Mamraj and Company Khejroli,Receipt,593,,9800
,Cash,,,9800.00 Dr,
31-07-2026,Manish Trandig Company,Receipt,594,,9500
,Cash,,,9500.00 Dr,
31-07-2026,Giriraj Enterprises - Kalu Ka Baas,Sales,3748/2026-27,69142,
,Sales Account,,,,69142.00 Cr
31-07-2026,Jain & Brothers - Muhana Mandi,Sales,3749/2026-27,73452,
,Sales Account,,,,73452.00 Cr
31-07-2026,Shri Chand Pasu Aahar Malpura,Sales,3750/2026-27,101184,
,Sales Account,,,,101184.00 Cr
31-07-2026,Nagarmal Pramod Kumar - Chidawa,Sales,3751/2026-27,56448,
,Sales Account,,,,56448.00 Cr
31-07-2026,Dinesh Kumar Tarun Kumar Bardana,Purchase,102,,3412
,Purchase Account,,,3250.00 Dr,
,CGST-Tax,,,81.00 Dr,
,SGST-Tax,,,81.00 Dr,
31-07-2026,J.S. Packers - Jaipur,Purchase,103,,46231
,Purchase Account,,,39179.00 Dr,
,CGST-Tax,,,3526.00 Dr,
,SGST-Tax,,,3526.00 Dr,
31-07-2026,Mangal Treding Company Kukerkheda Mhandi,Purchase,104,,3213
,Purchase Account,,,3060.00 Dr,
,CGST-Tax,,,76.50 Dr,
,SGST-Tax,,,76.50 Dr,
01-08-2026,Mamraj and Company Khejroli,Receipt,595,,9800
,Cash,,,9800.00 Dr,
01-08-2026,Manish Trandig Company,Receipt,596,,9500
,Cash,,,9500.00 Dr,
01-08-2026,"Kailash Chand Deen Dayal - Kasera, Shreemodhopur",Receipt,597,,61060
,Punjab National Bank - New,,,61060.00 Dr,
01-08-2026,Nagarmal Pramod Kumar - Chidawa,Receipt,598,,56448
,Punjab National Bank - New,,,56448.00 Dr,
01-08-2026,Shiv Trading Comnay Vatika,Sales,3752/2026-27,86180,
,Sales Account,,,,86180.00 Cr
03-08-2026,Jaipur Packers - Rajasthan,Payment,374,132223,
,Punjab National Bank - New,,,,132223.00 Cr
03-08-2026,M/s Arihant Traders,Receipt,599,,50000
,HDFC Bank,,,50000.00 Dr,
03-08-2026,Patel Enterprises  Rojda,Receipt,600,,69300
,HDFC Bank,,,69300.00 Dr,
03-08-2026,Mamraj and Company Khejroli,Receipt,601,,1050
,Cash,,,1050.00 Dr,
03-08-2026,Jai Jagdamba Treding Company Nangal Bhirda,Receipt,602,,1550
,Cash,,,1550.00 Dr,
03-08-2026,Shri Govind Yadav Hirapura,Receipt,603,,8000
,Cash,,,8000.00 Dr,
03-08-2026,Manish Trandig Company,Receipt,604,,2500
,Cash,,,2500.00 Dr,
03-08-2026,Discount Given,Journal,17,1624,
,Manish Trandig Company,,,,1624.00 Cr
03-08-2026,Shri Vaibhav Metacast Pvt Ltd Unit,Sales,3753/2026-27,45690,
,Sales Account,,,,45690.00 Cr
03-08-2026,M M Trading Company - Khejroli,Sales,3754/2026-27,89250,
,Sales Account,,,,89250.00 Cr
04-08-2026,Dinesh Kumar Tarun Kumar Bardana,Payment,375,3412,
,Punjab National Bank - New,,,,3412.00 Cr
04-08-2026,Tarachand Ji -Yadav Khejroli,Receipt,605,,48000
,HDFC Bank,,,48000.00 Dr,
04-08-2026,Shri Govind Yadav Hirapura,Receipt,606,,3665
,Cash,,,3665.00 Dr,
04-08-2026,S K Dairy - Mukunpura,Receipt,607,,5000
,Cash,,,5000.00 Dr,
04-08-2026,Anu Baat Bhandhar - Bheru Khejda,Sales,3755/2026-27,75970,
,Sales Account,,,,75970.00 Cr
05-08-2026,Arihant  Kumar Rahul Kumar  Medta Seety - S,Payment,376,728,
,Cash,,,,728.00 Cr
05-08-2026,Balaji Indastrises  Didwana,Payment,377,1,
,Cash,,,,1.00 Cr
05-08-2026,Laxmipati Traders,Payment,378,4910,
,Cash,,,,4910.00 Cr
05-08-2026,M M Trading Company - Khejroli,Payment,379,1750,
,Cash,,,,1750.00 Cr
05-08-2026,Vishnu Dairy Lalchandpura,Payment,380,1575,
,Cash,,,,1575.00 Cr
05-08-2026,Machinery Reparing,Payment,381,4583,
,Punjab National Bank - New,,,,4583.00 Cr
05-08-2026,Shri Shyam Baat Bhandar (Bad Ke Bala Ji ),Receipt,608,,17876
,HDFC Bank,,,17876.00 Dr,
05-08-2026,Yasika Agro Feed Industries Merta City,Receipt,609,,100000
,HDFC Bank,,,100000.00 Dr,
05-08-2026,Shri Shyam Baat Bhandar (Bad Ke Bala Ji ),Receipt,610,,13986
,HDFC Bank,,,13986.00 Dr,
05-08-2026,Anukumar Mukesh Kumar Malpura,Receipt,611,,65150
,Punjab National Bank - New,,,65150.00 Dr,
05-08-2026,Arihant  Kumar Rahul Kumar  Medta Seety - S,Receipt,612,,52866
,Arihant  Kumar Rahul Kumar  Medta Seety - S,,,,69795.00 Cr
,Arihant  Kumar Rahul Kumar  Medta Seety - S,,,,100758.00 Cr
,Arihant  Kumar Rahul Kumar  Medta Seety - S,,,,93835.00 Cr
,HDFC Bank,,,317254.00 Dr,
05-08-2026,Shri Namokaar Trading Company,Receipt,613,,5000
,Cash,,,5000.00 Dr,
05-08-2026,S K Dairy - Mukunpura,Receipt,614,,5000
,Cash,,,5000.00 Dr,
05-08-2026,Ranjeet Singh,Receipt,615,,9000
,Cash,,,9000.00 Dr,
05-08-2026,Discount Given,Journal,18,2058,
,Anukumar Mukesh Kumar Malpura,,,,2058.00 Cr
05-08-2026,Discount Given,Journal,19,5075,
,Greenfield,,,,5075.00 Cr
05-08-2026,Discount Given,Journal,20,40,
,Krishna Baat Bhandhar- Sirsi Mode,,,,40.00 Cr
05-08-2026,Discount Given,Journal,21,3270,
,KAMAL TRADING CO Dudu,,,,3270.00 Cr
05-08-2026,Discount Given,Journal,22,45,
,Ramnarayan Ji Yadev  Dhanota,,,,45.00 Cr
05-08-2026,Discount Given,Journal,23,20,
,Shyam Baat Bhandar - Kanwarpura,,,,20.00 Cr
05-08-2026,Shri Shyam Baat Bhandar (Bad Ke Bala Ji ),Sales,3756/2026-27,22759,
,Sales Account,,,,22759.00 Cr
05-08-2026,Arihant  Kumar Rahul Kumar  Medta Seety - S,Sales,3757/2026-27,75918,
,Sales Account,,,,75918.00 Cr
05-08-2026,Manish Trandig Company,Sales,3760/2026-27,72450,
,Sales Account,,,,72450.00 Cr
06-08-2026,Ankit Trading Company Fulera,Receipt,616,,80606
,HDFC Bank,,,80606.00 Dr,
06-08-2026,Anu Baat Bhandhar - Bheru Khejda,Receipt,617,,9000
,Cash,,,9000.00 Dr,
06-08-2026,Shri Namokaar Trading Company,Receipt,618,,5000
,Cash,,,5000.00 Dr,
06-08-2026,Ranjeet Singh,Receipt,619,,9000
,Cash,,,9000.00 Dr,
06-08-2026,Prakash Enterprises - Phulera,Sales,3758/26-27,28118,
,Sales Account,,,,28118.00 Cr
06-08-2026,(cancelled),Sales,3759/25-26,,
06-08-2026,SHRI BALAJI ENTERPRISES-TIGARIYA,Sales,3161/2026-27,74810,
,Sales Account,,,,74810.00 Cr
06-08-2026,Jain & Brothers - Muhana Mandi,Sales,3762/20266-27,71688,
,Sales Account,,,,71688.00 Cr
06-08-2026,Anukumar Mukesh Kumar Malpura,Sales,3763/2026-27,74600,
,Sales Account,,,,74600.00 Cr
07-08-2026,Shri Namokaar Trading Company,Receipt,620,,5000
,Cash,,,5000.00 Dr,
07-08-2026,Mukesh Ji Yadav - Kanarpura,Receipt,621,,5000
,Cash,,,5000.00 Dr,
07-08-2026,Shri Balaji Trading Company Kotputli,Receipt,622,,15500
,HDFC Bank,,,15500.00 Dr,
07-08-2026,Ishwar and Company Surajpool,Receipt,623,,139338
,HDFC Bank,,,139338.00 Dr,
07-08-2026,Yasika Agro Feed Industries Merta City,Receipt,624,,100000
,HDFC Bank,,,100000.00 Dr,
07-08-2026,Shri Vaibhav Metacast Pvt Ltd Unit,Receipt,625,,44270
,HDFC Bank,,,44270.00 Dr,
07-08-2026,Ranjeet Singh,Receipt,626,,4020
,Cash,,,4020.00 Dr,
07-08-2026,Shri Shyam Treding Company Khejroli,Receipt,627,,9800
,Cash,,,9800.00 Dr,
07-08-2026,Balaji Trading  Company  - Lalshot,Sales,3764/2026-27,75456,
,Sales Account,,,,75456.00 Cr
07-08-2026,Ranjeet Singh,Sales,3765/2026-27,22020,
,Sales Account,,,,22020.00 Cr
07-08-2026,Patel Enterprises  Rojda,Sales,3766/2026-27,71250,
,Sales Account,,,,71250.00 Cr
07-08-2026,Ganesh Pashuahar Chaksu,Sales,3767/2026-27,100130,
,Sales Account,,,,100130.00 Cr
07-08-2026,Arihant  Kumar Rahul Kumar  Medta Seety - S,Sales,3768-2026-27,69795,
,Sales Account,,,,69795.00 Cr
07-08-2026,Arihant  Kumar Rahul Kumar  Medta Seety - S,Sales,3769/2026-27,73140,
,Sales Account,,,,73140.00 Cr
08-08-2026,Shri Shyam Treding Company Khejroli,Receipt,628,,9800
,Cash,,,9800.00 Dr,
08-08-2026,Ankit Trading Company Fulera,Sales,3770/2026-27,71024,
,Sales Account,,,,71024.00 Cr
09-08-2026,Yasika Agro Feed Industries Merta City,Sales,3771/2026-27,220000,
,Sales Account,,,,220000.00 Cr
10-08-2026,Electricity and Water Expenses,Payment,382,74776,
,HDFC Bank,,,,74776.00 Cr
10-08-2026,Giriraj Trading Company - Alwar,Receipt,629,,25000
,HDFC Bank,,,25000.00 Dr,
10-08-2026,Balaji Trading  Company  - Lalshot,Receipt,630,,75456
,HDFC Bank,,,75456.00 Dr,
10-08-2026,Kedar Kirana Stor Benadamod,Receipt,631,,55350
,HDFC Bank,,,55350.00 Dr,
10-08-2026,Shri Shyam Treding Company Khejroli,Receipt,632,,9800
,Cash,,,9800.00 Dr,
11-08-2026,Gopal Krishan Ram Kumar,Payment,383,852155,
,HDFC Bank,,,,852155.00 Cr
11-08-2026,Gokul Industries Jaipur,Payment,384,31250,
,HDFC Bank,,,,31250.00 Cr
11-08-2026,Mukesh Industries Jodhpur,Payment,385,255465,
,HDFC Bank,,,,255465.00 Cr
11-08-2026,Jain & Brothers - Muhana Mandi,Receipt,633,,143271
,HDFC Bank,,,143271.00 Dr,
11-08-2026,M/s Arihant Traders,Receipt,634,,50000
,HDFC Bank,,,50000.00 Dr,
11-08-2026,Choudhary Pashu Aahar  Parbatsar,Receipt,635,,50000
,HDFC Bank,,,50000.00 Dr,
11-08-2026,Shri Shyam Treding Company Khejroli,Receipt,636,,9800
,Cash,,,9800.00 Dr,
11-08-2026,Chiiter Ji Saini Lalchand Pura,Sales,3772/2026-27,78350,
,Sales Account,,,,78350.00 Cr
11-08-2026,Vishnu Natani Baghwadd,Sales,3773/2026-27,21359,
,Sales Account,,,,21359.00 Cr
11-08-2026,Uttam Agencies Sambriya,Sales,3774/2026/27,54548,
,Sales Account,,,,54548.00 Cr
11-08-2026,Ishwar and Company Surajpool,Sales,3775/2026-27,92500,
,Sales Account,,,,92500.00 Cr
12-08-2026,Ganesh Pashuahar Chaksu,Receipt,637,,200000
,HDFC Bank,,,200000.00 Dr,
12-08-2026,Ganesh Pashuahar Chaksu,Receipt,638,,100000
,HDFC Bank,,,100000.00 Dr,
12-08-2026,Goyal Treders Fhagi,Receipt,639,,92695
,HDFC Bank,,,92695.00 Dr,
12-08-2026,Mehta Baat Bhandhar - GovindPura,Receipt,640,,57510
,HDFC Bank,,,57510.00 Dr,
12-08-2026,Shri Shyam Baat Bhandar (Bad Ke Bala Ji ),Receipt,641,,22759
,HDFC Bank,,,22759.00 Dr,
12-08-2026,Shri Shyam Treding Company Khejroli,Receipt,642,,9800
,Cash,,,9800.00 Dr,
12-08-2026,Nagarmal Pramod Kumar - Chidawa,Sales,3776/2026-27,53626,
,Sales Account,,,,53626.00 Cr
12-08-2026,Shri Shyam Baat Bhandar (Bad Ke Bala Ji ),Sales,3777/2026-27,22759,
,Sales Account,,,,22759.00 Cr
13-08-2026,G.K.N - Industries,Receipt,643,,65000
,HDFC Bank,,,65000.00 Dr,
13-08-2026,SHRI BALAJI ENTERPRISES-TIGARIYA,Receipt,644,,90000
,HDFC Bank,,,90000.00 Dr,
13-08-2026,Shri Shyam Treding Company Khejroli,Receipt,645,,10950
,HDFC Bank,,,10950.00 Dr,
13-08-2026,Murlidhar Ji Yadav- Khejroli,Receipt,646,,30000
,HDFC Bank,,,30000.00 Dr,
13-08-2026,Bansidhar Ji Tatla - Nangal Koju,Receipt,647,,500
,HDFC Bank,,,500.00 Dr,
13-08-2026,Shri Shyam Treding Company Khejroli,Receipt,648,,9800
,Cash,,,9800.00 Dr,
13-08-2026,Sadha Shiv Jyotiling Mahadav Mandir,Sales,3778/2026-27,80284,
,Sales Account,,,,80284.00 Cr
13-08-2026,Tarachand Ji -Yadav Khejroli,Sales,3779/2026-27,48275,
,Sales Account,,,,48275.00 Cr
13-08-2026,Ganesh Pashuahar Chaksu,Sales,3780/2026-27,98903,
,Sales Account,,,,98903.00 Cr
14-08-2026,Shri Shyam Treding Company Khejroli,Receipt,649,,9800
,Cash,,,9800.00 Dr,
14-08-2026,Yasika Agro Feed Industries Merta City,Receipt,650,,100000
,HDFC Bank,,,100000.00 Dr,
15-08-2026,Shri Shyam Treding Company Khejroli,Receipt,651,,9700
,Cash,,,9700.00 Dr,
