--------- beginning of main
10-06 14:52:14.458 18848 18848 D BoundBrokerSvc: onUnbind: Intent { act=com.google.android.gms.clearcut.bootcount.service.START dat=chimera-action: cmp=com.google.android.gms/.chimera.PersistentBoundBrokerService }
10-06 14:52:14.459 32109 32122 I CloudSettingsProvider: uriMatch : 2
10-06 14:52:14.462 18563 18563 I Finsky:background: [2] anfd - Received: android.intent.action.PACKAGE_ADDED, [K1m960Beb8m6DfG2PIYnpisrv7nDeAnM56AEeIvgmLQ]
10-06 14:52:14.464 15444 15479 W FirebaseRemoteConfig: No value of type 'FirebaseRemoteConfigValue' exists for parameter key 'enableCheckUpdateTrack'.
10-06 14:52:14.467 15760 15778 I dkkb    : (REDACTED) maybeUpdateCacheDataForAddedPackage %s
10-06 14:52:14.486 31477   323 D IdProviderImpl: getOAID
10-06 14:52:14.493 19091 19091 E ndroid.keychai: Not starting debugger since process cannot load the jdwp agent.
10-06 14:52:14.509 15444 15479 I MiPicks-DeviceProtocol: getPrefInfoFetcherValueisMatchType:String ,defVal ：String 
10-06 14:52:14.509 15444 15479 I MiPicks-DeviceProtocol: getPrefInfoFetcherValue KEY:ro_carrier ,end value ： unknown
10-06 14:52:14.509 15444 15479 I MiPicks-DeviceProtocol: getPrefInfoFetcherValueisMatchType:String ,defVal ：String 
10-06 14:52:14.509 15444 15479 I MiPicks-DeviceProtocol: getPrefInfoFetcherValue KEY:resolution ,end value ： 1080*2030
10-06 14:52:14.509 15444 15479 I MiPicks-DeviceProtocol: getPrefInfoFetcherValueisMatchType:String ,defVal ：String 
10-06 14:52:14.509 15444 15479 I MiPicks-DeviceProtocol: getPrefInfoFetcherValue KEY:density ,end value ： 2.75
10-06 14:52:14.509 32109 32122 I CloudSettingsProvider: uriMatch : 2
10-06 14:52:14.515 15444 15479 I MiPicks-DeviceProtocol: getPrefInfoFetcherValueisMatchType:String ,defVal ：String 
10-06 14:52:14.515 15444 15479 I MiPicks-DeviceProtocol: getPrefInfoFetcherValue KEY:cpu_arch ,end value ： arm64-v8a,armeabi-v7a,armeabi
10-06 14:52:14.520 18376 18376 I Finsky  : [2] AIM: AppInfoManager-Perf > getApps > called for 1 apps
10-06 14:52:14.529 18376 18449 I Finsky  : [18433] AIM: AppInfoManager-Perf > OnDeviceAppInfo > cacheHitCount=0, cacheMissCount=1. Missed  in cache (limit 10) : [com.shubhlabh.order]
10-06 14:52:14.530 18563 18600 I Finsky:background: [18434] IQ:PSL: skipping onPackageRemoved(replacing=true) for untracked package=com.shubhlabh.order
10-06 14:52:14.531 18376 19084 I Finsky  : [18527] SCH: Received scheduling request: Id: 12-1, Constraints: [{ L: 15000, D: 86400000, C: CHARGING_NONE, I: IDLE_NONE, N: NET_ANY, B: BATTERY_ANY }]
10-06 14:52:14.540 18563 18563 I Finsky:background: [2] anfd - Received: android.intent.action.PACKAGE_ADDED, [K1m960Beb8m6DfG2PIYnpisrv7nDeAnM56AEeIvgmLQ]
10-06 14:52:14.553 18563 18563 I Finsky:background: [2] anfd - Deduping intent android.intent.action.PACKAGE_ADDED
10-06 14:52:14.553 18848 19106 I AppBackupStateCleanupIO: Backup state cleanup on uninstall is disabled. [CONTEXT service_id=229 ]
10-06 14:52:14.557 15444 15479 W FirebaseRemoteConfig: No value of type 'FirebaseRemoteConfigValue' exists for parameter key 'devTrackNetworkForHost'.
10-06 14:52:14.559 15444 15479 I MiPicks-RetrofitRequest: callStart : https://in.global.market.xiaomi.com/apm/intl/updateinfo/v2
10-06 14:52:14.561  2070 11940 D CompatibilityInfo: mCompatibilityFlags - 0
10-06 14:52:14.561  2070 11940 D CompatibilityInfo: applicationDensity - 440
10-06 14:52:14.561  2070 11940 D CompatibilityInfo: applicationScale - 1.0
10-06 14:52:14.563  2070 11940 D CompatibilityInfo: mCompatibilityFlags - 0
10-06 14:52:14.563  2070 11940 D CompatibilityInfo: applicationDensity - 440
10-06 14:52:14.563  2070 11940 D CompatibilityInfo: applicationScale - 1.0
10-06 14:52:14.567 19110 19110 E aomi.misetting: Not starting debugger since process cannot load the jdwp agent.
10-06 14:52:14.575 15444 15479 I MiPicks-RetrofitRequest: dnsStart : https://in.global.market.xiaomi.com/apm/intl/updateinfo/v2
10-06 14:52:14.579 15444 15479 W FirebaseRemoteConfig: No value of type 'FirebaseRemoteConfigValue' exists for parameter key 'c_selfDns'.
10-06 14:52:14.580  2289  2306 I ndroid.systemu: Background concurrent copying GC freed 115219(4MB) AllocSpace objects, 0(0B) LOS objects, 50% free, 14MB/29MB, paused 165us total 270.846ms
10-06 14:52:14.581 18848 18848 D BoundBrokerSvc: onRebind: Intent { act=com.google.android.gms.auth.aang.events.services.START dat=chimera-action: cmp=com.google.android.gms/.chimera.PersistentApiService }
10-06 14:52:14.588 18376 18449 I Finsky  : [18433] AIM: Got app ownership map. App counts: . Unique apps: 0
10-06 14:52:14.588 18376 18449 E Finsky  : [18433] [Counters] attempted to use a non-positive increment for: 4752
10-06 14:52:14.590 18376 18376 I Finsky  : [2] anfn - Received: android.intent.action.PACKAGE_ADDED, [K1m960Beb8m6DfG2PIYnpisrv7nDeAnM56AEeIvgmLQ]
10-06 14:52:14.591 18848 19129 I FraudProtectUtils: Not in testing population, skipping local test bank apps. [CONTEXT service_id=469 ]
10-06 14:52:14.591 18848 19129 I FraudProtectUtils: (REDACTED) Latest bank app list size: %d, %s isBankApp: false
10-06 14:52:14.592 18848 19098 I Fitness : (REDACTED) FitCleanupIntentOperation received Intent %s
10-06 14:52:14.593 18848 19129 I PackageInstallIntentOp: (REDACTED) Package %s is not a bank app. Skipping updates.
10-06 14:52:14.593 18376 18449 I Finsky  : [18433] AIM: AppInfoManager-Perf > OnDeviceAppInfo > cacheHitCount=1, cacheMissCount=0. Missed  in cache (limit 10) : []
10-06 14:52:14.594 18376 18449 I Finsky  : [18433] AIM: Got app ownership map. App counts: . Unique apps: 0
10-06 14:52:14.594 18376 18449 E Finsky  : [18433] [Counters] attempted to use a non-positive increment for: 4752
10-06 14:52:14.594 18376 18449 E Finsky  : [18433] [Counters] attempted to use a non-positive increment for: 4753
10-06 14:52:14.595 15760 15770 I hbox:interacto: Background concurrent copying GC freed 5734(354KB) AllocSpace objects, 0(0B) LOS objects, 49% free, 4MB/9MB, paused 7.103ms total 291.502ms
10-06 14:52:14.615  2070 11940 D CompatibilityInfo: mCompatibilityFlags - 0
10-06 14:52:14.615  2070 11940 D CompatibilityInfo: applicationDensity - 440
10-06 14:52:14.615  2070 11940 D CompatibilityInfo: applicationScale - 1.0
10-06 14:52:14.619  2070 11940 D CompatibilityInfo: mCompatibilityFlags - 0
10-06 14:52:14.619  2070 11940 D CompatibilityInfo: applicationDensity - 440
10-06 14:52:14.619  2070 11940 D CompatibilityInfo: applicationScale - 1.0
10-06 14:52:14.649 18376 18449 I Finsky  : [18433] AIM: AppInfoManager-Perf > ItemModel > CacheSize=28, cacheHitCount=0, cacheMissCount=0, total appsWithNoServerDataCount=0. Missed  in cache (limit 10) : []
10-06 14:52:14.650 18376 18446 E Finsky  : [18431] [Counters] attempted to use a non-positive increment for: 4753
10-06 14:52:14.658 19091 19091 I Perf    : Connecting to perf service.
10-06 14:52:14.667  2070  3236 D CompatibilityInfo: mCompatibilityFlags - 0
10-06 14:52:14.667  2070  3236 D CompatibilityInfo: applicationDensity - 440
10-06 14:52:14.667  2070  3236 D CompatibilityInfo: applicationScale - 1.0
10-06 14:52:14.677 15444 15479 I MiPicks-RetrofitRequest: dnsEnd : https://in.global.market.xiaomi.com/apm/intl/updateinfo/v2
10-06 14:52:14.677 15444 15479 I MiPicks-RetrofitRequest: connectStart : https://in.global.market.xiaomi.com/apm/intl/updateinfo/v2
10-06 14:52:14.698 18376 18376 I Finsky  : [2] DTU: Received onPackageAdded, replacing: true
10-06 14:52:14.702 18376 19084 I Finsky  : [18527] SCH: Received scheduling request: Id: 12-1, Constraints: [{ L: 15000, D: 86400000, C: CHARGING_NONE, I: IDLE_NONE, N: NET_ANY, B: BATTERY_ANY }]
10-06 14:52:14.705 18376 18376 I Finsky  : [2] AIM: AppInfoCacheUpdater -> invalidating apps: [com.shubhlabh.order]
10-06 14:52:14.705 18376 18376 I Finsky  : [2] AIM: AppInfoManager-Perf > getApps > called for 1 apps
10-06 14:52:14.713 18376 18376 I Finsky  : [2] anfn - Received: android.intent.action.PACKAGE_ADDED, [K1m960Beb8m6DfG2PIYnpisrv7nDeAnM56AEeIvgmLQ]
10-06 14:52:14.714 18376 19134 I Finsky  : [18529] Asset module broadcast after update successful for package com.shubhlabh.order.
10-06 14:52:14.725 18376 18432 I Finsky  : [18426] AIM: AppInfoManager-Perf > OnDeviceAppInfo > cacheHitCount=0, cacheMissCount=1. Missed  in cache (limit 10) : [com.shubhlabh.order]
10-06 14:52:14.739 18563 19087 I Finsky:background: [18462] Wrote row to frosting DB: 32984
10-06 14:52:14.755 18376 18376 I Finsky  : [2] anfn - Deduping intent android.intent.action.PACKAGE_ADDED
--------- beginning of system
10-06 14:52:14.756  2070  4630 I ActivityManager: Killing 17723:com.xiaomi.mipicks:guard/u0a147 (adj 906): empty #17
10-06 14:52:14.757  2070  2099 W libprocessgroup: kill(-17723, 9) failed: No such process
10-06 14:52:14.762  2070  2099 W libprocessgroup: kill(-17723, 9) failed: No such process
10-06 14:52:14.762 18848 18868 I gle.android.gm: Background concurrent copying GC freed 134582(6MB) AllocSpace objects, 12(336KB) LOS objects, 42% free, 32MB/56MB, paused 244us total 475.033ms
10-06 14:52:14.767  2070  2099 W libprocessgroup: kill(-17723, 9) failed: No such process
10-06 14:52:14.773 15444 15479 I MiPicks-RetrofitRequest: connectEnd : https://in.global.market.xiaomi.com/apm/intl/updateinfo/v2
10-06 14:52:14.773  2070  2099 W libprocessgroup: kill(-17723, 9) failed: No such process
10-06 14:52:14.777 18376 18446 I Finsky  : [18431] AIM: Got app ownership map. App counts: . Unique apps: 0
10-06 14:52:14.777 18376 18446 E Finsky  : [18431] [Counters] attempted to use a non-positive increment for: 4752
10-06 14:52:14.779  2070  2099 W libprocessgroup: kill(-17723, 9) failed: No such process
10-06 14:52:14.795  2070  2099 I chatty  : uid=1000(system) ActivityManager identical 3 lines
10-06 14:52:14.800  2070  2099 W libprocessgroup: kill(-17723, 9) failed: No such process
10-06 14:52:14.805 18376 18430 I Finsky  : [18424] WM::SCH: Logging work initialize for 12-1
10-06 14:52:14.806  2070  2099 W libprocessgroup: kill(-17723, 9) failed: No such process
10-06 14:52:14.839  2070  2099 I chatty  : uid=1000(system) ActivityManager identical 6 lines
10-06 14:52:14.845  2070  2099 W libprocessgroup: kill(-17723, 9) failed: No such process
10-06 14:52:14.848  2070  2173 I InputReader: Reconfiguring input devices.  changes=0x00000010
10-06 14:52:14.850  2070  2099 W libprocessgroup: kill(-17723, 9) failed: No such process
10-06 14:52:14.853  2070  2173 I InputReader: Reconfiguring input devices.  changes=0x00000010
10-06 14:52:14.854 18376 18446 I Finsky  : [18431] AIM: AppInfoManager-Perf > OnDeviceAppInfo > cacheHitCount=1, cacheMissCount=0. Missed  in cache (limit 10) : []
10-06 14:52:14.856 18376 18446 E Finsky  : [18431] [Counters] attempted to use a non-positive increment for: 4753
10-06 14:52:14.856  2070  2173 I InputReader: Reconfiguring input devices.  changes=0x00000010
10-06 14:52:14.856  2070  2099 W libprocessgroup: kill(-17723, 9) failed: No such process
10-06 14:52:14.858 18848 19121 I Auth    : (REDACTED) [SupervisedAccountIntentOperation] onHandleIntent: %s
10-06 14:52:14.859 18376 18446 I Finsky  : [18431] SCH: Scheduling phonesky job Id: 12-1, CT: 1791278534532, Constraints: [{ L: 15000, D: 86400000, C: CHARGING_NONE, I: IDLE_NONE, N: NET_ANY, B: BATTERY_ANY }]
10-06 14:52:14.861  2070  2099 W libprocessgroup: kill(-17723, 9) failed: No such process
10-06 14:52:14.867  2070  2099 W libprocessgroup: kill(-17723, 9) failed: No such process
10-06 14:52:14.871 18848 19121 W AppInstallOperation: FDL Migration::InstallIntentOperation by FDL Module [CONTEXT service_id=77 ]
10-06 14:52:14.871 18848 19129 I FraudProtectUtils: Not in testing population, skipping local test bank apps. [CONTEXT service_id=469 ]
10-06 14:52:14.872 18848 19129 I FraudProtectUtils: (REDACTED) Latest bank app list size: %d, %s isBankApp: false
10-06 14:52:14.872 18848 19129 I PackageInstallIntentOp: (REDACTED) Package %s is not a bank app. Skipping updates.
10-06 14:52:14.872  2070  2099 W libprocessgroup: kill(-17723, 9) failed: No such process
10-06 14:52:14.875 18563 19087 I Finsky:background: [18462] Wrote row to frosting DB: 32985
10-06 14:52:14.875  2070  4630 D CompatibilityInfo: mCompatibilityFlags - 0
10-06 14:52:14.875  2070  4630 D CompatibilityInfo: applicationDensity - 440
10-06 14:52:14.875  2070  4630 D CompatibilityInfo: applicationScale - 1.0
10-06 14:52:14.878  2070  2099 W libprocessgroup: kill(-17723, 9) failed: No such process
10-06 14:52:14.879 18848 18848 D BoundBrokerSvc: onBind: Intent { act=com.google.android.gms.common.BIND_SHARED_PREFS pkg=com.google.android.gms }
10-06 14:52:14.879 18848 18848 D BoundBrokerSvc: Loading bound service for intent: Intent { act=com.google.android.gms.common.BIND_SHARED_PREFS pkg=com.google.android.gms }
10-06 14:52:14.879 18376 18424 I Finsky  : [18420] WM::SCH: Logging work initialize for 12-1
10-06 14:52:14.881  2070  2608 D CompatibilityInfo: mCompatibilityFlags - 0
10-06 14:52:14.881  2070  2608 D CompatibilityInfo: applicationDensity - 440
10-06 14:52:14.881  2070  2608 D CompatibilityInfo: applicationScale - 1.0
10-06 14:52:14.883  2070  2099 W libprocessgroup: kill(-17723, 9) failed: No such process
10-06 14:52:14.884 18376 18432 I Finsky  : [18426] AIM: Got app ownership map. App counts: . Unique apps: 0
10-06 14:52:14.884 18376 18432 E Finsky  : [18426] [Counters] attempted to use a non-positive increment for: 4752
10-06 14:52:14.889  2070  2099 W libprocessgroup: kill(-17723, 9) failed: No such process
10-06 14:52:14.890 18848 19121 I NearbyDiscovery: (REDACTED) processGrantSlicePermission: %s
10-06 14:52:14.894  2070  2099 W libprocessgroup: kill(-17723, 9) failed: No such process
10-06 14:52:14.895 18376 18446 E Finsky  : [18431] [Counters] attempted to use a non-positive increment for: 4753
10-06 14:52:14.897  2070  2608 D CompatibilityInfo: mCompatibilityFlags - 0
10-06 14:52:14.897  2070  2608 D CompatibilityInfo: applicationDensity - 440
10-06 14:52:14.897  2070  2608 D CompatibilityInfo: applicationScale - 1.0
10-06 14:52:14.900  2070  2099 W libprocessgroup: kill(-17723, 9) failed: No such process
10-06 14:52:14.902 15444 15479 I MiPicks-RetrofitRequest: callEnd : https://in.global.market.xiaomi.com/apm/intl/updateinfo/v2
10-06 14:52:14.906  2070  2099 W libprocessgroup: kill(-17723, 9) failed: No such process
10-06 14:52:14.916  2070  4506 D ConnectivityService: ConnectivityService NetworkRequestInfo binderDied(NetworkRequest [ LISTEN id=3419, [ Capabilities: NOT_RESTRICTED&TRUSTED&NOT_VPN Unwanted:  Uid: 10147] ], android.os.BinderProxy@48fd164)
10-06 14:52:14.912  2070  2099 I chatty  : uid=1000(system) ActivityManager identical 1 line
10-06 14:52:14.918  2070  2099 W libprocessgroup: kill(-17723, 9) failed: No such process
10-06 14:52:14.921 15444 15479 I MiPicks-DataParser: [InvalidPackageList] JSON : invalidSystemPackageList list is null
10-06 14:52:14.924  2070  2099 W libprocessgroup: kill(-17723, 9) failed: No such process
10-06 14:52:14.924  2070  2099 I libprocessgroup: Successfully killed process cgroup uid 10147 pid 17723 in 167ms
10-06 14:52:14.925  1212  1212 I Zygote  : Process 17723 exited due to signal (9)
10-06 14:52:14.932  2070  7832 D CompatibilityInfo: mCompatibilityFlags - 0
10-06 14:52:14.932  2070  7832 D CompatibilityInfo: applicationDensity - 440
10-06 14:52:14.932  2070  7832 D CompatibilityInfo: applicationScale - 1.0
10-06 14:52:14.933 19110 19110 E LoadedApk: Unable to instantiate appComponentFactory
10-06 14:52:14.933 19110 19110 E LoadedApk: java.lang.ClassNotFoundException: Didn't find class "com.xiaomi.misettings.lottie" on path: DexPathList[[zip file "/system/priv-app/MiSettings/MiSettings.apk"],nativeLibraryDirectories=[/system/priv-app/MiSettings/lib/arm64, /system/lib64, /system/lib64]]
10-06 14:52:14.933 19110 19110 E LoadedApk: 	at dalvik.system.BaseDexClassLoader.findClass(BaseDexClassLoader.java:171)
10-06 14:52:14.933 19110 19110 E LoadedApk: 	at java.lang.ClassLoader.loadClass(ClassLoader.java:379)
10-06 14:52:14.933 19110 19110 E LoadedApk: 	at java.lang.ClassLoader.loadClass(ClassLoader.java:312)
10-06 14:52:14.933 19110 19110 E LoadedApk: 	at android.app.LoadedApk.createAppFactory(LoadedApk.java:228)
10-06 14:52:14.933 19110 19110 E LoadedApk: 	at android.app.LoadedApk.createOrUpdateClassLoaderLocked(LoadedApk.java:733)
10-06 14:52:14.933 19110 19110 E LoadedApk: 	at android.app.LoadedApk.getClassLoader(LoadedApk.java:812)
10-06 14:52:14.933 19110 19110 E LoadedApk: 	at android.app.LoadedApk.getResources(LoadedApk.java:1034)
10-06 14:52:14.933 19110 19110 E LoadedApk: 	at android.app.ContextImpl.createAppContext(ContextImpl.java:2357)
10-06 14:52:14.933 19110 19110 E LoadedApk: 	at android.app.ActivityThread.handleBindApplication(ActivityThread.java:5821)
10-06 14:52:14.933 19110 19110 E LoadedApk: 	at android.app.ActivityThread.access$1200(ActivityThread.java:200)
10-06 14:52:14.933 19110 19110 E LoadedApk: 	at android.app.ActivityThread$H.handleMessage(ActivityThread.java:1673)
10-06 14:52:14.933 19110 19110 E LoadedApk: 	at android.os.Handler.dispatchMessage(Handler.java:106)
10-06 14:52:14.933 19110 19110 E LoadedApk: 	at android.os.Looper.loop(Looper.java:201)
10-06 14:52:14.933 19110 19110 E LoadedApk: 	at android.app.ActivityThread.main(ActivityThread.java:6810)
10-06 14:52:14.933 19110 19110 E LoadedApk: 	at java.lang.reflect.Method.invoke(Native Method)
10-06 14:52:14.933 19110 19110 E LoadedApk: 	at com.android.internal.os.RuntimeInit$MethodAndArgsCaller.run(RuntimeInit.java:547)
10-06 14:52:14.933 19110 19110 E LoadedApk: 	at com.android.internal.os.ZygoteInit.main(ZygoteInit.java:873)
10-06 14:52:14.934  2070  2094 W system_server: Unknown chunk type '200'.
10-06 14:52:14.935 17402 30592 D ProcessObserverV8: onProcessDied:pid = 17723,died-uid=10147
10-06 14:52:14.965 18563 19087 I Finsky:background: [18462] Wrote row to frosting DB: 32986
10-06 14:52:14.967 19110 19110 I Perf    : Connecting to perf service.
10-06 14:52:14.991 18376 18446 I Finsky  : [18431] SCH: Scheduling 1 system job(s)
10-06 14:52:14.991 18376 18446 I Finsky  : [18431] SCH: Scheduling system job Id: 9747, L: 14541, D: 86270448, C: false, I: false, N: 1
10-06 14:52:14.986 19110 19110 W aomi.misettings: type=1400 audit(0.0:38371): avc: denied { read } for name="u:object_r:vendor_display_prop:s0" dev="tmpfs" ino=13738 scontext=u:r:system_app:s0 tcontext=u:object_r:vendor_display_prop:s0 tclass=file permissive=0
10-06 14:52:14.994 18376 18449 I Finsky  : [18433] AIM: AppInfoManager-Perf > ItemModel > CacheSize=28, cacheHitCount=0, cacheMissCount=0, total appsWithNoServerDataCount=0. Missed  in cache (limit 10) : []
10-06 14:52:14.995 19110 19110 E libc    : Access denied finding property "ro.vendor.display.type"
10-06 14:52:14.997 18563 19087 I Finsky:background: [18462] Wrote row to frosting DB: 32987
10-06 14:52:15.003 19110 19110 D miuisdk : current sdk level is 19
10-06 14:52:15.003 19110 19110 I miuisdk : setup class hook.
10-06 14:52:15.004 19110 19110 D         : InitMiuiSdkHookClasses
10-06 14:52:15.005 19110 19110 I         : create_mem miui-classproxy page:0x73a4627000, size:4096
10-06 14:52:15.005 19110 19110 I         : Jit enabled JitInlinerInsertMethod for jit inline
10-06 14:52:15.014 19110 19110 I chatty  : uid=1000(system) com.xiaomi.misettings identical 38 lines
10-06 14:52:15.014 19110 19110 I         : Jit enabled JitInlinerInsertMethod for jit inline
10-06 14:52:15.015 19110 19110 I         : Never hook EnableMethodTracing
10-06 14:52:15.015 19110 19110 I         : Never hook DisableMethodTracing
10-06 14:52:15.015 19110 19110 I         : sConfigureStubsHookFlag is 0x3, so we must hook ConfigureStubs for methodtracing
10-06 14:52:15.015 19110 19110 I         : Hook ConfigureStubs
10-06 14:52:15.015 19110 19110 I         : create_mem miui-classproxy page:0x73a4492000, size:4096
10-06 14:52:15.015  2070 11940 D CompatibilityInfo: mCompatibilityFlags - 0
10-06 14:52:15.015  2070 11940 D CompatibilityInfo: applicationDensity - 440
10-06 14:52:15.015  2070 11940 D CompatibilityInfo: applicationScale - 1.0
10-06 14:52:15.019 19110 19110 I         : HookArtPluginInitialize
10-06 14:52:15.022  2070  3238 D CompatibilityInfo: mCompatibilityFlags - 0
10-06 14:52:15.022  2070  3238 D CompatibilityInfo: applicationDensity - 440
10-06 14:52:15.022  2070  3238 D CompatibilityInfo: applicationScale - 1.0
10-06 14:52:15.035 18848 18848 D BoundBrokerSvc: onBind: Intent { act=com.google.android.gms.feedback.internal.IFeedbackService dat=chimera-action: cmp=com.google.android.gms/.chimera.GmsBoundBrokerService }
10-06 14:52:15.035 18848 18848 D BoundBrokerSvc: Loading bound service for intent: Intent { act=com.google.android.gms.feedback.internal.IFeedbackService dat=chimera-action: cmp=com.google.android.gms/.chimera.GmsBoundBrokerService }
10-06 14:52:15.048 18563 19087 I Finsky:background: [18462] Wrote row to frosting DB: 32988
10-06 14:52:15.055 19110 19110 W LR-CommonUtils: ensureRegisterPreLoadYesterdayAlarm: start register
10-06 14:52:15.055 19110 19110 W LR-CommonUtils: ensureRegisterPreLoadYesterdayAlarm: today has register
10-06 14:52:15.059  2070  7832 D CompatibilityInfo: mCompatibilityFlags - 0
10-06 14:52:15.059  2070  7832 D CompatibilityInfo: applicationDensity - 440
10-06 14:52:15.059  2070  7832 D CompatibilityInfo: applicationScale - 1.0
10-06 14:52:15.062 18376 18428 I Finsky  : [18423] [ContentSync] finished, scheduled=true
10-06 14:52:15.064 18848 18833 W Bundle  : Key identifier expected Parcelable[] but value was a [Ljava.lang.String;.  The default value <null> was returned.
10-06 14:52:15.067 18848 18833 W Bundle  : Attempt to cast generated internal exception:
10-06 14:52:15.067 18848 18833 W Bundle  : java.lang.ClassCastException: java.lang.String[] cannot be cast to android.os.Parcelable[]
10-06 14:52:15.067 18848 18833 W Bundle  : 	at android.os.Bundle.getParcelableArray(Bundle.java:969)
10-06 14:52:15.067 18848 18833 W Bundle  : 	at mbi.d(:com.google.android.gms@263635013@26.36.35 (100400-991383798):14)
10-06 14:52:15.067 18848 18833 W Bundle  : 	at com.google.firebase.appindexing.internal.Thing.h(:com.google.android.gms@263635013@26.36.35 (100400-991383798):5)
10-06 14:52:15.067 18848 18833 W Bundle  : 	at cofo.g(:com.google.android.gms@263635013@26.36.35 (100400-991383798):593)
10-06 14:52:15.067 18848 18833 W Bundle  : 	at cofo.c(:com.google.android.gms@263635013@26.36.35 (100400-991383798):63)
10-06 14:52:15.067 18848 18833 W Bundle  : 	at cofh.i(:com.google.android.gms@263635013@26.36.35 (100400-991383798):8)
10-06 14:52:15.067 18848 18833 W Bundle  : 	at cody.a(:com.google.android.gms@263635013@26.36.35 (100400-991383798):19)
10-06 14:52:15.067 18848 18833 W Bundle  : 	at cofj.f(:com.google.android.gms@263635013@26.36.35 (100400-991383798):28)
10-06 14:52:15.067 18848 18833 W Bundle  : 	at cody.g(:com.google.android.gms@263635013@26.36.35 (100400-991383798):3)
10-06 14:52:15.067 18848 18833 W Bundle  : 	at coef.a(:com.google.android.gms@263635013@26.36.35 (100400-991383798):10)
10-06 14:52:15.067 18848 18833 W Bundle  : 	at comc.k(:com.google.android.gms@263635013@26.36.35 (100400-991383798):103)
10-06 14:52:15.067 18848 18833 W Bundle  : 	at colz.run(:com.google.android.gms@263635013@26.36.35 (100400-991383798):71)
10-06 14:52:15.067 18848 18833 W Bundle  : 	at java.util.concurrent.Executors$RunnableAdapter.call(Executors.java:458)
10-06 14:52:15.067 18848 18833 W Bundle  : 	at java.util.concurrent.FutureTask.run(FutureTask.java:266)
10-06 14:52:15.067 18848 18833 W Bundle  : 	at bnfi.d(:com.google.android.gms@263635013@26.36.35 (100400-991383798):50)
10-06 14:52:15.067 18848 18833 W Bundle  : 	at bnfi.c(:com.google.android.gms@263635013@26.36.35 (100400-991383798):6)
10-06 14:52:15.067 18848 18833 W Bundle  : 	at bnfi.run(:com.google.android.gms@263635013@26.36.35 (100400-991383798):33)
10-06 14:52:15.067 18848 18833 W Bundle  : 	at java.util.concurrent.ThreadPoolExecutor.runWorker(ThreadPoolExecutor.java:1167)
10-06 14:52:15.067 18848 18833 W Bundle  : 	at java.util.concurrent.ThreadPoolExecutor$Worker.run(ThreadPoolExecutor.java:641)
10-06 14:52:15.067 18848 18833 W Bundle  : 	at bnlh.run(:com.google.android.gms@263635013@26.36.35 (100400-991383798):8)
10-06 14:52:15.067 18848 18833 W Bundle  : 	at java.lang.Thread.run(Thread.java:764)
10-06 14:52:15.067 18848 18833 W Bundle  : Key name expected Parcelable[] but value was a [Ljava.lang.String;.  The default value <null> was returned.
10-06 14:52:15.067 18848 18833 W Bundle  : Attempt to cast generated internal exception:
10-06 14:52:15.067 18848 18833 W Bundle  : java.lang.ClassCastException: java.lang.String[] cannot be cast to android.os.Parcelable[]
10-06 14:52:15.067 18848 18833 W Bundle  : 	at android.os.Bundle.getParcelableArray(Bundle.java:969)
10-06 14:52:15.067 18848 18833 W Bundle  : 	at mbi.d(:com.google.android.gms@263635013@26.36.35 (100400-991383798):14)
10-06 14:52:15.067 18848 18833 W Bundle  : 	at com.google.firebase.appindexing.internal.Thing.h(:com.google.android.gms@263635013@26.36.35 (100400-991383798):5)
10-06 14:52:15.067 18848 18833 W Bundle  : 	at cofo.g(:com.google.android.gms@263635013@26.36.35 (100400-991383798):593)
10-06 14:52:15.067 18848 18833 W Bundle  : 	at cofo.c(:com.google.android.gms@263635013@26.36.35 (100400-991383798):63)
10-06 14:52:15.067 18848 18833 W Bundle  : 	at cofh.i(:com.google.android.gms@263635013@26.36.35 (100400-991383798):8)
10-06 14:52:15.067 18848 18833 W Bundle  : 	at cody.a(:com.google.android.gms@263635013@26.36.35 (100400-991383798):19)
10-06 14:52:15.067 18848 18833 W Bundle  : 	at cofj.f(:com.google.android.gms@263635013@26.36.35 (100400-991383798):28)
10-06 14:52:15.067 18848 18833 W Bundle  : 	at cody.g(:com.google.android.gms@263635013@26.36.35 (100400-991383798):3)
10-06 14:52:15.067 18848 18833 W Bundle  : 	at coef.a(:com.google.android.gms@263635013@26.36.35 (100400-991383798):10)
10-06 14:52:15.067 18848 18833 W Bundle  : 	at comc.k(:com.google.android.gms@263635013@26.36.35 (100400-991383798):103)
10-06 14:52:15.067 18848 18833 W Bundle  : 	at colz.run(:com.google.android.gms@263635013@26.36.35 (100400-991383798):71)
10-06 14:52:15.067 18848 18833 W Bundle  : 	at java.util.concurrent.Executors$RunnableAdapter.call(Executors.java:458)
10-06 14:52:15.067 18848 18833 W Bundle  : 	at java.util.concurrent.FutureTask.run(FutureTask.java:266)
10-06 14:52:15.067 18848 18833 W Bundle  : 	at bnfi.d(:com.google.android.gms@263635013@26.36.35 (100400-991383798):50)
10-06 14:52:15.067 18848 18833 W Bundle  : 	at bnfi.c(:com.google.android.gms@263635013@26.36.35 (100400-991383798):6)
10-06 14:52:15.067 18848 18833 W Bundle  : 	at bnfi.run(:com.google.android.gms@263635013@26.36.35 (100400-991383798):33)
10-06 14:52:15.067 18848 18833 W Bundle  : 	at java.util.concurrent.ThreadPoolExecutor.runWorker(ThreadPoolExecutor.java:1167)
10-06 14:52:15.067 18848 18833 W Bundle  : 	at java.util.concurrent.ThreadPoolExecutor$Worker.run(ThreadPoolExecutor.java:641)
10-06 14:52:15.067 18848 18833 W Bundle  : 	at bnlh.run(:com.google.android.gms@263635013@26.36.35 (100400-991383798):8)
10-06 14:52:15.067 18848 18833 W Bundle  : 	at java.lang.Thread.run(Thread.java:764)
10-06 14:52:15.067 18848 18833 W Bundle  : Key image expected Parcelable[] but value was a [Ljava.lang.String;.  The default value <null> was returned.
10-06 14:52:15.067 18848 18833 W Bundle  : Attempt to cast generated internal exception:
10-06 14:52:15.067 18848 18833 W Bundle  : java.lang.ClassCastException: java.lang.String[] cannot be cast to android.os.Parcelable[]
10-06 14:52:15.067 18848 18833 W Bundle  : 	at android.os.Bundle.getParcelableArray(Bundle.java:969)
10-06 14:52:15.067 18848 18833 W Bundle  : 	at mbi.d(:com.google.android.gms@263635013@26.36.35 (100400-991383798):14)
10-06 14:52:15.067 18848 18833 W Bundle  : 	at com.google.firebase.appindexing.internal.Thing.h(:com.google.android.gms@263635013@26.36.35 (100400-991383798):5)
10-06 14:52:15.067 18848 18833 W Bundle  : 	at cofo.g(:com.google.android.gms@263635013@26.36.35 (100400-991383798):593)
10-06 14:52:15.067 18848 18833 W Bundle  : 	at cofo.c(:com.google.android.gms@263635013@26.36.35 (100400-991383798):63)
10-06 14:52:15.067 18848 18833 W Bundle  : 	at cofh.i(:com.google.android.gms@263635013@26.36.35 (100400-991383798):8)
10-06 14:52:15.067 18848 18833 W Bundle  : 	at cody.a(:com.google.android.gms@263635013@26.36.35 (100400-991383798):19)
10-06 14:52:15.067 18848 18833 W Bundle  : 	at cofj.f(:com.google.android.gms@263635013@26.36.35 (100400-991383798):28)
10-06 14:52:15.067 18848 18833 W Bundle  : 	at cody.g(:com.google.android.gms@263635013@26.36.35 (100400-991383798):3)
10-06 14:52:15.067 18848 18833 W Bundle  : 	at coef.a(:com.google.android.gms@263635013@26.36.35 (100400-991383798):10)
10-06 14:52:15.067 18848 18833 W Bundle  : 	at comc.k(:com.google.android.gms@263635013@26.36.35 (100400-991383798):103)
10-06 14:52:15.067 18848 18833 W Bundle  : 	at colz.run(:com.google.android.gms@263635013@26.36.35 (100400-991383798):71)
10-06 14:52:15.067 18848 18833 W Bundle  : 	at java.util.concurrent.Executors$RunnableAdapter.call(Executors.java:458)
10-06 14:52:15.067 18848 18833 W Bundle  : 	at java.util.concurrent.FutureTask.run(FutureTask.java:266)
10-06 14:52:15.067 18848 18833 W Bundle  : 	at bnfi.d(:com.google.android.gms@263635013@26.36.35 (100400-991383798):50)
10-06 14:52:15.067 18848 18833 W Bundle  : 	at bnfi.c(:com.google.android.gms@263635013@26.36.35 (100400-991383798):6)
10-06 14:52:15.067 18848 18833 W Bundle  : 	at bnfi.run(:com.google.android.gms@263635013@26.36.35 (100400-991383798):33)
10-06 14:52:15.067 18848 18833 W Bundle  : 	at java.util.concurrent.ThreadPoolExecutor.runWorker(ThreadPoolExecutor.java:1167)
10-06 14:52:15.067 18848 18833 W Bundle  : 	at java.util.concurrent.ThreadPoolExecutor$Worker.run(ThreadPoolExecutor.java:641)
10-06 14:52:15.067 18848 18833 W Bundle  : 	at bnlh.run(:com.google.android.gms@263635013@26.36.35 (100400-991383798):8)
10-06 14:52:15.067 18848 18833 W Bundle  : 	at java.lang.Thread.run(Thread.java:764)
10-06 14:52:15.068 18848 18833 W Bundle  : Key dateModified expected Parcelable[] but value was a [J.  The default value <null> was returned.
10-06 14:52:15.068 18848 18833 W Bundle  : Attempt to cast generated internal exception:
10-06 14:52:15.068 18848 18833 W Bundle  : java.lang.ClassCastException: long[] cannot be cast to android.os.Parcelable[]
10-06 14:52:15.068 18848 18833 W Bundle  : 	at android.os.Bundle.getParcelableArray(Bundle.java:969)
10-06 14:52:15.068 18848 18833 W Bundle  : 	at mbi.d(:com.google.android.gms@263635013@26.36.35 (100400-991383798):14)
10-06 14:52:15.068 18848 18833 W Bundle  : 	at com.google.firebase.appindexing.internal.Thing.h(:com.google.android.gms@263635013@26.36.35 (100400-991383798):5)
10-06 14:52:15.068 18848 18833 W Bundle  : 	at cofo.g(:com.google.android.gms@263635013@26.36.35 (100400-991383798):593)
10-06 14:52:15.068 18848 18833 W Bundle  : 	at cofo.c(:com.google.android.gms@263635013@26.36.35 (100400-991383798):63)
10-06 14:52:15.068 18848 18833 W Bundle  : 	at cofh.i(:com.google.android.gms@263635013@26.36.35 (100400-991383798):8)
10-06 14:52:15.068 18848 18833 W Bundle  : 	at cody.a(:com.google.android.gms@263635013@26.36.35 (100400-991383798):19)
10-06 14:52:15.068 18848 18833 W Bundle  : 	at cofj.f(:com.google.android.gms@263635013@26.36.35 (100400-991383798):28)
10-06 14:52:15.068 18848 18833 W Bundle  : 	at cody.g(:com.google.android.gms@263635013@26.36.35 (100400-991383798):3)
10-06 14:52:15.068 18848 18833 W Bundle  : 	at coef.a(:com.google.android.gms@263635013@26.36.35 (100400-991383798):10)
10-06 14:52:15.068 18848 18833 W Bundle  : 	at comc.k(:com.google.android.gms@263635013@26.36.35 (100400-991383798):103)
10-06 14:52:15.068 18848 18833 W Bundle  : 	at colz.run(:com.google.android.gms@263635013@26.36.35 (100400-991383798):71)
10-06 14:52:15.068 18848 18833 W Bundle  : 	at java.util.concurrent.Executors$RunnableAdapter.call(Executors.java:458)
10-06 14:52:15.068 18848 18833 W Bundle  : 	at java.util.concurrent.FutureTask.run(FutureTask.java:266)
10-06 14:52:15.068 18848 18833 W Bundle  : 	at bnfi.d(:com.google.android.gms@263635013@26.36.35 (100400-991383798):50)
10-06 14:52:15.068 18848 18833 W Bundle  : 	at bnfi.c(:com.google.android.gms@263635013@26.36.35 (100400-991383798):6)
10-06 14:52:15.068 18848 18833 W Bundle  : 	at bnfi.run(:com.google.android.gms@263635013@26.36.35 (100400-991383798):33)
10-06 14:52:15.068 18848 18833 W Bundle  : 	at java.util.concurrent.ThreadPoolExecutor.runWorker(ThreadPoolExecutor.java:1167)
10-06 14:52:15.068 18848 18833 W Bundle  : 	at java.util.concurrent.ThreadPoolExecutor$Worker.run(ThreadPoolExecutor.java:641)
10-06 14:52:15.068 18848 18833 W Bundle  : 	at bnlh.run(:com.google.android.gms@263635013@26.36.35 (100400-991383798):8)
10-06 14:52:15.068 18848 18833 W Bundle  : 	at java.lang.Thread.run(Thread.java:764)
10-06 14:52:15.071 18376 18446 I Finsky  : [18431] SCH: Scheduling phonesky job Id: 12-1, CT: 1791278534702, Constraints: [{ L: 15000, D: 86400000, C: CHARGING_NONE, I: IDLE_NONE, N: NET_ANY, B: BATTERY_ANY }]
10-06 14:52:15.071 18376 18449 I Finsky  : [18433] AIM: AppInfoManager-Perf > ItemModel > CacheSize=28, cacheHitCount=0, cacheMissCount=0, total appsWithNoServerDataCount=0. Missed  in cache (limit 10) : []
10-06 14:52:15.086 18376 18449 I Finsky  : [18433] AIM: AppInfoManager-Perf > ItemModel > CacheSize=28, cacheHitCount=0, cacheMissCount=0, total appsWithNoServerDataCount=0. Missed  in cache (limit 10) : []
10-06 14:52:15.088 18376 18446 I Finsky  : [18431] AIM: AppInfoManager-Perf > getApps > data collection finished
10-06 14:52:15.088 18376 18446 I Finsky  : [18431] AIM: AppInfoManager-Perf > maybeDestroyAppInfoManager is called. actives = 1
10-06 14:52:15.089 19110 19110 I AppTimerReceiver: onReceive: action=android.intent.action.PACKAGE_REMOVED
10-06 14:52:15.090  2070  6382 W BroadcastQueue: Background execution not allowed: receiving Intent { act=android.intent.action.PACKAGE_REMOVED dat=package:com.shubhlabh.order flg=0x4000011 (has extras) } to com.xiaomi.providers.appindex/.PackageChangeReceiver
10-06 14:52:15.092  2070  6382 I ActivityManager: Killing 15444:com.xiaomi.mipicks/u0a147 (adj 906): empty #17
10-06 14:52:15.093  2070  2099 W libprocessgroup: kill(-15444, 9) failed: No such process
10-06 14:52:15.094  2070  2095 W BroadcastQueue: Background execution not allowed: receiving Intent { act=android.intent.action.PACKAGE_ADDED dat=package:com.shubhlabh.order flg=0x4000011 (has extras) } to com.lbe.security.miui/com.lbe.security.service.BootReceiver
10-06 14:52:15.096  2070  2095 D CompatibilityInfo: mCompatibilityFlags - 0
10-06 14:52:15.096  2070  2095 D CompatibilityInfo: applicationDensity - 440
10-06 14:52:15.096  2070  2095 D CompatibilityInfo: applicationScale - 1.0
10-06 14:52:15.099  2070  2099 W libprocessgroup: kill(-15444, 9) failed: No such process
10-06 14:52:15.101 19110 19169 D LR-AppUsageStatsFactory: loadTodayTotalTimeForPackage()......pkgName=com.miui.home
10-06 14:52:15.102 19110 19169 E LR-AppUsageStatsFactory: aggregate()......Fail since invalid params.
10-06 14:52:15.102 19110 19169 E LR-AppUsageStatsFactory: Ops! Fail to aggregate~
10-06 14:52:15.104  2070  7832 W BroadcastQueue: Background execution not allowed: receiving Intent { act=android.intent.action.PACKAGE_ADDED dat=package:com.shubhlabh.order flg=0x4000011 (has extras) } to com.android.vending/com.google.android.finsky.packagemonitor.impl.PackageMonitorReceiverImpl$RegisteredReceiver
10-06 14:52:15.105  2070  2099 W libprocessgroup: kill(-15444, 9) failed: No such process
10-06 14:52:15.106  2070  2095 W BroadcastQueue: Background execution not allowed: receiving Intent { act=android.intent.action.PACKAGE_ADDED dat=package:com.shubhlabh.order flg=0x4000011 (has extras) } to com.android.vending/com.google.android.finsky.packagemonitor.backgroundimpl.BackgroundPackageMonitorReceiverImpl$RegisteredReceiver
10-06 14:52:15.106  2070  2095 W BroadcastQueue: Background execution not allowed: receiving Intent { act=android.intent.action.PACKAGE_ADDED dat=package:com.shubhlabh.order flg=0x4000011 (has extras) } to com.facebook.appmanager/com.facebook.oxygen.common.packages.event.manifest.ManifestPackageEventReceiver
10-06 14:52:15.106  2070  2095 W BroadcastQueue: Background execution not allowed: receiving Intent { act=android.intent.action.PACKAGE_ADDED dat=package:com.shubhlabh.order flg=0x4000011 (has extras) } to com.google.android.gms/.gass.chimera.PackageChangeBroadcastReceiver
10-06 14:52:15.106  2070  2095 W BroadcastQueue: Background execution not allowed: receiving Intent { act=android.intent.action.PACKAGE_ADDED dat=package:com.shubhlabh.order flg=0x4000011 (has extras) } to com.google.android.gms/.chimera.GmsIntentOperationService$PersistentTrustedReceiver
10-06 14:52:15.106  2070  2095 W BroadcastQueue: Background execution not allowed: receiving Intent { act=android.intent.action.PACKAGE_ADDED dat=package:com.shubhlabh.order flg=0x4000011 (has extras) } to com.miui.audioeffect/com.android.musicfx.Compatibility$Receiver
10-06 14:52:15.106  2070  2095 W BroadcastQueue: Background execution not allowed: receiving Intent { act=android.intent.action.PACKAGE_ADDED dat=package:com.shubhlabh.order flg=0x4000011 (has extras) } to com.xiaomi.discover/com.xiaomi.market.data.MyPackageMonitor
10-06 14:52:15.106  2070  2095 W BroadcastQueue: Background execution not allowed: receiving Intent { act=android.intent.action.PACKAGE_ADDED dat=package:com.shubhlabh.order flg=0x4000011 (has extras) } to com.xiaomi.mipicks/com.xiaomi.market.data.MyPackageMonitor
10-06 14:52:15.108  2070  2095 D CompatibilityInfo: mCompatibilityFlags - 0
10-06 14:52:15.108  2070  2095 D CompatibilityInfo: applicationDensity - 440
10-06 14:52:15.108  2070  2095 D CompatibilityInfo: applicationScale - 1.0
10-06 14:52:15.109 19110 19110 I AppTimerReceiver: onReceive: action=android.intent.action.PACKAGE_ADDED
10-06 14:52:15.110 19110 19169 D LR-AppUsageStatsFactory: loadTodayTotalTimeForPackage()......pkgName=com.miui.home
10-06 14:52:15.110  2070  2099 W libprocessgroup: kill(-15444, 9) failed: No such process
10-06 14:52:15.111  2070  6382 W BroadcastQueue: Background execution not allowed: receiving Intent { act=android.intent.action.PACKAGE_ADDED dat=package:com.shubhlabh.order flg=0x4000011 (has extras) } to com.xiaomi.providers.appindex/.PackageChangeReceiver
10-06 14:52:15.112 19110 19169 E LR-AppUsageStatsFactory: aggregate()......Fail since invalid params.
10-06 14:52:15.112 19110 19169 E LR-AppUsageStatsFactory: Ops! Fail to aggregate~
10-06 14:52:15.114 19110 19169 D LR-AppUsageStatsFactory: loadTodayTotalTimeForPackage()......pkgName=com.android.settings
10-06 14:52:15.116  2070  2099 W libprocessgroup: kill(-15444, 9) failed: No such process
10-06 14:52:15.117  2070  2095 D CompatibilityInfo: mCompatibilityFlags - 0
10-06 14:52:15.117  2070  2095 D CompatibilityInfo: applicationDensity - 440
10-06 14:52:15.117  2070  2095 D CompatibilityInfo: applicationScale - 1.0
10-06 14:52:15.120 18376 18376 I Finsky  : [2] anfn - Received: android.intent.action.PACKAGE_ADDED, [K1m960Beb8m6DfG2PIYnpisrv7nDeAnM56AEeIvgmLQ]
10-06 14:52:15.122  2070  2099 W libprocessgroup: kill(-15444, 9) failed: No such process
10-06 14:52:15.124 19110 19169 E LR-AppUsageStatsFactory: aggregate()......Fail since invalid params.
10-06 14:52:15.124 19110 19169 E LR-AppUsageStatsFactory: Ops! Fail to aggregate~
10-06 14:52:15.125 19110 19169 D LR-AppUsageStatsFactory: loadTodayTotalTimeForPackage()......pkgName=com.miui.securitycenter
10-06 14:52:15.127 18376 18376 I Finsky  : [2] anfn - Deduping intent android.intent.action.PACKAGE_ADDED
10-06 14:52:15.127  2070  2099 W libprocessgroup: kill(-15444, 9) failed: No such process
10-06 14:52:15.128 18376 18411 I Finsky  : [18413] RECEIVER_PACKAGE_MONITOR#logWorkEndAndFinishGoAsync: SUCCESS
10-06 14:52:15.129  2070  7832 D CompatibilityInfo: mCompatibilityFlags - 0
10-06 14:52:15.129  2070  7832 D CompatibilityInfo: applicationDensity - 440
10-06 14:52:15.129  2070  7832 D CompatibilityInfo: applicationScale - 1.0
10-06 14:52:15.132 18563 18563 I Finsky:background: [2] anfd - Received: android.intent.action.PACKAGE_ADDED, [K1m960Beb8m6DfG2PIYnpisrv7nDeAnM56AEeIvgmLQ]
10-06 14:52:15.132 19110 19169 E LR-AppUsageStatsFactory: aggregate()......Fail since invalid params.
10-06 14:52:15.132 19110 19169 E LR-AppUsageStatsFactory: Ops! Fail to aggregate~
10-06 14:52:15.133 19110 19169 D LR-AppUsageStatsFactory: loadTodayTotalTimeForPackage()......pkgName=com.android.vending
10-06 14:52:15.133  2070  2099 W libprocessgroup: kill(-15444, 9) failed: No such process
10-06 14:52:15.139  2070  2099 W libprocessgroup: kill(-15444, 9) failed: No such process
10-06 14:52:15.142 19110 19169 E LR-AppUsageStatsFactory: aggregate()......Fail since invalid params.
10-06 14:52:15.142 19110 19169 E LR-AppUsageStatsFactory: Ops! Fail to aggregate~
10-06 14:52:15.144  2070  2099 W libprocessgroup: kill(-15444, 9) failed: No such process
10-06 14:52:15.145 19110 19169 D LR-AppUsageStatsFactory: loadTodayTotalTimeForPackage()......pkgName=com.shubhlabh.order
10-06 14:52:15.146 18563 18563 I Finsky:background: [2] anfd - Deduping intent android.intent.action.PACKAGE_ADDED
10-06 14:52:15.147 18848 18833 W Bundle  : Key identifier expected Parcelable[] but value was a [Ljava.lang.String;.  The default value <null> was returned.
10-06 14:52:15.147 18563 18612 I Finsky:background: [18442] RECEIVER_PACKAGE_MONITOR_BACKGROUND#logWorkEndAndFinishGoAsync: SUCCESS
10-06 14:52:15.148 18848 18833 W Bundle  : Attempt to cast generated internal exception:
10-06 14:52:15.148 18848 18833 W Bundle  : java.lang.ClassCastException: java.lang.String[] cannot be cast to android.os.Parcelable[]
10-06 14:52:15.148 18848 18833 W Bundle  : 	at android.os.Bundle.getParcelableArray(Bundle.java:969)
10-06 14:52:15.148 18848 18833 W Bundle  : 	at mbi.d(:com.google.android.gms@263635013@26.36.35 (100400-991383798):14)
10-06 14:52:15.148 18848 18833 W Bundle  : 	at com.google.firebase.appindexing.internal.Thing.h(:com.google.android.gms@263635013@26.36.35 (100400-991383798):5)
10-06 14:52:15.148 18848 18833 W Bundle  : 	at cofo.g(:com.google.android.gms@263635013@26.36.35 (100400-991383798):593)
10-06 14:52:15.148 18848 18833 W Bundle  : 	at cofo.c(:com.google.android.gms@263635013@26.36.35 (100400-991383798):63)
10-06 14:52:15.148 18848 18833 W Bundle  : 	at cofh.i(:com.google.android.gms@263635013@26.36.35 (100400-991383798):8)
10-06 14:52:15.148 18848 18833 W Bundle  : 	at cody.a(:com.google.android.gms@263635013@26.36.35 (100400-991383798):19)
10-06 14:52:15.148 18848 18833 W Bundle  : 	at cofj.f(:com.google.android.gms@263635013@26.36.35 (100400-991383798):28)
10-06 14:52:15.148 18848 18833 W Bundle  : 	at cody.g(:com.google.android.gms@263635013@26.36.35 (100400-991383798):3)
10-06 14:52:15.148 18848 18833 W Bundle  : 	at coef.a(:com.google.android.gms@263635013@26.36.35 (100400-991383798):10)
10-06 14:52:15.148 18848 18833 W Bundle  : 	at comc.k(:com.google.android.gms@263635013@26.36.35 (100400-991383798):103)
10-06 14:52:15.148 18848 18833 W Bundle  : 	at colz.run(:com.google.android.gms@263635013@26.36.35 (100400-991383798):71)
10-06 14:52:15.148 18848 18833 W Bundle  : 	at java.util.concurrent.Executors$RunnableAdapter.call(Executors.java:458)
10-06 14:52:15.148 18848 18833 W Bundle  : 	at java.util.concurrent.FutureTask.run(FutureTask.java:266)
10-06 14:52:15.148 18848 18833 W Bundle  : 	at bnfi.d(:com.google.android.gms@263635013@26.36.35 (100400-991383798):50)
10-06 14:52:15.148 18848 18833 W Bundle  : 	at bnfi.c(:com.google.android.gms@263635013@26.36.35 (100400-991383798):28)
10-06 14:52:15.148 18848 18833 W Bundle  : 	at bnfi.run(:com.google.android.gms@263635013@26.36.35 (100400-991383798):33)
10-06 14:52:15.148 18848 18833 W Bundle  : 	at java.util.concurrent.ThreadPoolExecutor.runWorker(ThreadPoolExecutor.java:1167)
10-06 14:52:15.148 18848 18833 W Bundle  : 	at java.util.concurrent.ThreadPoolExecutor$Worker.run(ThreadPoolExecutor.java:641)
10-06 14:52:15.148 18848 18833 W Bundle  : 	at bnlh.run(:com.google.android.gms@263635013@26.36.35 (100400-991383798):8)
10-06 14:52:15.148 18848 18833 W Bundle  : 	at java.lang.Thread.run(Thread.java:764)
10-06 14:52:15.148 18848 18833 W Bundle  : Key name expected Parcelable[] but value was a [Ljava.lang.String;.  The default value <null> was returned.
10-06 14:52:15.148  2070  6382 W BroadcastQueue: Background execution not allowed: receiving Intent { act=android.intent.action.PACKAGE_REPLACED dat=package:com.shubhlabh.order flg=0x4000011 (has extras) } to com.facebook.appmanager/com.facebook.oxygen.common.packages.event.manifest.ManifestPackageEventReceiver
10-06 14:52:15.148 18848 18833 W Bundle  : Attempt to cast generated internal exception:
10-06 14:52:15.148 18848 18833 W Bundle  : java.lang.ClassCastException: java.lang.String[] cannot be cast to android.os.Parcelable[]
10-06 14:52:15.148 18848 18833 W Bundle  : 	at android.os.Bundle.getParcelableArray(Bundle.java:969)
10-06 14:52:15.148 18848 18833 W Bundle  : 	at mbi.d(:com.google.android.gms@263635013@26.36.35 (100400-991383798):14)
10-06 14:52:15.148 18848 18833 W Bundle  : 	at com.google.firebase.appindexing.internal.Thing.h(:com.google.android.gms@263635013@26.36.35 (100400-991383798):5)
10-06 14:52:15.148 18848 18833 W Bundle  : 	at cofo.g(:com.google.android.gms@263635013@26.36.35 (100400-991383798):593)
10-06 14:52:15.148 18848 18833 W Bundle  : 	at cofo.c(:com.google.android.gms@263635013@26.36.35 (100400-991383798):63)
10-06 14:52:15.148 18848 18833 W Bundle  : 	at cofh.i(:com.google.android.gms@263635013@26.36.35 (100400-991383798):8)
10-06 14:52:15.148 18848 18833 W Bundle  : 	at cody.a(:com.google.android.gms@263635013@26.36.35 (100400-991383798):19)
10-06 14:52:15.148 18848 18833 W Bundle  : 	at cofj.f(:com.google.android.gms@263635013@26.36.35 (100400-991383798):28)
10-06 14:52:15.148 18848 18833 W Bundle  : 	at cody.g(:com.google.android.gms@263635013@26.36.35 (100400-991383798):3)
10-06 14:52:15.148 18848 18833 W Bundle  : 	at coef.a(:com.google.android.gms@263635013@26.36.35 (100400-991383798):10)
10-06 14:52:15.148 18848 18833 W Bundle  : 	at comc.k(:com.google.android.gms@263635013@26.36.35 (100400-991383798):103)
10-06 14:52:15.148 18848 18833 W Bundle  : 	at colz.run(:com.google.android.gms@263635013@26.36.35 (100400-991383798):71)
10-06 14:52:15.148 18848 18833 W Bundle  : 	at java.util.concurrent.Executors$RunnableAdapter.call(Executors.java:458)
10-06 14:52:15.148 18848 18833 W Bundle  : 	at java.util.concurrent.FutureTask.run(FutureTask.java:266)
10-06 14:52:15.148 18848 18833 W Bundle  : 	at bnfi.d(:com.google.android.gms@263635013@26.36.35 (100400-991383798):50)
10-06 14:52:15.148 18848 18833 W Bundle  : 	at bnfi.c(:com.google.android.gms@263635013@26.36.35 (100400-991383798):28)
10-06 14:52:15.148 18848 18833 W Bundle  : 	at bnfi.run(:com.google.android.gms@263635013@26.36.35 (100400-991383798):33)
10-06 14:52:15.148 18848 18833 W Bundle  : 	at java.util.concurrent.ThreadPoolExecutor.runWorker(ThreadPoolExecutor.java:1167)
10-06 14:52:15.148 18848 18833 W Bundle  : 	at java.util.concurrent.ThreadPoolExecutor$Worker.run(ThreadPoolExecutor.java:641)
10-06 14:52:15.148 18848 18833 W Bundle  : 	at bnlh.run(:com.google.android.gms@263635013@26.36.35 (100400-991383798):8)
10-06 14:52:15.148 18848 18833 W Bundle  : 	at java.lang.Thread.run(Thread.java:764)
10-06 14:52:15.148 18848 18833 W Bundle  : Key image expected Parcelable[] but value was a [Ljava.lang.String;.  The default value <null> was returned.
10-06 14:52:15.149 18848 18833 W Bundle  : Attempt to cast generated internal exception:
10-06 14:52:15.149 18848 18833 W Bundle  : java.lang.ClassCastException: java.lang.String[] cannot be cast to android.os.Parcelable[]
10-06 14:52:15.149 18848 18833 W Bundle  : 	at android.os.Bundle.getParcelableArray(Bundle.java:969)
10-06 14:52:15.149 18848 18833 W Bundle  : 	at mbi.d(:com.google.android.gms@263635013@26.36.35 (100400-991383798):14)
10-06 14:52:15.149 18848 18833 W Bundle  : 	at com.google.firebase.appindexing.internal.Thing.h(:com.google.android.gms@263635013@26.36.35 (100400-991383798):5)
10-06 14:52:15.149 18848 18833 W Bundle  : 	at cofo.g(:com.google.android.gms@263635013@26.36.35 (100400-991383798):593)
10-06 14:52:15.149 18848 18833 W Bundle  : 	at cofo.c(:com.google.android.gms@263635013@26.36.35 (100400-991383798):63)
10-06 14:52:15.149 18848 18833 W Bundle  : 	at cofh.i(:com.google.android.gms@263635013@26.36.35 (100400-991383798):8)
10-06 14:52:15.149 18848 18833 W Bundle  : 	at cody.a(:com.google.android.gms@263635013@26.36.35 (100400-991383798):19)
10-06 14:52:15.149 18848 18833 W Bundle  : 	at cofj.f(:com.google.android.gms@263635013@26.36.35 (100400-991383798):28)
10-06 14:52:15.149 18848 18833 W Bundle  : 	at cody.g(:com.google.android.gms@263635013@26.36.35 (100400-991383798):3)
10-06 14:52:15.149 18848 18833 W Bundle  : 	at coef.a(:com.google.android.gms@263635013@26.36.35 (100400-991383798):10)
10-06 14:52:15.149 18848 18833 W Bundle  : 	at comc.k(:com.google.android.gms@263635013@26.36.35 (100400-991383798):103)
10-06 14:52:15.149 18848 18833 W Bundle  : 	at colz.run(:com.google.android.gms@263635013@26.36.35 (100400-991383798):71)
10-06 14:52:15.149 18848 18833 W Bundle  : 	at java.util.concurrent.Executors$RunnableAdapter.call(Executors.java:458)
10-06 14:52:15.149 18848 18833 W Bundle  : 	at java.util.concurrent.FutureTask.run(FutureTask.java:266)
10-06 14:52:15.149 18848 18833 W Bundle  : 	at bnfi.d(:com.google.android.gms@263635013@26.36.35 (100400-991383798):50)
10-06 14:52:15.149 18848 18833 W Bundle  : 	at bnfi.c(:com.google.android.gms@263635013@26.36.35 (100400-991383798):28)
10-06 14:52:15.149 18848 18833 W Bundle  : 	at bnfi.run(:com.google.android.gms@263635013@26.36.35 (100400-991383798):33)
10-06 14:52:15.149 18848 18833 W Bundle  : 	at java.util.concurrent.ThreadPoolExecutor.runWorker(ThreadPoolExecutor.java:1167)
10-06 14:52:15.149 18848 18833 W Bundle  : 	at java.util.concurrent.ThreadPoolExecutor$Worker.run(ThreadPoolExecutor.java:641)
10-06 14:52:15.149 18848 18833 W Bundle  : 	at bnlh.run(:com.google.android.gms@263635013@26.36.35 (100400-991383798):8)
10-06 14:52:15.149 18848 18833 W Bundle  : 	at java.lang.Thread.run(Thread.java:764)
10-06 14:52:15.149 18848 18833 W Bundle  : Key dateModified expected Parcelable[] but value was a [J.  The default value <null> was returned.
10-06 14:52:15.149 18848 18833 W Bundle  : Attempt to cast generated internal exception:
10-06 14:52:15.149 18848 18833 W Bundle  : java.lang.ClassCastException: long[] cannot be cast to android.os.Parcelable[]
10-06 14:52:15.149 18848 18833 W Bundle  : 	at android.os.Bundle.getParcelableArray(Bundle.java:969)
10-06 14:52:15.149 18848 18833 W Bundle  : 	at mbi.d(:com.google.android.gms@263635013@26.36.35 (100400-991383798):14)
10-06 14:52:15.149 18848 18833 W Bundle  : 	at com.google.firebase.appindexing.internal.Thing.h(:com.google.android.gms@263635013@26.36.35 (100400-991383798):5)
10-06 14:52:15.149 18848 18833 W Bundle  : 	at cofo.g(:com.google.android.gms@263635013@26.36.35 (100400-991383798):593)
10-06 14:52:15.149 18848 18833 W Bundle  : 	at cofo.c(:com.google.android.gms@263635013@26.36.35 (100400-991383798):63)
10-06 14:52:15.149 18848 18833 W Bundle  : 	at cofh.i(:com.google.android.gms@263635013@26.36.35 (100400-991383798):8)
10-06 14:52:15.149 18848 18833 W Bundle  : 	at cody.a(:com.google.android.gms@263635013@26.36.35 (100400-991383798):19)
10-06 14:52:15.149 18848 18833 W Bundle  : 	at cofj.f(:com.google.android.gms@263635013@26.36.35 (100400-991383798):28)
10-06 14:52:15.149 18848 18833 W Bundle  : 	at cody.g(:com.google.android.gms@263635013@26.36.35 (100400-991383798):3)
10-06 14:52:15.149 18848 18833 W Bundle  : 	at coef.a(:com.google.android.gms@263635013@26.36.35 (100400-991383798):10)
10-06 14:52:15.149 18848 18833 W Bundle  : 	at comc.k(:com.google.android.gms@263635013@26.36.35 (100400-991383798):103)
10-06 14:52:15.149 18848 18833 W Bundle  : 	at colz.run(:com.google.android.gms@263635013@26.36.35 (100400-991383798):71)
10-06 14:52:15.149 18848 18833 W Bundle  : 	at java.util.concurrent.Executors$RunnableAdapter.call(Executors.java:458)
10-06 14:52:15.149 18848 18833 W Bundle  : 	at java.util.concurrent.FutureTask.run(FutureTask.java:266)
10-06 14:52:15.149 18848 18833 W Bundle  : 	at bnfi.d(:com.google.android.gms@263635013@26.36.35 (100400-991383798):50)
10-06 14:52:15.149 18848 18833 W Bundle  : 	at bnfi.c(:com.google.android.gms@263635013@26.36.35 (100400-991383798):28)
10-06 14:52:15.149 18848 18833 W Bundle  : 	at bnfi.run(:com.google.android.gms@263635013@26.36.35 (100400-991383798):33)
10-06 14:52:15.149 18848 18833 W Bundle  : 	at java.util.concurrent.ThreadPoolExecutor.runWorker(ThreadPoolExecutor.java:1167)
10-06 14:52:15.149 18848 18833 W Bundle  : 	at java.util.concurrent.ThreadPoolExecutor$Worker.run(ThreadPoolExecutor.java:641)
10-06 14:52:15.149 18848 18833 W Bundle  : 	at bnlh.run(:com.google.android.gms@263635013@26.36.35 (100400-991383798):8)
10-06 14:52:15.149 18848 18833 W Bundle  : 	at java.lang.Thread.run(Thread.java:764)
10-06 14:52:15.149 19110 19169 D LR-AppUsageStatsFactory: guess()...Last event is MOVE_TO_FOREGROUND, we guess it is still been used. pkgName=com.shubhlabh.order
10-06 14:52:15.150  2070  2099 W libprocessgroup: kill(-15444, 9) failed: No such process
10-06 14:52:15.150 19110 19169 D LR-AppUsageStatsFactory: guess()...gap=0min(6971ms)
10-06 14:52:15.151 19110 19169 E LR-AppUsageStatsFactory: aggregate()......Fail since invalid params.
10-06 14:52:15.151 19110 19169 E LR-AppUsageStatsFactory: Ops! Fail to aggregate~
10-06 14:52:15.152  2070  2095 W BroadcastQueue: Background execution not allowed: receiving Intent { act=android.intent.action.PACKAGE_REPLACED dat=package:com.shubhlabh.order flg=0x4000011 (has extras) } to com.google.android.gms/.gass.chimera.PackageChangeBroadcastReceiver
10-06 14:52:15.152 19110 19169 D LR-AppUsageStatsFactory: loadTodayTotalTimeForPackage()......pkgName=com.android.systemui
10-06 14:52:15.152  2070  2095 W BroadcastQueue: Background execution not allowed: receiving Intent { act=android.intent.action.PACKAGE_REPLACED dat=package:com.shubhlabh.order flg=0x4000011 (has extras) } to com.google.android.gms/.chimera.GmsIntentOperationService$PersistentTrustedReceiver
10-06 14:52:15.152  2070  2095 W BroadcastQueue: Background execution not allowed: receiving Intent { act=android.intent.action.PACKAGE_REPLACED dat=package:com.shubhlabh.order flg=0x4000011 (has extras) } to com.miui.audioeffect/com.android.musicfx.Compatibility$Receiver
10-06 14:52:15.153  2070  2095 W BroadcastQueue: Background execution not allowed: receiving Intent { act=android.intent.action.PACKAGE_REPLACED dat=package:com.shubhlabh.order flg=0x4000011 (has extras) } to com.miui.notes/com.miui.floatwindow.BootBroadcastReceiver
10-06 14:52:15.154 19110 19169 E LR-AppUsageStatsFactory: aggregate()......Fail since invalid params.
10-06 14:52:15.154 19110 19169 E LR-AppUsageStatsFactory: Ops! Fail to aggregate~
10-06 14:52:15.155 18563 19087 I Finsky:background: [18462] Wrote row to frosting DB: 32989
10-06 14:52:15.156  2070  2099 W libprocessgroup: kill(-15444, 9) failed: No such process
10-06 14:52:15.156 19110 19169 D LR-AppUsageStatsFactory: loadTodayTotalTimeForPackage()......pkgName=com.shubhlabh.order
10-06 14:52:15.157 19110 19169 E LR-AppUsageStatsFactory: aggregate()...start <= 0, This may because a cross usage! This can only occur once:com.shubhlabh.order
10-06 14:52:15.157 19110 19169 E LR-AppUsageStatsFactory: aggregate()......Fail since invalid params.
10-06 14:52:15.157 19110 19169 E LR-AppUsageStatsFactory: Ops! Fail to aggregate~
10-06 14:52:15.158 19110 19169 D LR-AppUsageStatsFactory: loadTodayTotalTimeForPackage()......pkgName=com.miui.home
10-06 14:52:15.160 19110 19169 E LR-AppUsageStatsFactory: aggregate()......Fail since invalid params.
10-06 14:52:15.160 19110 19169 E LR-AppUsageStatsFactory: Ops! Fail to aggregate~
10-06 14:52:15.161  2070  2099 W libprocessgroup: kill(-15444, 9) failed: No such process
10-06 14:52:15.161 18848 18848 D BoundBrokerSvc: onUnbind: Intent { act=com.google.android.gms.pay.service.BIND dat=chimera-action: cmp=com.google.android.gms/.chimera.GmsApiService }
10-06 14:52:15.164 19110 19169 D LR-AppUsageStatsFactory: loadTodayTotalTimeForPackage()......pkgName=com.miui.home
10-06 14:52:15.165 19110 19169 E LR-AppUsageStatsFactory: aggregate()......Fail since invalid params.
10-06 14:52:15.165 19110 19169 E LR-AppUsageStatsFactory: Ops! Fail to aggregate~
10-06 14:52:15.167  2070  2099 W libprocessgroup: kill(-15444, 9) failed: No such process
10-06 14:52:15.167 19110 19169 D LR-AppUsageStatsFactory: loadTodayTotalTimeForPackage()......pkgName=com.android.settings
10-06 14:52:15.168 19110 19169 E LR-AppUsageStatsFactory: aggregate()......Fail since invalid params.
10-06 14:52:15.168 19110 19169 E LR-AppUsageStatsFactory: Ops! Fail to aggregate~
10-06 14:52:15.169 19110 19169 D LR-AppUsageStatsFactory: loadTodayTotalTimeForPackage()......pkgName=com.shubhlabh.order
10-06 14:52:15.171 19110 19169 E LR-AppUsageStatsFactory: aggregate()......Fail since invalid params.
10-06 14:52:15.171 19110 19169 E LR-AppUsageStatsFactory: Ops! Fail to aggregate~
10-06 14:52:15.172  2070  2099 W libprocessgroup: kill(-15444, 9) failed: No such process
10-06 14:52:15.173 19110 19169 D LR-AppUsageStatsFactory: loadTodayTotalTimeForPackage()......pkgName=com.miui.securitycenter
10-06 14:52:15.177 19110 19169 E LR-AppUsageStatsFactory: aggregate()......Fail since invalid params.
10-06 14:52:15.177 19110 19169 E LR-AppUsageStatsFactory: Ops! Fail to aggregate~
10-06 14:52:15.177  2070  2099 W libprocessgroup: kill(-15444, 9) failed: No such process
10-06 14:52:15.179 19110 19169 D LR-AppUsageStatsFactory: loadTodayTotalTimeForPackage()......pkgName=com.android.vending
10-06 14:52:15.182 19110 19169 E LR-AppUsageStatsFactory: aggregate()......Fail since invalid params.
10-06 14:52:15.182 19110 19169 E LR-AppUsageStatsFactory: Ops! Fail to aggregate~
10-06 14:52:15.183  2070  2099 W libprocessgroup: kill(-15444, 9) failed: No such process
10-06 14:52:15.187 19110 19169 D LR-AppUsageStatsFactory: loadTodayTotalTimeForPackage()......pkgName=com.android.vending
10-06 14:52:15.189  2070  2099 W libprocessgroup: kill(-15444, 9) failed: No such process
10-06 14:52:15.189 19110 19169 E LR-AppUsageStatsFactory: aggregate()......Fail since invalid params.
10-06 14:52:15.189 19110 19169 E LR-AppUsageStatsFactory: Ops! Fail to aggregate~
10-06 14:52:15.190 19110 19169 D LR-AppUsageStatsFactory: loadTodayTotalTimeForPackage()......pkgName=com.miui.home
10-06 14:52:15.169 18376 18446 I Finsky  : [18431] SCH: Scheduling 0 system job(s)
10-06 14:52:15.192 18376 18446 I Finsky  : [18431] AIM: AppInfoManager-Perf > getApps > data collection finished
10-06 14:52:15.192 18376 18446 I Finsky  : [18431] AIM: AppInfoManager-Perf > maybeDestroyAppInfoManager is called. actives = 0
10-06 14:52:15.193 19110 19169 E LR-AppUsageStatsFactory: aggregate()......Fail since invalid params.
10-06 14:52:15.193 19110 19169 E LR-AppUsageStatsFactory: Ops! Fail to aggregate~
10-06 14:52:15.194  2070  2099 W libprocessgroup: kill(-15444, 9) failed: No such process
10-06 14:52:15.195 19110 19169 D LR-AppUsageStatsFactory: loadTodayTotalTimeForPackage()......pkgName=com.shubhlabh.order
10-06 14:52:15.195  1212  1212 I Zygote  : Process 15444 exited due to signal (9)
10-06 14:52:15.196  2070  2608 D ConnectivityService: ConnectivityService NetworkRequestInfo binderDied(NetworkRequest [ LISTEN id=3407, [ Capabilities: NOT_RESTRICTED&TRUSTED&NOT_VPN Unwanted:  Uid: 10147] ], android.os.BinderProxy@8f7d1c4)
10-06 14:52:15.198 17402 30592 D ProcessObserverV8: onProcessDied:pid = 15444,died-uid=10147
10-06 14:52:15.200  2070  2099 W libprocessgroup: kill(-15444, 9) failed: No such process
10-06 14:52:15.200  2070  2099 I libprocessgroup: Successfully killed process cgroup uid 10147 pid 15444 in 107ms
10-06 14:52:15.200 18376 18449 I Finsky  : [18433] [ContentSync] finished, scheduled=true
10-06 14:52:15.202 19110 19169 E LR-AppUsageStatsFactory: aggregate()......Fail since invalid params.
10-06 14:52:15.202 19110 19169 E LR-AppUsageStatsFactory: Ops! Fail to aggregate~
10-06 14:52:15.203 19110 19169 D LR-AppUsageStatsFactory: loadTodayTotalTimeForPackage()......pkgName=com.android.systemui
10-06 14:52:15.207 19110 19169 E LR-AppUsageStatsFactory: aggregate()......Fail since invalid params.
10-06 14:52:15.207 19110 19169 E LR-AppUsageStatsFactory: Ops! Fail to aggregate~
10-06 14:52:15.207 19110 19169 D LR-AppUsageStatsFactory: loadTodayTotalTimeForPackage()......pkgName=com.miui.android.fashiongallery
10-06 14:52:15.210 19110 19169 E LR-AppUsageStatsFactory: aggregate()......Fail since invalid params.
10-06 14:52:15.210 19110 19169 E LR-AppUsageStatsFactory: Ops! Fail to aggregate~
10-06 14:52:15.213 19110 19169 D LR-AppUsageStatsFactory: loadTodayTotalTimeForPackage()......pkgName=com.miui.home
10-06 14:52:15.215 19110 19169 E LR-AppUsageStatsFactory: aggregate()......Fail since invalid params.
10-06 14:52:15.215 19110 19169 E LR-AppUsageStatsFactory: Ops! Fail to aggregate~
10-06 14:52:15.215 19110 19169 D LR-AppUsageStatsFactory: loadTodayTotalTimeForPackage()......pkgName=com.shubhlabh.order
10-06 14:52:15.216 19110 19169 E LR-AppUsageStatsFactory: aggregate()......Fail since invalid params.
10-06 14:52:15.216 19110 19169 E LR-AppUsageStatsFactory: Ops! Fail to aggregate~
10-06 14:52:15.217 19110 19169 D LR-AppUsageStatsFactory: loadTodayTotalTimeForPackage()......pkgName=com.miui.securitycenter
10-06 14:52:15.219 19110 19169 E LR-AppUsageStatsFactory: aggregate()......Fail since invalid params.
10-06 14:52:15.219 19110 19169 E LR-AppUsageStatsFactory: Ops! Fail to aggregate~
10-06 14:52:15.222 19110 19169 D LR-AppUsageStatsFactory: loadTodayTotalTimeForPackage()......pkgName=com.shubhlabh.order
10-06 14:52:15.227 19110 19169 E LR-AppUsageStatsFactory: aggregate()......Fail since invalid params.
10-06 14:52:15.227 19110 19169 E LR-AppUsageStatsFactory: Ops! Fail to aggregate~
10-06 14:52:15.227 19110 19169 D LR-AppUsageStatsFactory: loadTodayTotalTimeForPackage()......pkgName=com.android.contacts
10-06 14:52:15.229 19110 19169 E LR-AppUsageStatsFactory: aggregate()......Fail since invalid params.
10-06 14:52:15.229 19110 19169 E LR-AppUsageStatsFactory: Ops! Fail to aggregate~
10-06 14:52:15.230 19110 19169 D LR-AppUsageStatsFactory: loadTodayTotalTimeForPackage()......pkgName=com.android.systemui
10-06 14:52:15.232 19110 19169 E LR-AppUsageStatsFactory: aggregate()......Fail since invalid params.
10-06 14:52:15.232 19110 19169 E LR-AppUsageStatsFactory: Ops! Fail to aggregate~
10-06 14:52:15.233 19110 19169 D LR-AppUsageStatsFactory: loadTodayTotalTimeForPackage()......pkgName=com.miui.home
10-06 14:52:15.235 19110 19169 E LR-AppUsageStatsFactory: aggregate()......Fail since invalid params.
10-06 14:52:15.235 19110 19169 E LR-AppUsageStatsFactory: Ops! Fail to aggregate~
10-06 14:52:15.236 19110 19169 D LR-AppUsageStatsFactory: loadTodayTotalTimeForPackage()......pkgName=com.android.settings
10-06 14:52:15.238 19110 19169 E LR-AppUsageStatsFactory: aggregate()......Fail since invalid params.
10-06 14:52:15.238 19110 19169 E LR-AppUsageStatsFactory: Ops! Fail to aggregate~
10-06 14:52:15.239 19110 19169 D LR-AppUsageStatsFactory: loadTodayTotalTimeForPackage()......pkgName=com.miui.securitycenter
10-06 14:52:15.241 19110 19169 E LR-AppUsageStatsFactory: aggregate()......Fail since invalid params.
10-06 14:52:15.241 19110 19169 E LR-AppUsageStatsFactory: Ops! Fail to aggregate~
10-06 14:52:15.242 19110 19169 D LR-AppUsageStatsFactory: loadTodayTotalTimeForPackage()......pkgName=com.shubhlabh.order
10-06 14:52:15.243 19110 19169 E LR-AppUsageStatsFactory: aggregate()......Fail since invalid params.
10-06 14:52:15.243 19110 19169 E LR-AppUsageStatsFactory: Ops! Fail to aggregate~
10-06 14:52:15.244 19110 19169 D LR-AppUsageStatsFactory: loadTodayTotalTimeForPackage()......pkgName=com.android.settings
10-06 14:52:15.245 19110 19169 E LR-AppUsageStatsFactory: aggregate()......Fail since invalid params.
10-06 14:52:15.245 19110 19169 E LR-AppUsageStatsFactory: Ops! Fail to aggregate~
10-06 14:52:15.247 19110 19169 D LR-AppUsageStatsFactory: loadTodayTotalTimeForPackage()......pkgName=com.android.settings
10-06 14:52:15.249 19110 19169 D LR-AppUsageStatsFactory: loadTodayTotalTimeForPackage()......pkgName=com.shubhlabh.order
10-06 14:52:15.251 19110 19169 D LR-AppUsageStatsFactory: loadTodayTotalTimeForPackage()......pkgName=com.miui.securitycenter
10-06 14:52:15.253 19110 19169 D LR-AppUsageStatsFactory: loadTodayTotalTimeForPackage()......pkgName=com.miui.home
10-06 14:52:15.254 19110 19169 D LR-AppUsageStatsFactory: guess()...Last event is MOVE_TO_FOREGROUND, we guess it is still been used. pkgName=com.miui.home
10-06 14:52:15.254 19110 19169 D LR-AppUsageStatsFactory: guess()...gap=0min(8027ms)
10-06 14:52:15.267 19110 19169 E LR-AppUsageStatsFactory: filterUsageEventResult()......Skip, filter out the stat for no icon on launcher / special, pkgName=com.miui.android.fashiongallery
10-06 14:52:15.267 19110 19169 E LR-AppUsageStatsFactory: filterUsageEventResult()......Skip, filter out the stat for no icon on launcher / special, pkgName=com.android.systemui
10-06 14:52:15.267 19110 19169 E LR-AppUsageStatsFactory: filterUsageEventResult()......Skip, filter out the stat for no icon on launcher / special, pkgName=com.miui.home
10-06 14:52:15.267 19110 19169 D AppInfoUtils: loadTodayData:duration=174
10-06 14:52:15.399 19143 19143 D AndroidRuntime: >>>>>> START com.android.internal.os.RuntimeInit uid 2000 <<<<<<
10-06 14:52:15.424 19030 19050 I m.miui.weather: ProcessProfilingInfo new_methods=0 is saved saved_to_disk=0 resolve_classes_delay=8000
10-06 14:52:15.467  2070  2070 W Looper  : Slow dispatch took 1120ms main h=android.app.ActivityThread$H c=android.app.-$$Lambda$LoadedApk$ReceiverDispatcher$Args$_BumDX2UKsnxLVrE6UJsJZkotuA@6fd955c m=0
10-06 14:52:15.467  2070  2070 W Looper  : Slow delivery took 1113ms main h=android.app.ActivityThread$H c=android.app.-$$Lambda$LoadedApk$ReceiverDispatcher$Args$_BumDX2UKsnxLVrE6UJsJZkotuA@ea2d065 m=0
10-06 14:52:15.494 18848 18848 D BoundBrokerSvc: onUnbind: Intent { act=com.google.android.gms.presencemanager.service.START dat=chimera-action: cmp=com.google.android.gms/.chimera.PersistentApiService }
10-06 14:52:15.496 18848 18848 D BoundBrokerSvc: onUnbind: Intent { act=com.google.android.gms.presencemanager.service.INTERNAL_IDENTITY dat=chimera-action: cmp=com.google.android.gms/.chimera.PersistentApiService }
10-06 14:52:15.716  2070  2094 W system_server: Unknown chunk type '200'.
10-06 14:52:15.738 19143 19143 E libc    : Access denied finding property "ro.vendor.at_library"
10-06 14:52:15.726 19143 19143 W main    : type=1400 audit(0.0:38372): avc: denied { read } for name="u:object_r:vendor_mpctl_prop:s0" dev="tmpfs" ino=13749 scontext=u:r:shell:s0 tcontext=u:object_r:vendor_mpctl_prop:s0 tclass=file permissive=0
10-06 14:52:15.755  2070  2070 W Looper  : Slow dispatch took 284ms main h=android.app.ActivityThread$H c=android.app.-$$Lambda$LoadedApk$ReceiverDispatcher$Args$_BumDX2UKsnxLVrE6UJsJZkotuA@601bc54 m=0
10-06 14:52:15.758  2070  2070 I Telecom : DefaultDialerCache: Refreshing default dialer for user 0: now com.android.contacts: DDC.oR@BTw
10-06 14:52:15.767 19143 19143 D AndroidRuntime: Calling main entry com.android.commands.monkey.Monkey
10-06 14:52:15.789  2070  2070 V BackupManagerConstants: getFullBackupIntervalMilliseconds(...) returns 86400000
10-06 14:52:15.867  2070  2095 W BroadcastQueue: Skipping deliver [background] BroadcastRecord{ae849c0 u-1 android.net.conn.CONNECTIVITY_CHANGE} to ReceiverList{5e016f9 19143 (unknown name)/2000/u-1 remote:b04dcf2}: process gone or crashing
10-06 14:52:15.904  2070 11940 W Binder  : Outgoing transactions from this process must be FLAG_ONEWAY
10-06 14:52:15.904  2070 11940 W Binder  : java.lang.Throwable
10-06 14:52:15.904  2070 11940 W Binder  : 	at android.os.BinderProxy.transact(Binder.java:1120)
10-06 14:52:15.904  2070 11940 W Binder  : 	at android.app.IActivityController$Stub$Proxy.activityStarting(IActivityController.java:176)
10-06 14:52:15.904  2070 11940 W Binder  : 	at com.android.server.am.ExtraActivityManagerService.checkStartActivityLocked(ExtraActivityManagerService.java:318)
10-06 14:52:15.904  2070 11940 W Binder  : 	at com.android.server.am.ExtraActivityManagerService.checkStartActivityPermission(ExtraActivityManagerService.java:239)
10-06 14:52:15.904  2070 11940 W Binder  : 	at com.android.server.am.ActivityStarter.startActivityMayWait(ActivityStarter.java:1129)
10-06 14:52:15.904  2070 11940 W Binder  : 	at com.android.server.am.ActivityStarter.execute(ActivityStarter.java:496)
10-06 14:52:15.904  2070 11940 W Binder  : 	at com.android.server.am.ActivityManagerService.startActivityAsUser(ActivityManagerService.java:5355)
10-06 14:52:15.904  2070 11940 W Binder  : 	at com.android.server.am.ActivityManagerService.startActivityAsUser(ActivityManagerService.java:5329)
10-06 14:52:15.904  2070 11940 W Binder  : 	at com.android.server.am.ActivityManagerService.startActivity(ActivityManagerService.java:5320)
10-06 14:52:15.904  2070 11940 W Binder  : 	at android.app.IActivityManager$Stub.onTransact$startActivity$(IActivityManager.java:10198)
10-06 14:52:15.904  2070 11940 W Binder  : 	at android.app.IActivityManager$Stub.onTransact(IActivityManager.java:123)
10-06 14:52:15.904  2070 11940 W Binder  : 	at com.android.server.am.ActivityManagerService.onTransact(ActivityManagerService.java:3409)
10-06 14:52:15.904  2070 11940 W Binder  : 	at android.os.Binder.execTransact(Binder.java:735)
10-06 14:52:15.909 31434 18818 D AndroidUtils: MCC MNC = 
10-06 14:52:15.913  2070 11940 I ActivityManager: START u0 {act=android.intent.action.MAIN cat=[android.intent.category.LAUNCHER] flg=0x10200000 cmp=com.shubhlabh.order/.MainActivity} from uid 2000
10-06 14:52:15.913 31434 31461 E PackageManagerUtils: NameNotFound android.uid.system:1000
10-06 14:52:15.920  2070  2070 W Looper  : Slow dispatch took 118ms main h=android.app.ActivityThread$H c=null m=133
10-06 14:52:15.929  2070  2070 E LoadedApk: Unable to instantiate appComponentFactory
10-06 14:52:15.929  2070  2070 E LoadedApk: java.lang.ClassNotFoundException: Didn't find class "androidx.core.app.CoreComponentFactory" on path: DexPathList[[],nativeLibraryDirectories=[/data/app/com.android.chrome-W9GMAmfd1VrzCchubitDKA==/lib/arm64, /data/app/com.android.chrome-W9GMAmfd1VrzCchubitDKA==/base.apk!/lib/arm64-v8a, /system/lib64]]
10-06 14:52:15.929  2070  2070 E LoadedApk: 	at dalvik.system.BaseDexClassLoader.findClass(BaseDexClassLoader.java:171)
10-06 14:52:15.929  2070  2070 E LoadedApk: 	at java.lang.ClassLoader.loadClass(ClassLoader.java:379)
10-06 14:52:15.929  2070  2070 E LoadedApk: 	at java.lang.ClassLoader.loadClass(ClassLoader.java:312)
10-06 14:52:15.929  2070  2070 E LoadedApk: 	at android.app.LoadedApk.createAppFactory(LoadedApk.java:228)
10-06 14:52:15.929  2070  2070 E LoadedApk: 	at android.app.LoadedApk.updateApplicationInfo(LoadedApk.java:340)
10-06 14:52:15.929  2070  2070 E LoadedApk: 	at android.app.ActivityThread.handleDispatchPackageBroadcast(ActivityThread.java:5451)
10-06 14:52:15.929  2070  2070 E LoadedApk: 	at android.app.ActivityThread$H.handleMessage(ActivityThread.java:1756)
10-06 14:52:15.929  2070  2070 E LoadedApk: 	at android.os.Handler.dispatchMessage(Handler.java:106)
10-06 14:52:15.929  2070  2070 E LoadedApk: 	at android.os.Looper.loop(Looper.java:201)
10-06 14:52:15.929  2070  2070 E LoadedApk: 	at com.android.server.SystemServer.run(SystemServer.java:475)
10-06 14:52:15.929  2070  2070 E LoadedApk: 	at com.android.server.SystemServer.main(SystemServer.java:310)
10-06 14:52:15.929  2070  2070 E LoadedApk: 	at java.lang.reflect.Method.invoke(Native Method)
10-06 14:52:15.929  2070  2070 E LoadedApk: 	at com.android.internal.os.RuntimeInit$MethodAndArgsCaller.run(RuntimeInit.java:547)
10-06 14:52:15.929  2070  2070 E LoadedApk: 	at com.android.internal.os.ZygoteInit.main(ZygoteInit.java:853)
10-06 14:52:15.930   716   746 E ANDR-PERF-MPCTL: Invalid profile no. 0, total profiles 0 only
10-06 14:52:15.934   588   588 W hwservicemanager: getTransport: Cannot find entry vendor.qti.hardware.iop@2.0::IIop/default in either framework or device manifest.
10-06 14:52:15.934  2070 11940 E ANDR-PERF-JNI: Iop tryGetService failed
10-06 14:52:15.947  2070 11940 D ActivityTrigger: activityStartTrigger: Activity is Triggerred in full screen ApplicationInfo{ef8ac31 com.shubhlabh.order}
10-06 14:52:15.947  2070 11940 E ActivityTrigger: activityStartTrigger: not whiteListedcom.shubhlabh.order/com.shubhlabh.order.MainActivity/1
10-06 14:52:15.948  2070  2070 W Looper  : Drained
10-06 14:52:15.948  2070 11940 D CompatibilityInfo: mCompatibilityFlags - 0
10-06 14:52:15.948  2070 11940 D CompatibilityInfo: applicationDensity - 440
10-06 14:52:15.948  2070 11940 D CompatibilityInfo: applicationScale - 1.0
10-06 14:52:15.949  2070 11940 D ActivityTrigger: activityResumeTrigger: The activity in ApplicationInfo{ef8ac31 com.shubhlabh.order} is now in focus and seems to be in full-screen mode
10-06 14:52:15.949  2070 11940 E ActivityTrigger: activityResumeTrigger: not whiteListedcom.shubhlabh.order/com.shubhlabh.order.MainActivity/1
10-06 14:52:15.949  2070 11940 D ActivityTrigger: ActivityTrigger activityPauseTrigger 
10-06 14:52:15.950 18429 18429 D Launcher.Lifecycle: onPause:UserHandle{0},1906afe,true
10-06 14:52:15.951 18429 18429 D Launcher_UnlockAnimationStateMachine: setState:PAUSE_WAIT
10-06 14:52:15.951 18429 18552 D ScreenElementRoot: pause
10-06 14:52:15.951 18429 18552 D ScreenElementRoot: pause
10-06 14:52:15.954  2070  3238 D ActivityTrigger: activityResumeTrigger: The activity in ApplicationInfo{ef8ac31 com.shubhlabh.order} is now in focus and seems to be in full-screen mode
10-06 14:52:15.954  2070  3238 E ActivityTrigger: activityResumeTrigger: not whiteListedcom.shubhlabh.order/com.shubhlabh.order.MainActivity/1
10-06 14:52:15.954 18429 18552 I NotifierManager: onUnregister: miui.maml.NotifierManager$MultiBroadcastNotifier@d87c08c
10-06 14:52:15.955 18429 18552 I RenderThread: RenderThread paused, waiting for signal
10-06 14:52:15.958  2289  2289 D StatusBar: disable<e i a s b h r c s > disable2<q i n g r >
10-06 14:52:15.959  2289  2289 D PhoneStatusBar/NavigationBarView: setDisabledFlags back:false home:false recent:false
10-06 14:52:15.959  2289  2289 D StatusBarClock:  isNormalMode= true clock visible=true
10-06 14:52:15.960 18429 18454 D Launcher: disableStatusBarClock:false
10-06 14:52:15.964 18429 18429 D Launcher_WallpaperUtils: changeStatusBarMode:false
10-06 14:52:15.990  2070  2070 V SettingsProvider: Notifying for 0: content://settings/system/accelerometer_rotation
10-06 14:52:15.994  2070  2094 E AutofillSession: Error notifying client to finish session
10-06 14:52:15.994  2070  2094 E AutofillSession: android.os.DeadObjectException
10-06 14:52:15.994  2070  2094 E AutofillSession: 	at android.os.BinderProxy.transactNative(Native Method)
10-06 14:52:15.994  2070  2094 E AutofillSession: 	at android.os.BinderProxy.transact(Binder.java:1133)
10-06 14:52:15.994  2070  2094 E AutofillSession: 	at android.view.autofill.IAutoFillManagerClient$Stub$Proxy.setSessionFinished(IAutoFillManagerClient.java:512)
10-06 14:52:15.994  2070  2094 E AutofillSession: 	at com.android.server.autofill.Session.forceRemoveSelfLocked(Session.java:2751)
10-06 14:52:15.994  2070  2094 E AutofillSession: 	at com.android.server.autofill.Session.forceRemoveSelfLocked(Session.java:2738)
10-06 14:52:15.994  2070  2094 E AutofillSession: 	at com.android.server.autofill.AutofillManagerServiceImpl.destroySessionsLocked(AutofillManagerServiceImpl.java:1042)
10-06 14:52:15.994  2070  2094 E AutofillSession: 	at com.android.server.autofill.AutofillManagerService.updateCachedServiceLocked(AutofillManagerService.java:579)
10-06 14:52:15.994  2070  2094 E AutofillSession: 	at com.android.server.autofill.AutofillManagerService.updateCachedServiceLocked(AutofillManagerService.java:569)
10-06 14:52:15.994  2070  2094 E AutofillSession: 	at com.android.server.autofill.AutofillManagerService.access$400(AutofillManagerService.java:100)
10-06 14:52:15.994  2070  2094 E AutofillSession: 	at com.android.server.autofill.AutofillManagerService$2.onSomePackagesChanged(AutofillManagerService.java:215)
10-06 14:52:15.994  2070  2094 E AutofillSession: 	at com.android.internal.content.PackageMonitor.onReceive(PackageMonitor.java:451)
10-06 14:52:15.994  2070  2094 E AutofillSession: 	at android.app.LoadedApk$ReceiverDispatcher$Args.lambda$getRunnable$0(LoadedApk.java:1397)
10-06 14:52:15.994  2070  2094 E AutofillSession: 	at android.app.-$$Lambda$LoadedApk$ReceiverDispatcher$Args$_BumDX2UKsnxLVrE6UJsJZkotuA.run(Unknown Source:2)
10-06 14:52:15.994  2070  2094 E AutofillSession: 	at android.os.Handler.handleCallback(Handler.java:873)
10-06 14:52:15.994  2070  2094 E AutofillSession: 	at android.os.Handler.dispatchMessage(Handler.java:99)
10-06 14:52:15.994  2070  2094 E AutofillSession: 	at android.os.Looper.loop(Looper.java:201)
10-06 14:52:15.994  2070  2094 E AutofillSession: 	at android.os.HandlerThread.run(HandlerThread.java:65)
10-06 14:52:15.994  2070  2070 V SettingsProvider: Notifying for 0: content://settings/system/accelerometer_rotation
10-06 14:52:15.999  2070  2098 D Boost   : hostingType=activity, hostingName=com.shubhlabh.order/.MainActivity, callerPackage=null, isSystem=true, isBoostNeeded=false.
10-06 14:52:16.005  2070  2098 I ActivityManager: Start proc 19189:com.shubhlabh.order/u0a193 for activity com.shubhlabh.order/.MainActivity caller=null
10-06 14:52:16.008 19189 19189 E shubhlabh.orde: Not starting debugger since process cannot load the jdwp agent.
10-06 14:52:16.011 18429 18429 D Launcher.Model: LauncherAppsCallback onPackageChanged|com.shubhlabh.order|UserHandle{0}
10-06 14:52:16.012 18429 18484 D Launcher.Model: Got broadcast:Intent { act=android.intent.action.PACKAGE_CHANGED dat=package:com.shubhlabh.order (has extras) }
10-06 14:52:16.016  2070  2094 W LocationProviderProxy-network: com.qualcomm.location resolves service com.android.location.service.v3.NetworkLocationProvider, but has wrong signature, ignoring
10-06 14:52:16.017  2070  2094 W LocationProviderProxy-network: com.google.android.gms resolves service com.android.location.service.v3.NetworkLocationProvider, but has wrong signature, ignoring
10-06 14:52:16.017  2070  2094 W LocationProviderProxy-network: com.qualcomm.location resolves service com.android.location.service.v3.NetworkLocationProvider, but has wrong signature, ignoring
10-06 14:52:16.017  2070  2094 W LocationProviderProxy-network: Odd, no component found for service com.android.location.service.v3.NetworkLocationProvider
10-06 14:52:16.021 19143 19143 I com.android.commands.monkey: System.exit called, status: 0
10-06 14:52:16.021 19143 19143 I AndroidRuntime: VM exiting with result code 0.
10-06 14:52:16.022  2070  2096 I SensorService: check list, getPackageName  com.android.server.policy.WindowOrientationListener
10-06 14:52:16.062  2070  3228 D CompatibilityInfo: mCompatibilityFlags - 0
10-06 14:52:16.063  2070  3228 D CompatibilityInfo: applicationDensity - 440
10-06 14:52:16.063  2070  3228 D CompatibilityInfo: applicationScale - 1.0
10-06 14:52:16.075  2070  2098 D Boost   : hostingType=FastRestart, hostingName=null, callerPackage=system, isSystem=true, isBoostNeeded=false.
10-06 14:52:16.077 18429 18484 D IconCustomizer: Content Ratio = -1.0
10-06 14:52:16.077 19204 19204 E .android.camer: Not starting debugger since process cannot load the jdwp agent.
10-06 14:52:16.080 18429 18429 D Launcher.Lifecycle: onWindowFocusChanged:false,UserHandle{0},1906afe,true
10-06 14:52:16.081 18429 18484 D IconCustomizer: Generate customized icon for com.shubhlabh.order.png
10-06 14:52:16.082 18848 18753 I NetworkScheduler: (REDACTED) Error inserting %s
10-06 14:52:16.088  2070  3228 D CompatibilityInfo: mCompatibilityFlags - 0
10-06 14:52:16.088  2070  3228 D CompatibilityInfo: applicationDensity - 440
10-06 14:52:16.088  2070  3228 D CompatibilityInfo: applicationScale - 1.0
10-06 14:52:16.089  5411  5434 I GST     : forePkg: com.shubhlabh.order, preForePkg: com.miui.home
10-06 14:52:16.091 18372 18746 I ProcessMonitor: onForegroundInfoChanged: ForegroundInfo{mForegroundPackageName='com.shubhlabh.order', mForegroundUid=10193, mForegroundPid=19189, mLastForegroundPackageName='com.miui.home', mLastForegroundUid=10062, mLastForegroundPid=18429, mMultiWindowForegroundPackageName='null', mMultiWindowForegroundUid=-1, mFlags=1}
10-06 14:52:16.091 18372 18746 I GameBoosterService: onForegroundInfoChanged: Cur=com.shubhlabh.order	 last=com.miui.home
10-06 14:52:16.093 18372 18746 D GameBoosterService: onGameStatusChange foreground:ForegroundInfo{mForegroundPackageName='com.shubhlabh.order', mForegroundUid=10193, mForegroundPid=19189, mLastForegroundPackageName='com.miui.home', mLastForegroundUid=10062, mLastForegroundPid=18429, mMultiWindowForegroundPackageName='null', mMultiWindowForegroundUid=-1, mFlags=1}
10-06 14:52:16.093 18372 18746 I GameBoosterService: onForegroundInfoChanged: Exit
10-06 14:52:16.093 18372 18746 I VideoBoxUtils: isSupportVideoBox: false
10-06 14:52:16.095 18429 18484 D Launcher.AllAppsList: updatePackage, packageName=com.shubhlabh.order, loadMissing=false, user=UserHandle{0}, matchedSize=1
10-06 14:52:16.096 18372 18746 I VideoToolBoxService: onForegroundInfoChanged: Exit Vtb
10-06 14:52:16.098 18429 18484 D Launcher.AllAppsList: updatePackage, find appInfo=AppInfo, id=-1, itemType=0, user=UserHandle{0}, mIconType=0, pkgName=com.shubhlabh.order, className=com.shubhlabh.order.MainActivity, screenId=-1, container=-1, cellX=-1, cellY=-1, spanX=1, spanY=1, isLandscapePos=false from ComponentInfo{com.shubhlabh.order/com.shubhlabh.order.MainActivity}
10-06 14:52:16.099 18429 18484 D Launcher.Model: onReceiveBackground, mAllAppsList=add=[], remove=[], modified=[(0, AppInfo, id=-1, itemType=0, user=UserHandle{0}, mIconType=0, pkgName=com.shubhlabh.order, className=com.shubhlabh.order.MainActivity, screenId=-1, container=-1, cellX=-1, cellY=-1, spanX=1, spanY=1, isLandscapePos=false)]
10-06 14:52:16.107  2070  2098 I ActivityManager: Start proc 19204:com.android.camera/u0a27 for FastRestart caller=system
10-06 14:52:16.112  2070  2096 I Timeline: Timeline: App_transition_ready time:365724569
10-06 14:52:16.115  2070  3236 I Timeline: Timeline: App_transition_ready time:365724572
10-06 14:52:16.116  2070  4630 D CompatibilityInfo: mCompatibilityFlags - 0
10-06 14:52:16.116  2070  4630 D CompatibilityInfo: applicationDensity - 440
10-06 14:52:16.116  2070  4630 D CompatibilityInfo: applicationScale - 1.0
10-06 14:52:16.119  2070  2096 I Timeline: Timeline: App_transition_ready time:365724576
10-06 14:52:16.121  2070  2096 W Looper  : Slow dispatch took 100ms android.ui h=com.android.server.policy.PhoneWindowManager$PolicyHandler c=android.database.ContentObserver$NotificationRunnable@d9f4b4 m=0
10-06 14:52:16.123  2070  4630 I ActivityManager: Killing 14937:com.shubhlabh.fieldassistant/u0a191 (adj 906): empty #17
10-06 14:52:16.124  2070  2099 W libprocessgroup: kill(-14937, 9) failed: No such process
10-06 14:52:16.125 17402 30592 D ProcessObserverV8: onForegroundActivitiesChanged:pid = 19189,activity-uid=10193,foregroundActivities=true
10-06 14:52:16.126   739 13961 V APM_AudioPolicyManager: AudioPolicyManager:setRecordSilenced(uid:10193, silenced:0)
10-06 14:52:16.126   739 13961 V AudioFlinger: AudioFlinger::setRecordSilenced(uid:10193, silenced:0)
10-06 14:52:16.130  2070  2099 W libprocessgroup: kill(-14937, 9) failed: No such process
10-06 14:52:16.130 17402 30592 D PkgUtil : getTopFromFocusedTask error: java.lang.ClassNotFoundException: android.app.ActivityTaskManager
10-06 14:52:16.135  2070  2147 I Timeline: Timeline: App_transition_ready time:365724592
10-06 14:52:16.135  2070  2099 W libprocessgroup: kill(-14937, 9) failed: No such process
10-06 14:52:16.137  2289  2289 D StatusBar: disable<e i a s b h r c s > disable2<q i n g r >
10-06 14:52:16.141  2070  2099 W libprocessgroup: kill(-14937, 9) failed: No such process
10-06 14:52:16.146  2070  2099 W libprocessgroup: kill(-14937, 9) failed: No such process
10-06 14:52:16.150  2289  2289 D PhoneStatusBar/NavigationBarView: setDisabledFlags back:false home:false recent:false
10-06 14:52:16.150  2289  2289 D StatusBarClock:  isNormalMode= true clock visible=true
10-06 14:52:16.151  2070  2099 W libprocessgroup: kill(-14937, 9) failed: No such process
10-06 14:52:16.153 19189 19189 I Perf    : Connecting to perf service.
10-06 14:52:16.155 18848 18848 D BoundBrokerSvc: onUnbind: Intent { act=com.google.android.gms.libs.gmscorelogger.service.START dat=chimera-action: cmp=com.google.android.gms/.chimera.PersistentDirectBootAwareApiService }
10-06 14:52:16.157  2070  2099 W libprocessgroup: kill(-14937, 9) failed: No such process
10-06 14:52:16.176  2070  3236 D ConnectivityService: ConnectivityService NetworkRequestInfo binderDied(NetworkRequest [ TRACK_DEFAULT id=3415, [ Capabilities: INTERNET&NOT_RESTRICTED&TRUSTED Unwanted:  Uid: 10191] ], android.os.BinderProxy@c3264c)
10-06 14:52:16.176  2070 11940 D ConnectivityService: ConnectivityService NetworkRequestInfo binderDied(NetworkRequest [ TRACK_DEFAULT id=3421, [ Capabilities: INTERNET&NOT_RESTRICTED&TRUSTED Unwanted:  Uid: 10191] ], android.os.BinderProxy@38aa695)
10-06 14:52:16.176  2070  2608 D ConnectivityService: ConnectivityService NetworkRequestInfo binderDied(NetworkRequest [ TRACK_DEFAULT id=3408, [ Capabilities: INTERNET&NOT_RESTRICTED&TRUSTED Unwanted:  Uid: 10191] ], android.os.BinderProxy@289867f)
10-06 14:52:16.176  2070  3228 D ConnectivityService: ConnectivityService NetworkRequestInfo binderDied(NetworkRequest [ TRACK_DEFAULT id=3405, [ Capabilities: INTERNET&NOT_RESTRICTED&TRUSTED Unwanted:  Uid: 10191] ], android.os.BinderProxy@d0883aa)
10-06 14:52:16.167  2070  2099 I chatty  : uid=1000(system) ActivityManager identical 2 lines
10-06 14:52:16.173  2070  2099 W libprocessgroup: kill(-14937, 9) failed: No such process
10-06 14:52:16.176   739 10512 V AudioFlinger: 14937 died, releasing its sessions
10-06 14:52:16.176   739 10512 V AudioFlinger:  pid 2289 @ 0
10-06 14:52:16.166   739   739 W Binder:739_8: type=1400 audit(0.0:38373): avc: denied { write } for name="logd" dev="tmpfs" ino=191 scontext=u:r:audioserver:s0 tcontext=u:object_r:logd_socket:s0 tclass=sock_file permissive=0
10-06 14:52:16.178 17402 30592 D ProcessObserverV8: onProcessDied:pid = 14937,died-uid=10191
10-06 14:52:16.179  2070  2099 W libprocessgroup: kill(-14937, 9) failed: No such process
10-06 14:52:16.179  2070  2099 I libprocessgroup: Successfully killed process cgroup uid 10191 pid 14937 in 54ms
10-06 14:52:16.180  1212  1212 I Zygote  : Process 14937 exited due to signal (9)
10-06 14:52:16.185  2824  2824 D QcrilMsgTunnelIfaceManager: handleMessage what = 1
10-06 14:52:16.186  2824  2824 I QcrilOemhookMsgTunnel: [0]invokeOemRilRequestRaw: serial=9269 length=24
10-06 14:52:16.186 19189 19189 W SoLoader: Initializing SoLoader: 0
10-06 14:52:16.187 19189 19189 W SoLoader: Recording new base apk path: /data/app/com.shubhlabh.order-xefKiv_2dJ8JsnCojcVblQ==/base.apk
10-06 14:52:16.187 19189 19189 W SoLoader: Previously recorded 0 base apk paths.
10-06 14:52:16.187  2824  2862 I QcrilOemhookMsgTunnel: [0]processOemHookResponse serial no: 9269 error: 0length=0
10-06 14:52:16.187  2824  2824 D QcrilMsgTunnelIfaceManager: handleMessage what = 2
10-06 14:52:16.188 19189 19189 I SoLoader: Preparing SO source: DirectorySoSource[root = /vendor/lib64 flags = 2]
10-06 14:52:16.188 19189 19189 I SoLoader: Preparing SO source: DirectorySoSource[root = /system/lib64 flags = 2]
10-06 14:52:16.188 19189 19189 I SoLoader: Preparing SO source: DirectApkSoSource[root = [/data/app/com.shubhlabh.order-xefKiv_2dJ8JsnCojcVblQ==/base.apk!/lib/arm64-v8a]]
10-06 14:52:16.188  2824  2824 D QcrilMsgTunnelIfaceManager: handleMessage what = 1
10-06 14:52:16.189  2824  2862 I QcrilOemhookMsgTunnel: [0]processOemHookIndication length=28
10-06 14:52:16.189  2824  2824 I QcrilOemhookMsgTunnel: [1]invokeOemRilRequestRaw: serial=9270 length=24
10-06 14:52:16.189  2824  2824 D QcrilMsgTunnelIfaceManager: handleMessage what = 0
10-06 14:52:16.190  2824  2862 I QcrilOemhookMsgTunnel: [1]processOemHookResponse serial no: 9270 error: 0length=0
10-06 14:52:16.191  2824  2824 D QcrilMsgTunnelIfaceManager: handleMessage what = 2
10-06 14:52:16.192  2824  2862 I QcrilOemhookMsgTunnel: [1]processOemHookIndication length=28
10-06 14:52:16.192  2824  2824 D QcrilMsgTunnelIfaceManager: handleMessage what = 0
10-06 14:52:16.193  2824  2824 D QcrilMsgTunnelIfaceManager: handleMessage what = 1
10-06 14:52:16.193  2824  2824 I QcrilOemhookMsgTunnel: [0]invokeOemRilRequestRaw: serial=9271 length=24
10-06 14:52:16.194  2824  2862 I QcrilOemhookMsgTunnel: [0]processOemHookResponse serial no: 9271 error: 0length=0
10-06 14:52:16.194  2824  2824 D QcrilMsgTunnelIfaceManager: handleMessage what = 2
10-06 14:52:16.195  2824  2824 D QcrilMsgTunnelIfaceManager: handleMessage what = 1
10-06 14:52:16.196  2824  2824 I QcrilOemhookMsgTunnel: [1]invokeOemRilRequestRaw: serial=9272 length=24
10-06 14:52:16.196  2824  2862 I QcrilOemhookMsgTunnel: [0]processOemHookIndication length=28
10-06 14:52:16.196  2824  2824 D QcrilMsgTunnelIfaceManager: handleMessage what = 0
10-06 14:52:16.197  2824  2862 I QcrilOemhookMsgTunnel: [1]processOemHookResponse serial no: 9272 error: 0length=0
10-06 14:52:16.197  2824  2824 D QcrilMsgTunnelIfaceManager: handleMessage what = 2
10-06 14:52:16.198  2824  2862 I QcrilOemhookMsgTunnel: [1]processOemHookIndication length=28
10-06 14:52:16.198  2824  2824 D QcrilMsgTunnelIfaceManager: handleMessage what = 0
10-06 14:52:16.199  2824  2824 D QcrilMsgTunnelIfaceManager: handleMessage what = 1
10-06 14:52:16.199  2824  2824 I QcrilOemhookMsgTunnel: [0]invokeOemRilRequestRaw: serial=9273 length=24
10-06 14:52:16.200  2824  2862 I QcrilOemhookMsgTunnel: [0]processOemHookResponse serial no: 9273 error: 0length=0
10-06 14:52:16.200  2824  2824 D QcrilMsgTunnelIfaceManager: handleMessage what = 2
10-06 14:52:16.201  2824  2824 D QcrilMsgTunnelIfaceManager: handleMessage what = 1
10-06 14:52:16.201  2824  2862 I QcrilOemhookMsgTunnel: [0]processOemHookIndication length=28
10-06 14:52:16.201  2824  2824 I QcrilOemhookMsgTunnel: [1]invokeOemRilRequestRaw: serial=9274 length=24
10-06 14:52:16.202  2824  2824 D QcrilMsgTunnelIfaceManager: handleMessage what = 0
10-06 14:52:16.202  2824  2862 I QcrilOemhookMsgTunnel: [1]processOemHookResponse serial no: 9274 error: 0length=0
10-06 14:52:16.202 19189 19189 I SoLoader: Preparing SO source: ApplicationSoSource[DirectorySoSource[root = /data/app/com.shubhlabh.order-xefKiv_2dJ8JsnCojcVblQ==/lib/arm64 flags = 0]]
10-06 14:52:16.202 19189 19189 I SoLoader: init finish: 4 SO sources prepared
10-06 14:52:16.202  2824  2824 D QcrilMsgTunnelIfaceManager: handleMessage what = 2
10-06 14:52:16.203 19189 19189 W SoLoader: SoLoader initialized: 8
10-06 14:52:16.204  2824  2862 I QcrilOemhookMsgTunnel: [1]processOemHookIndication length=28
10-06 14:52:16.204  2824  2824 D QcrilMsgTunnelIfaceManager: handleMessage what = 0
10-06 14:52:16.205  2824  2824 D QcrilMsgTunnelIfaceManager: handleMessage what = 1
10-06 14:52:16.205  2824  2824 I QcrilOemhookMsgTunnel: [0]invokeOemRilRequestRaw: serial=9275 length=24
10-06 14:52:16.206  2824  2862 I QcrilOemhookMsgTunnel: [0]processOemHookResponse serial no: 9275 error: 0length=0
10-06 14:52:16.206  2824  2824 D QcrilMsgTunnelIfaceManager: handleMessage what = 2
10-06 14:52:16.207  2824  2824 D QcrilMsgTunnelIfaceManager: handleMessage what = 1
10-06 14:52:16.208  2824  2824 I QcrilOemhookMsgTunnel: [1]invokeOemRilRequestRaw: serial=9276 length=24
10-06 14:52:16.208  2824  2862 I QcrilOemhookMsgTunnel: [0]processOemHookIndication length=28
10-06 14:52:16.208  2824  2824 D QcrilMsgTunnelIfaceManager: handleMessage what = 0
10-06 14:52:16.209  2824  2862 I QcrilOemhookMsgTunnel: [1]processOemHookResponse serial no: 9276 error: 0length=0
10-06 14:52:16.209  2824  2824 D QcrilMsgTunnelIfaceManager: handleMessage what = 2
10-06 14:52:16.211  2824  2862 I QcrilOemhookMsgTunnel: [1]processOemHookIndication length=28
10-06 14:52:16.211  2824  2824 D QcrilMsgTunnelIfaceManager: handleMessage what = 0
10-06 14:52:16.214 19189 19189 W linker  : Warning: "/data/app/com.shubhlabh.order-xefKiv_2dJ8JsnCojcVblQ==/base.apk!/lib/arm64-v8a/libc++_shared.so" unused DT entry: unknown processor-specific (type 0x70000001 arg 0x0) (ignoring)
10-06 14:52:16.235 19189 19189 D jni_lib_merge: Entering merged library JNI_OnLoad.
10-06 14:52:16.235 19189 19189 D jni_lib_merge: Preparing 13 pre-merged libs (including stub)
10-06 14:52:16.235 19189 19189 D jni_lib_merge: Preparing to register libfabricjni_so.  onload_func: 0x72fcff75e8
10-06 14:52:16.235 19189 19189 D jni_lib_merge: Preparing to register libreact_devsupportjni_so.  onload_func: 0x72fd0cbc4c
10-06 14:52:16.235 19189 19189 D jni_lib_merge: Preparing to register libreact_featureflagsjni_so.  onload_func: 0x72fd0e8068
10-06 14:52:16.235 19189 19189 D jni_lib_merge: Preparing to register libreact_newarchdefaults_so.  onload_func: 0x72fd12bdd4
10-06 14:52:16.235 19189 19189 D jni_lib_merge: Preparing to register libreact_tracingjni_so.  onload_func: 0x72fd2169c0
10-06 14:52:16.235 19189 19189 D jni_lib_merge: Preparing to register libreactnativeblob_so.  onload_func: 0x72fd21bc54
10-06 14:52:16.235 19189 19189 D jni_lib_merge: Preparing to register libreactnativejni_so.  onload_func: 0x72fd227c58
10-06 14:52:16.235 19189 19189 D jni_lib_merge: Preparing to register libreactnativejni_common_so.  onload_func: 0x72fd22ab1c
10-06 14:52:16.235 19189 19189 D jni_lib_merge: Preparing to register librninstance_so.  onload_func: 0x72fd250164
10-06 14:52:16.235 19189 19189 D jni_lib_merge: Preparing to register libturbomodulejsijni_so.  onload_func: 0x72fd2fb580
10-06 14:52:16.235 19189 19189 D jni_lib_merge: Preparing to register libuimanagerjni_so.  onload_func: 0x72fd301f94
10-06 14:52:16.235 19189 19189 D jni_lib_merge: Preparing to register libyoga_so.  onload_func: 0x72fd30956c
10-06 14:52:16.235 19189 19189 D jni_lib_merge: About to register 12 actual methods.
10-06 14:52:16.244 19189 19189 D jni_lib_merge: Entering merged library JNI_OnLoad.
10-06 14:52:16.244 19189 19189 D jni_lib_merge: Preparing 13 pre-merged libs (including stub)
10-06 14:52:16.244 19189 19189 D jni_lib_merge: Preparing to register libfabricjni_so.  onload_func: 0x72fcff75e8
10-06 14:52:16.244 19189 19189 D jni_lib_merge: Preparing to register libreact_devsupportjni_so.  onload_func: 0x72fd0cbc4c
10-06 14:52:16.244 19189 19189 D jni_lib_merge: Preparing to register libreact_featureflagsjni_so.  onload_func: 0x72fd0e8068
10-06 14:52:16.244 19189 19189 D jni_lib_merge: Preparing to register libreact_newarchdefaults_so.  onload_func: 0x72fd12bdd4
10-06 14:52:16.244 19189 19189 D jni_lib_merge: Preparing to register libreact_tracingjni_so.  onload_func: 0x72fd2169c0
10-06 14:52:16.244 19189 19189 D jni_lib_merge: Preparing to register libreactnativeblob_so.  onload_func: 0x72fd21bc54
10-06 14:52:16.244 19189 19189 D jni_lib_merge: Preparing to register libreactnativejni_so.  onload_func: 0x72fd227c58
10-06 14:52:16.244 19189 19189 D jni_lib_merge: Preparing to register libreactnativejni_common_so.  onload_func: 0x72fd22ab1c
10-06 14:52:16.244 19189 19189 D jni_lib_merge: Preparing to register librninstance_so.  onload_func: 0x72fd250164
10-06 14:52:16.244 19189 19189 D jni_lib_merge: Preparing to register libturbomodulejsijni_so.  onload_func: 0x72fd2fb580
10-06 14:52:16.244 19189 19189 D jni_lib_merge: Preparing to register libuimanagerjni_so.  onload_func: 0x72fd301f94
10-06 14:52:16.244 19189 19189 D jni_lib_merge: Preparing to register libyoga_so.  onload_func: 0x72fd30956c
10-06 14:52:16.244 19189 19189 D jni_lib_merge: About to register 12 actual methods.
10-06 14:52:16.249 19189 19189 D jni_lib_merge: Entering merged library JNI_OnLoad.
10-06 14:52:16.249 19189 19189 D jni_lib_merge: Preparing 13 pre-merged libs (including stub)
10-06 14:52:16.249 19189 19189 D jni_lib_merge: Preparing to register libfabricjni_so.  onload_func: 0x72fcff75e8
10-06 14:52:16.249 19189 19189 D jni_lib_merge: Preparing to register libreact_devsupportjni_so.  onload_func: 0x72fd0cbc4c
10-06 14:52:16.249 19189 19189 D jni_lib_merge: Preparing to register libreact_featureflagsjni_so.  onload_func: 0x72fd0e8068
10-06 14:52:16.249 19189 19189 D jni_lib_merge: Preparing to register libreact_newarchdefaults_so.  onload_func: 0x72fd12bdd4
10-06 14:52:16.249 19189 19189 D jni_lib_merge: Preparing to register libreact_tracingjni_so.  onload_func: 0x72fd2169c0
10-06 14:52:16.249 19189 19189 D jni_lib_merge: Preparing to register libreactnativeblob_so.  onload_func: 0x72fd21bc54
10-06 14:52:16.249 19189 19189 D jni_lib_merge: Preparing to register libreactnativejni_so.  onload_func: 0x72fd227c58
10-06 14:52:16.249 19189 19189 D jni_lib_merge: Preparing to register libreactnativejni_common_so.  onload_func: 0x72fd22ab1c
10-06 14:52:16.249 19189 19189 D jni_lib_merge: Preparing to register librninstance_so.  onload_func: 0x72fd250164
10-06 14:52:16.249 19189 19189 D jni_lib_merge: Preparing to register libturbomodulejsijni_so.  onload_func: 0x72fd2fb580
10-06 14:52:16.249 19189 19189 D jni_lib_merge: Preparing to register libuimanagerjni_so.  onload_func: 0x72fd301f94
10-06 14:52:16.249 19189 19189 D jni_lib_merge: Preparing to register libyoga_so.  onload_func: 0x72fd30956c
10-06 14:52:16.249 19189 19189 D jni_lib_merge: About to register 12 actual methods.
10-06 14:52:16.250 18429 18429 D Launcher_UnlockAnimationStateMachine: mResetIdleStateRunnable
10-06 14:52:16.307 19189 19189 D AppCompatDelegate: Checking for metadata for AppLocalesMetadataHolderService : Service not found
10-06 14:52:16.387 19189 19189 W unknown:BridgelessReact: ReactHost{0}.startSurface(surfaceId = 0): Schedule
10-06 14:52:16.387 19189 19189 W unknown:BridgelessReact: ReactHost{0}.attachSurface(surfaceId = 0)
10-06 14:52:16.388 19189 19222 W unknown:BridgelessReact: ReactHost{0}.getOrCreateReactInstanceTask()
10-06 14:52:16.388 19189 19222 W unknown:BridgelessReact: ReactHost{0}.getOrCreateReactInstanceTask(): Start
10-06 14:52:16.388 19189 19222 W unknown:BridgelessReact: ReactHost{0}.getJSBundleLoader()
10-06 14:52:16.389 19189 19222 W unknown:BridgelessReact: ReactHost{0}.getOrCreateReactInstanceTask(): Creating BridgelessReactContext
10-06 14:52:16.390 19189 19222 W unknown:BridgelessReact: ReactHost{0}.getOrCreateReactInstanceTask(): Creating ReactInstance
10-06 14:52:16.403 19189 19222 D jni_lib_merge: Entering merged library JNI_OnLoad.
10-06 14:52:16.403 19189 19222 D jni_lib_merge: Preparing 4 pre-merged libs (including stub)
10-06 14:52:16.403 19189 19222 D jni_lib_merge: Preparing to register libhermes_executor_so.  onload_func: 0x72fd458eec
10-06 14:52:16.403 19189 19222 D jni_lib_merge: Preparing to register libhermesinstancejni_so.  onload_func: 0x72fd46069c
10-06 14:52:16.403 19189 19222 D jni_lib_merge: Preparing to register libjsijniprofiler_so.  onload_func: 0x72fd460f44
10-06 14:52:16.403 19189 19222 D jni_lib_merge: About to register 3 actual methods.
10-06 14:52:16.424 19189 19189 W unknown:BridgelessReact: ReactHost{0}.onHostResume(activity)
10-06 14:52:16.424 19189 19189 W unknown:BridgelessReact: ReactHost{0}.ReactContext.onHostResume()
10-06 14:52:16.443  2070  2180 V UiModeManager: switch night mode to 1
10-06 14:52:16.444  2289  2289 D GestureStubView: resetRenderProperty: showGestureStub
10-06 14:52:16.445  2289  2289 D GestureStubView: showGestureStub
10-06 14:52:16.445  2289  2289 D GestureStubView: resetRenderProperty: showGestureStub
10-06 14:52:16.445  2289  2289 D GestureStubView: showGestureStub
10-06 14:52:16.470  2289  2289 D GestureStubView: gatherTransparentRegion: need render w:54  h:1296
10-06 14:52:16.473 19189 19227 I Adreno  : QUALCOMM build                   : c455b9b, Ib7912a5d4e
10-06 14:52:16.473 19189 19227 I Adreno  : Build Date                       : 09/16/19
10-06 14:52:16.473 19189 19227 I Adreno  : OpenGL ES Shader Compiler Version: EV031.25.03.07
10-06 14:52:16.473 19189 19227 I Adreno  : Local Branch                     : mybranche9d87587-05ad-f10c-aeb4-5cb90179c3d8
10-06 14:52:16.473 19189 19227 I Adreno  : Remote Branch                    : quic/gfx-adreno.lnx.1.0.r48-rel
10-06 14:52:16.473 19189 19227 I Adreno  : Remote Branch                    : NONE
10-06 14:52:16.473 19189 19227 I Adreno  : Reconstruct Branch               : NOTHING
10-06 14:52:16.473 19189 19227 I Adreno  : Build Config                     : S L 6.0.7 AArch64
10-06 14:52:16.481  2289  2289 D GestureStubView: gatherTransparentRegion: need render w:54  h:1296
10-06 14:52:16.506 19204 19204 I Perf    : Connecting to perf service.
10-06 14:52:16.511 19189 19222 I ExpoModulesCore: ✅ AppContext was initialized
10-06 14:52:16.517 19189 19227 I Adreno  : PFP: 0x005ff112, ME: 0x005ff066
10-06 14:52:16.549 19189 19227 I ConfigStore: android::hardware::configstore::V1_0::ISurfaceFlingerConfigs::hasWideColorDisplay retrieved: 0
10-06 14:52:16.549 19189 19227 I ConfigStore: android::hardware::configstore::V1_0::ISurfaceFlingerConfigs::hasHDRDisplay retrieved: 0
10-06 14:52:16.550 19189 19227 I OpenGLRenderer: Initialized EGL, version 1.4
10-06 14:52:16.550 19189 19227 D OpenGLRenderer: Swap behavior 2
10-06 14:52:16.536 19204 19204 W .android.camera: type=1400 audit(0.0:38374): avc: denied { read } for name="u:object_r:vendor_display_prop:s0" dev="tmpfs" ino=13738 scontext=u:r:platform_app:s0:c512,c768 tcontext=u:object_r:vendor_display_prop:s0 tclass=file permissive=0
10-06 14:52:16.550 19204 19204 E libc    : Access denied finding property "ro.vendor.display.type"
10-06 14:52:16.559  2289  2289 D EventBus: [2289, u0] send(AppTransitionFinishedEvent)
10-06 14:52:16.559  2289  2289 D EventBus: [2289, u0]  -> ForcedResizableInfoActivityController [0x84ea81d, P1] onBusEvent(AppTransitionFinishedEvent)
10-06 14:52:16.559  2289  2289 D EventBus: [2289, u0] onBusEvent(AppTransitionFinishedEvent) duration: 24 microseconds, avg: 1912
10-06 14:52:16.560 19204 19204 D miuisdk : current sdk level is 19
10-06 14:52:16.561 19204 19204 I miuisdk : setup class hook.
10-06 14:52:16.561 19204 19204 D         : InitMiuiSdkHookClasses
10-06 14:52:16.563 19204 19204 I         : create_mem miui-classproxy page:0x73a46e0000, size:4096
10-06 14:52:16.564 19204 19204 I         : Jit enabled JitInlinerInsertMethod for jit inline
10-06 14:52:16.566 19204 19204 I chatty  : uid=10027(com.android.camera) identical 38 lines
10-06 14:52:16.566 19204 19204 I         : Jit enabled JitInlinerInsertMethod for jit inline
10-06 14:52:16.568 19204 19204 I         : Never hook EnableMethodTracing
10-06 14:52:16.568 19204 19204 I         : Never hook DisableMethodTracing
10-06 14:52:16.568 19204 19204 I         : sConfigureStubsHookFlag is 0x3, so we must hook ConfigureStubs for methodtracing
10-06 14:52:16.568 19204 19204 I         : Hook ConfigureStubs
10-06 14:52:16.568 19204 19204 I         : create_mem miui-classproxy page:0x73a4627000, size:4096
10-06 14:52:16.571 19189 19222 W unknown:BridgelessReact: ReactHost{0}.getOrCreateReactInstanceTask(): Loading JS Bundle
10-06 14:52:16.572 19189 19222 W unknown:BridgelessReact: ReactHost{0}.getOrCreateReactInstanceTask(): DevSupportManager.onNewReactContextCreated()
10-06 14:52:16.573 19189 19222 W unknown:BridgelessReact: ReactHost{0}.startSurface(surfaceId = 0): Execute
10-06 14:52:16.573 19204 19204 I         : HookArtPluginInitialize
10-06 14:52:16.595  2070  2104 I ActivityManager: Displayed com.shubhlabh.order/.MainActivity: +633ms
10-06 14:52:16.586  2070  2070 W android.display: type=1400 audit(0.0:38375): avc: denied { write } for name="logd" dev="tmpfs" ino=191 scontext=u:r:system_server:s0 tcontext=u:object_r:logd_socket:s0 tclass=sock_file permissive=0
10-06 14:52:16.600 19189 19224 D NetworkSecurityConfig: No Network Security Config specified, using platform default
10-06 14:52:16.605 19189 19189 W unknown:BridgelessReact: ReactHost{0}.ReactContext.onHostResume()
10-06 14:52:16.606 19189 19189 W unknown:BridgelessReact: ReactHost{0}.getOrCreateReactInstanceTask(): Executing ReactInstanceEventListeners
10-06 14:52:16.611 19189 19223 W BridgelessReactContext: [WARNING] Bridgeless doesn't support CatalystInstance. Accessing an API that's not part of the new architecture is not encouraged usage.
10-06 14:52:16.617 19204 19204 I CAM_CameraUtil: windowSize=1080x2160 density=2.75
10-06 14:52:16.622 19204 19204 D MI_STAT : initialize com.android.camera, 2882303761517373386, whyred_global, false
10-06 14:52:16.624 31434 31461 E PackageManagerUtils: NameNotFound android.uid.system:1000
10-06 14:52:16.626 19189 19223 I ExpoModulesCore: ✅ JSI interop was installed
10-06 14:52:16.643 19189 19223 I ExpoModulesCore: ✅ Constants were exported
10-06 14:52:16.691 19189 19223 W unknown:ViewManagerPropertyUpdater: Could not find generated setter for class com.th3rdwave.safeareacontext.SafeAreaProviderManager
10-06 14:52:16.692  2070  2104 I Timeline: Timeline: Activity_windows_visible id: ActivityRecord{d8229b5 u0 com.shubhlabh.order/.MainActivity t442} time:365725149
10-06 14:52:16.693  2289  2289 D EventBus: [2289, u0] send(AppTransitionFinishedEvent)
10-06 14:52:16.693  2289  2289 D EventBus: [2289, u0]  -> ForcedResizableInfoActivityController [0x84ea81d, P1] onBusEvent(AppTransitionFinishedEvent)
10-06 14:52:16.693  2289  2289 D EventBus: [2289, u0] onBusEvent(AppTransitionFinishedEvent) duration: 19 microseconds, avg: 1912
10-06 14:52:16.694  2070  2147 I Timeline: Timeline: App_transition_stopped time:365725151
10-06 14:52:16.697 19189 19223 W unknown:ViewManagerPropertyUpdater: Could not find generated setter for class com.facebook.react.uimanager.LayoutShadowNode
10-06 14:52:16.701 19189 19223 W unknown:ViewManagerPropertyUpdater: Could not find generated setter for class com.swmansion.rnscreens.SearchBarManager
10-06 14:52:16.703 19189 19223 W unknown:ViewManagerPropertyUpdater: Could not find generated setter for class com.swmansion.rnscreens.ScreenFooterManager
10-06 14:52:16.706 19189 19223 W unknown:ViewManagerPropertyUpdater: Could not find generated setter for class expo.modules.kotlin.views.GroupViewManagerWrapper
10-06 14:52:16.708 19189 19223 W unknown:ViewManagerPropertyUpdater: Could not find generated setter for class com.swmansion.rnscreens.gamma.tabs.host.TabsHostViewManager
10-06 14:52:16.710 19189 19223 W unknown:ViewManagerPropertyUpdater: Could not find generated setter for class com.swmansion.rnscreens.ScreenContainerViewManager
10-06 14:52:16.712 19189 19223 W unknown:ViewManagerPropertyUpdater: Could not find generated setter for class com.swmansion.rnscreens.gamma.stack.header.subview.StackHeaderSubviewViewManager
10-06 14:52:16.715 19189 19223 W unknown:ViewManagerPropertyUpdater: Could not find generated setter for class com.swmansion.rnscreens.ModalScreenViewManager
10-06 14:52:16.717 19189 19223 W unknown:ViewManagerPropertyUpdater: Could not find generated setter for class com.swmansion.rnscreens.gamma.scrollviewmarker.ScrollViewMarkerViewManager
10-06 14:52:16.718 19189 19223 W unknown:ViewManagerPropertyUpdater: Could not find generated setter for class com.swmansion.rnscreens.ScreenStackHeaderConfigViewManager
10-06 14:52:16.720 19189 19223 W unknown:ViewManagerPropertyUpdater: Could not find generated setter for class com.swmansion.rnscreens.gamma.modals.formsheet.FormSheetContentWrapperViewManager
10-06 14:52:16.722 19189 19223 W unknown:ViewManagerPropertyUpdater: Could not find generated setter for class com.swmansion.rnscreens.ScreenContentWrapperManager
10-06 14:52:16.725 19189 19223 W unknown:ViewManagerPropertyUpdater: Could not find generated setter for class com.th3rdwave.safeareacontext.SafeAreaViewManager
10-06 14:52:16.729 19189 19223 W unknown:ViewManagerPropertyUpdater: Could not find generated setter for class com.th3rdwave.safeareacontext.SafeAreaViewShadowNode
10-06 14:52:16.731 19189 19223 W unknown:ViewManagerPropertyUpdater: Could not find generated setter for class com.swmansion.rnscreens.safearea.SafeAreaViewManager
10-06 14:52:16.733 19189 19223 W unknown:ViewManagerPropertyUpdater: Could not find generated setter for class com.swmansion.rnscreens.ScreenViewManager
10-06 14:52:16.734 19189 19223 W unknown:ViewManagerPropertyUpdater: Could not find generated setter for class com.swmansion.rnscreens.gamma.stack.host.StackHostViewManager
10-06 14:52:16.736 19189 19223 W unknown:ViewManagerPropertyUpdater: Could not find generated setter for class com.swmansion.rnscreens.ScreenStackHeaderSubviewManager
10-06 14:52:16.738 19189 19223 W unknown:ViewManagerPropertyUpdater: Could not find generated setter for class com.swmansion.rnscreens.gamma.stack.screen.StackScreenViewManager
10-06 14:52:16.740 19189 19223 W unknown:ViewManagerPropertyUpdater: Could not find generated setter for class com.swmansion.rnscreens.ScreenStackViewManager
10-06 14:52:16.742 19189 19223 W unknown:ViewManagerPropertyUpdater: Could not find generated setter for class com.swmansion.rnscreens.gamma.stack.header.config.StackHeaderConfigViewManager
10-06 14:52:16.745 19189 19223 W unknown:ViewManagerPropertyUpdater: Could not find generated setter for class com.swmansion.rnscreens.gamma.modals.formsheet.FormSheetHostViewManager
10-06 14:52:16.748 19189 19223 W unknown:ViewManagerPropertyUpdater: Could not find generated setter for class com.swmansion.rnscreens.gamma.tabs.screen.TabsScreenViewManager
10-06 14:52:16.759  2289  2289 D StatusBar: disable<e i a s b h r c s > disable2<q i n g r >
10-06 14:52:16.760  2289  2289 D PhoneStatusBar/NavigationBarView: setDisabledFlags back:false home:false recent:false
10-06 14:52:16.760  2289  2289 D StatusBarClock:  isNormalMode= true clock visible=true
10-06 14:52:16.760   744  2954 W SurfaceFlinger: Attempting to set client state on removed layer: Splash Screen com.shubhlabh.order#0
10-06 14:52:16.760   744  2954 W SurfaceFlinger: Attempting to destroy on removed layer: Splash Screen com.shubhlabh.order#0
10-06 14:52:16.789 19189 19223 W unknown:ViewManagerPropertyUpdater: Could not find generated setter for class com.horcrux.svg.RenderableViewManager$DefsViewManager
10-06 14:52:16.792 19189 19223 W unknown:ViewManagerPropertyUpdater: Could not find generated setter for class com.horcrux.svg.VirtualViewManager$RenderableShadowNode
10-06 14:52:16.795 19189 19223 W unknown:ViewManagerPropertyUpdater: Could not find generated setter for class com.horcrux.svg.RenderableViewManager$FeMergeManager
10-06 14:52:16.799 19189 19223 W unknown:ViewManagerPropertyUpdater: Could not find generated setter for class com.facebook.react.views.safeareaview.ReactSafeAreaViewManager
10-06 14:52:16.802 19189 19223 W unknown:ViewManagerPropertyUpdater: Could not find generated setter for class com.horcrux.svg.RenderableViewManager$LinearGradientManager
10-06 14:52:16.806 19189 19223 W unknown:ViewManagerPropertyUpdater: Could not find generated setter for class com.horcrux.svg.RenderableViewManager$FeGaussianBlurManager
10-06 14:52:16.810 19189 19223 W unknown:ViewManagerPropertyUpdater: Could not find generated setter for class com.facebook.react.views.progressbar.ReactProgressBarViewManager
10-06 14:52:16.813 19189 19223 W unknown:ViewManagerPropertyUpdater: Could not find generated setter for class com.facebook.react.views.scroll.ReactHorizontalScrollViewManager
10-06 14:52:16.818 19189 19223 W unknown:ViewManagerPropertyUpdater: Could not find generated setter for class com.facebook.react.views.text.ReactTextViewManager
10-06 14:52:16.823 19189 19223 W unknown:ViewManagerPropertyUpdater: Could not find generated setter for class com.horcrux.svg.RenderableViewManager$FeColorMatrixManager
10-06 14:52:16.826 19189 19223 W unknown:ViewManagerPropertyUpdater: Could not find generated setter for class com.facebook.react.views.scroll.ReactHorizontalScrollContainerViewManager
10-06 14:52:16.830 19189 19223 W unknown:ViewManagerPropertyUpdater: Could not find generated setter for class com.horcrux.svg.RenderableViewManager$ClipPathViewManager
10-06 14:52:16.835 19189 19223 W unknown:ViewManagerPropertyUpdater: Could not find generated setter for class com.horcrux.svg.RenderableViewManager$SymbolManager
10-06 14:52:16.840 19189 19223 W unknown:ViewManagerPropertyUpdater: Could not find generated setter for class com.horcrux.svg.RenderableViewManager$PatternManager
10-06 14:52:16.845 19189 19223 W unknown:ViewManagerPropertyUpdater: Could not find generated setter for class com.horcrux.svg.RenderableViewManager$FeBlendManager
10-06 14:52:16.848 19189 19223 W unknown:ViewManagerPropertyUpdater: Could not find generated setter for class com.facebook.react.views.view.ReactViewManager
10-06 14:52:16.850 19189 19223 W unknown:ViewManagerPropertyUpdater: Could not find generated setter for class com.horcrux.svg.SvgViewManager
10-06 14:52:16.855 19189 19223 W unknown:ViewManagerPropertyUpdater: Could not find generated setter for class com.facebook.react.views.switchview.ReactSwitchManager
10-06 14:52:16.859 19189 19223 W unknown:ViewManagerPropertyUpdater: Could not find generated setter for class com.horcrux.svg.RenderableViewManager$UseViewManager
10-06 14:52:16.863 19189 19223 W unknown:ViewManagerPropertyUpdater: Could not find generated setter for class com.horcrux.svg.RenderableViewManager$CircleViewManager
10-06 14:52:16.867 19189 19223 W unknown:ViewManagerPropertyUpdater: Could not find generated setter for class com.horcrux.svg.RenderableViewManager$TSpanViewManager
10-06 14:52:16.872 19189 19223 W unknown:ViewManagerPropertyUpdater: Could not find generated setter for class com.horcrux.svg.RenderableViewManager$FilterManager
10-06 14:52:16.876 19189 19223 W unknown:ViewManagerPropertyUpdater: Could not find generated setter for class com.horcrux.svg.RenderableViewManager$MarkerManager
10-06 14:52:16.881 19189 19223 W unknown:ViewManagerPropertyUpdater: Could not find generated setter for class com.facebook.react.views.modal.ReactModalHostManager
10-06 14:52:16.886 19189 19223 W unknown:ViewManagerPropertyUpdater: Could not find generated setter for class com.horcrux.svg.RenderableViewManager$ForeignObjectManager
10-06 14:52:16.890 19189 19223 W unknown:ViewManagerPropertyUpdater: Could not find generated setter for class com.horcrux.svg.RenderableViewManager$EllipseViewManager
10-06 14:52:16.894 19189 19223 W unknown:ViewManagerPropertyUpdater: Could not find generated setter for class com.horcrux.svg.RenderableViewManager$LineViewManager
10-06 14:52:16.898 19189 19223 W unknown:ViewManagerPropertyUpdater: Could not find generated setter for class com.horcrux.svg.RenderableViewManager$FeFloodManager
10-06 14:52:16.902 19189 19223 W unknown:ViewManagerPropertyUpdater: Could not find generated setter for class com.horcrux.svg.RenderableViewManager$GroupViewManager
10-06 14:52:16.906 19189 19223 W unknown:ViewManagerPropertyUpdater: Could not find generated setter for class com.horcrux.svg.RenderableViewManager$TextViewManager
10-06 14:52:16.909 19189 19223 W unknown:ViewManagerPropertyUpdater: Could not find generated setter for class com.horcrux.svg.RenderableViewManager$ImageViewManager
10-06 14:52:16.914 19189 19223 W unknown:ViewManagerPropertyUpdater: Could not find generated setter for class com.horcrux.svg.RenderableViewManager$FeCompositeManager
10-06 14:52:16.917 19189 19223 W unknown:ViewManagerPropertyUpdater: Could not find generated setter for class com.facebook.react.views.image.ReactImageManager
10-06 14:52:16.921 19189 19223 W unknown:ViewManagerPropertyUpdater: Could not find generated setter for class com.horcrux.svg.RenderableViewManager$RadialGradientManager
10-06 14:52:16.923  1256  1428 E storaged: getDiskStats failed with result NOT_SUPPORTED and size 0
10-06 14:52:16.925 19189 19223 W unknown:ViewManagerPropertyUpdater: Could not find generated setter for class com.horcrux.svg.RenderableViewManager$MaskManager
10-06 14:52:16.930 19189 19223 W unknown:ViewManagerPropertyUpdater: Could not find generated setter for class com.facebook.react.views.unimplementedview.ReactUnimplementedViewManager
10-06 14:52:16.933 19189 19223 W unknown:ViewManagerPropertyUpdater: Could not find generated setter for class com.horcrux.svg.RenderableViewManager$RectViewManager
10-06 14:52:16.935 18848 20738 I FontLog : (REDACTED) Received query %s, URI %s
10-06 14:52:16.935 18848 20738 I FontLog : (REDACTED) Query [%s] resolved to %s
10-06 14:52:16.937 19189 19223 W unknown:ViewManagerPropertyUpdater: Could not find generated setter for class com.horcrux.svg.RenderableViewManager$TextPathViewManager
10-06 14:52:16.942 18848 20738 I FontLog : (REDACTED) Fetch %s end status %s
10-06 14:52:16.942 19189 19223 W unknown:ViewManagerPropertyUpdater: Could not find generated setter for class com.facebook.react.views.scroll.ReactScrollViewManager
10-06 14:52:16.946 19189 19223 W unknown:ViewManagerPropertyUpdater: Could not find generated setter for class com.horcrux.svg.RenderableViewManager$FeOffsetManager
10-06 14:52:16.949 18848 20738 I FontLog : (REDACTED) Pulling font file for id = %d, cache size = %d
10-06 14:52:16.950 19189 19223 W unknown:ViewManagerPropertyUpdater: Could not find generated setter for class com.horcrux.svg.RenderableViewManager$PathViewManager
10-06 14:52:16.954 19189 19223 W unknown:ViewManagerPropertyUpdater: Could not find generated setter for class com.facebook.react.views.drawer.ReactDrawerLayoutManager
10-06 14:52:16.958 19189 19223 W unknown:ViewManagerPropertyUpdater: Could not find generated setter for class com.facebook.react.views.swiperefresh.SwipeRefreshLayoutManager
10-06 14:52:16.962 18848 20738 I FontLog : (REDACTED) Pulling font file for id = %d, cache size = %d
10-06 14:52:16.971 19189 19223 W unknown:ViewManagerPropertyUpdater: Could not find generated setter for class com.facebook.react.views.textinput.ReactTextInputManager
10-06 14:52:16.976 19189 19223 W unknown:ViewManagerPropertyUpdater: Could not find generated setter for class com.facebook.react.views.text.SelectableTextViewManager
10-06 14:52:16.979 19189 19223 W unknown:ViewManagerPropertyUpdater: Could not find generated setter for class com.facebook.react.views.virtual.view.ReactVirtualViewManager
10-06 14:52:17.158 19189 19223 I ReactNativeJS: Running "main"
10-06 14:52:17.183 19189 19224 W unknown:ReactNative: StatusBarModule: Ignored status bar change, current activity is edge-to-edge.
10-06 14:52:17.183 19189 19224 W unknown:ReactNative: StatusBarModule: Ignored status bar change, current activity is edge-to-edge.
10-06 14:52:18.007 18429 19026 I FA      : Application backgrounded at: timestamp_millis: 1791278536004
10-06 14:52:18.037  2643  6285 I DPMJ    : |REQ:RCVR| DPM creating socket
10-06 14:52:18.290  2070  3156 V BackupManagerConstants: getFullBackupRequiredNetworkType(...) returns 2
10-06 14:52:18.290  2070  3156 V BackupManagerConstants: getFullBackupRequireCharging(...) returns true
--------- beginning of crash
10-06 14:52:18.974 19242 19242 F linker  : CANNOT LINK EXECUTABLE "/system/bin/dpmd": "/system/lib64/libdpmframework.so" is 32-bit instead of 64-bit
10-06 14:52:19.874 26278 26278 D MiuiFastConnectService: handleMessage: what: 8, msg.arg1: 0, msg.arg2: 0
10-06 14:52:19.874 26278 26278 D MiuiFastConnectService: stopBleScan: scanning: true
10-06 14:52:19.877 26278 26278 D BluetoothAdapter: isLeEnabled(): ON
10-06 14:52:19.878 28602 26351 D BtGatt.GattService: stopScan() - queue size =3
10-06 14:52:19.882 28602 26351 D BtGatt.GattService: unregisterScanner() - scannerId=4
10-06 14:52:19.883   689   689 D vendor.qti.bluetooth@1.0-ibs_handler: SerialClockVote: vote for UART CLK ON
10-06 14:52:19.885   689   689 D vendor.qti.bluetooth@1.0-wake_lock: Acquire wakelock is acquired 
10-06 14:52:19.886   689   689 I vendor.qti.bluetooth@1.0-ibs_handler: DeviceWakeUp: Writing IBS_WAKE_IND
10-06 14:52:19.889   689 28652 I vendor.qti.bluetooth@1.0-ibs_handler: ProcessIbsCmd: Received IBS_WAKE_ACK: 0xFC
10-06 14:52:19.891   689 28652 I vendor.qti.bluetooth@1.0-ibs_handler: ProcessIbsCmd: Received IBS_WAKE_IND: 0xFD
10-06 14:52:19.891   689 28652 I vendor.qti.bluetooth@1.0-ibs_handler: ProcessIbsCmd: Writing IBS_WAKE_ACK
10-06 14:52:19.893 28602 28630 D BtGatt.GattService: onScanFilterParamsConfigured() - clientIf=4, status=0, action=1, availableSpace=12
10-06 14:52:19.893 28602 28630 D BtGatt.ScanManager: callback done for scannerId - 4 status - 0
10-06 14:52:19.894 28602 28641 D BtGatt.ScanManager: configureRegularScanParams() - queue=2
10-06 14:52:19.894 28602 28641 D BtGatt.ScanManager: configureRegularScanParams() - ScanSetting LE 1M Scan mode=1ScanSetting LE Coded Scan mode=1 mLastConfiguredScanSettingLE1M=1 mLastConfiguredScanSettingLECoded=1scanPhy=255
10-06 14:52:19.907 26278 26278 D MiuiFastConnectService: handleMessage: what: 1, msg.arg1: 0, msg.arg2: 0
10-06 14:52:19.911 26278 26278 D BluetoothAdapter: isLeEnabled(): ON
10-06 14:52:19.918 28602 26351 D BtGatt.GattService: registerScanner() - UUID=3fd40d56-a212-424e-94f0-7c741121179f
10-06 14:52:19.919 28602 28655 I bt_stack: [INFO:gatt_api.cc(958)] GATT_Register3ec2983a-f4e9-41bc-4ecc-3c853644165e
10-06 14:52:19.919 28602 28655 I bt_stack: [INFO:gatt_api.cc(978)] allocated gatt_if=4
10-06 14:52:19.919 28602 28630 D BtGatt.GattService: onScannerRegistered() - UUID=3fd40d56-a212-424e-94f0-7c741121179f, scannerId=4, status=0
10-06 14:52:19.920 26278  6225 D BluetoothLeScanner: onScannerRegistered() - status=0 scannerId=4 mScannerId=0
10-06 14:52:19.922 28602 26351 D BtGatt.GattService: start scan with filters
10-06 14:52:19.928 28602 28641 D BtGatt.ScanManager: handling starting scan
10-06 14:52:19.931 28602 28641 D BtGatt.ScanManager: isAptXLowLatencyModeEnabled: false
10-06 14:52:19.933   689 28652 I vendor.qti.bluetooth@1.0-ibs_handler: ProcessIbsCmd: Received IBS_SLEEP_IND: 0xFE
10-06 14:52:19.934   689 28652 I vendor.qti.bluetooth@1.0-ibs_handler: ProcessIbsCmd: Received IBS_WAKE_IND: 0xFD
10-06 14:52:19.934   689 28652 I vendor.qti.bluetooth@1.0-ibs_handler: ProcessIbsCmd: Writing IBS_WAKE_ACK
10-06 14:52:19.936 28602 28630 D BtGatt.GattService: onScanFilterEnableDisabled() - clientIf=4, status=0, action=1
10-06 14:52:19.936 28602 28630 D BtGatt.ScanManager: callback done for scannerId - 4 status - 0
10-06 14:52:19.940 28602 28630 D BtGatt.GattService: onScanFilterConfig() - clientIf=4, action = 0 status = 0, filterType=5, availableSpace=31
10-06 14:52:19.940 28602 28630 D BtGatt.ScanManager: callback done for scannerId - 4 status - 0
10-06 14:52:19.941 28602 28641 D BtGatt.ScanManager: configureFilterParamter 500 10000 1 0, deliveryMode=0
10-06 14:52:19.944 28602 28630 D BtGatt.GattService: onScanFilterParamsConfigured() - clientIf=4, status=0, action=0, availableSpace=11
10-06 14:52:19.944 28602 28630 D BtGatt.ScanManager: callback done for scannerId - 4 status - 0
10-06 14:52:19.944 28602 28641 D BtGatt.ScanManager: configureRegularScanParams() - queue=3
10-06 14:52:19.944 28602 28641 D BtGatt.ScanManager: configureRegularScanParams() - ScanSetting LE 1M Scan mode=1ScanSetting LE Coded Scan mode=1 mLastConfiguredScanSettingLE1M=1 mLastConfiguredScanSettingLECoded=1scanPhy=255
10-06 14:52:19.984   689 28652 I vendor.qti.bluetooth@1.0-ibs_handler: ProcessIbsCmd: Received IBS_SLEEP_IND: 0xFE
10-06 14:52:20.103  2681  2681 D QtiCarrierConfigHelper: WARNING, no carrier configs on phone Id: 0
10-06 14:52:20.104  2070  4389 V LocSvc_HIDL_Subscription_jni: battery_level_update
10-06 14:52:20.104  2289  2289 D KeyguardUpdateMonitor: received broadcast android.intent.action.BATTERY_CHANGED
10-06 14:52:20.105  2070  2102 E UsbDeviceManager: handle message = 9
10-06 14:52:20.106 18372 18372 I BatteryInfoReceiver: ACTION_BATTERY_CHANGED
10-06 14:52:20.106  2070  4389 V LocSvc_HIDL_Subscription_jni: [battery_level_update][931] [HC] =>> [HS]
10-06 14:52:20.106   714   714 V LocSvc_HIDL_IzatSubscription: [batteryLevelUpdate][777] [HS] <<<<= [HC]
10-06 14:52:20.107  4666  4994 D PowerCheckerService: onBatteryChanged, mBatteryLevel = 100, status = 2, level = 100, plug = 1, scale = 100
10-06 14:52:20.107  2070  4389 V LocSvc_HIDL_Subscription_jni: Exit Result 0
10-06 14:52:20.124 18848 18819 I NearbyMediums: No BLE Fast/GATT advertisements found in the latest cycle.
10-06 14:52:20.124 18848 18819 I NearbyMediums: Current Tracked Scanning Clients are : {NearbyConnections.EnvironmentMonitor, NearbySharing}
10-06 14:52:20.228 18848 18848 D BoundBrokerSvc: onUnbind: Intent { act=com.google.android.gms.time.trustedtime.singleuserapi.service.START dat=chimera-action: cmp=com.google.android.gms/.chimera.PersistentSingleUserInternalApiService }
10-06 14:52:20.236  2070  4630 D CompatibilityInfo: mCompatibilityFlags - 0
10-06 14:52:20.236  2070  4630 D CompatibilityInfo: applicationDensity - 440
10-06 14:52:20.236  2070  4630 D CompatibilityInfo: applicationScale - 1.0
10-06 14:52:20.278 18848 18848 D BoundBrokerSvc: onUnbind: Intent { act=com.google.android.gms.time.trustedtime.service.START dat=chimera-action: cmp=com.google.android.gms/.chimera.PersistentDirectBootAwareApiService }
10-06 14:52:20.402  2070  2240 W MiuiGesturePointerEventListener: onActionDown end: mGestureStatus = 0
10-06 14:52:20.483  2070  2096 W MiuiGesturePointerEventListener: will ignore multi-touch event
10-06 14:52:20.502  2070  2096 W VelocityTracker: division by 0 when computing velocity, Sxx=0.000188, Sx2x2=0.000000, Sxx2=-0.000003
10-06 14:52:20.584  2289  2289 I MiuiChargeManager: notifyBatteryStatusChanged:  status: 5 isPlugged: 1 level: 100 wireState: 11 chargeSpeed: 0 mWiredChargeType: 0 mWirelessChargeType: 0 chargeDeviceType: -1
10-06 14:52:20.502  2070  2096 W VelocityTracker: division by 0 when computing velocity, Sxx=0.000188, Sx2x2=0.000000, Sxx2=-0.000003
10-06 14:52:20.584  2289  2289 D KeyguardUpdateMonitor: received broadcast android.intent.action.BATTERY_CHANGED
10-06 14:52:20.585  2070  4389 V LocSvc_HIDL_Subscription_jni: battery_level_update
10-06 14:52:20.585  2070  4389 V LocSvc_HIDL_Subscription_jni: [battery_level_update][931] [HC] =>> [HS]
10-06 14:52:20.586  2681  2681 D QtiCarrierConfigHelper: WARNING, no carrier configs on phone Id: 0
10-06 14:52:20.586   714   714 V LocSvc_HIDL_IzatSubscription: [batteryLevelUpdate][777] [HS] <<<<= [HC]
10-06 14:52:20.586  2070  4389 V LocSvc_HIDL_Subscription_jni: Exit Result 0
10-06 14:52:20.587  4666  4994 D PowerCheckerService: onBatteryChanged, mBatteryLevel = 100, status = 5, level = 100, plug = 1, scale = 100
10-06 14:52:20.587 18372 18372 I BatteryInfoReceiver: ACTION_BATTERY_CHANGED
10-06 14:52:20.587  2070  2102 E UsbDeviceManager: handle message = 9
10-06 14:52:20.587  2289  2289 D KeyguardUpdateMonitor: handleBatteryUpdate
10-06 14:52:20.587  2289  2289 I MiuiChargeController: checkBatteryStatus: chargeType 11 status 5 plugged 1 isRapidCharge false isSuperCharge false isCarMode false mChargeDeviceType -1 mChargeDeviceForAnalytic -1
10-06 14:52:20.587  2289  2289 I KeyguardIndication: updateIndication: mVisible false mDozing false mTransientIndication null mPowerPluggedIn true mUpArrowIndication Swipe up to unlock
10-06 14:52:20.942   689 28658 I vendor.qti.bluetooth@1.0-ibs_handler: DeviceSleep: TX Awake, Sending SLEEP_IND
10-06 14:52:20.942   689 28658 D vendor.qti.bluetooth@1.0-ibs_handler: SerialClockVote: vote for UART CLK OFF
10-06 14:52:21.049  2070  2240 W MiuiGesturePointerEventListener: onActionDown end: mGestureStatus = 0
10-06 14:52:21.092 18848 18848 D BoundBrokerSvc: onUnbind: Intent { act=com.google.android.gms.safetynet.service.START pkg=com.google.android.gms }
10-06 14:52:21.092   689 28645 D vendor.qti.bluetooth@1.0-wake_lock: Release wakelock is released 
10-06 14:52:21.752  2070  2240 W MiuiGesturePointerEventListener: onActionDown end: mGestureStatus = 0
10-06 14:52:21.753  2070  2096 W MiuiGesturePointerEventListener: will ignore multi-touch event
10-06 14:52:21.849 19189 19189 I AssistStructure: Flattened final assist data: 3588 bytes, containing 1 windows, 12 views
10-06 14:52:21.852  2070  2102 D CompatibilityInfo: mCompatibilityFlags - 0
10-06 14:52:21.852  2070  2102 D CompatibilityInfo: applicationDensity - 440
10-06 14:52:21.852  2070  2102 D CompatibilityInfo: applicationScale - 1.0
10-06 14:52:21.858 19189 19189 I AssistStructure: Flattened final assist data: 3588 bytes, containing 1 windows, 12 views
10-06 14:52:21.914  2070  4630 I AssistStructure: Flattened final assist data: 2888 bytes, containing 1 windows, 12 views
10-06 14:52:21.950  2070  4630 D CompatibilityInfo: mCompatibilityFlags - 0
10-06 14:52:21.950  2070  4630 D CompatibilityInfo: applicationDensity - 440
10-06 14:52:21.950  2070  4630 D CompatibilityInfo: applicationScale - 1.0
10-06 14:52:22.039  2643  6285 I DPMJ    : |REQ:RCVR| DPM creating socket
10-06 14:52:22.056  2070  4630 I WindowManager: input method visible height changed 822
10-06 14:52:22.063  2289  2289 D GestureStubView: resetRenderProperty: setSize
10-06 14:52:22.064  2289  2289 D GestureStubView: resetRenderProperty: setSize
10-06 14:52:22.090  2289  2289 D GestureStubView: gatherTransparentRegion: need render w:30  h:1296
10-06 14:52:22.103 18848 18848 I GmsCoreXrpcWrapper: (REDACTED) Creating an unauthenticated channel provider with trafficStatsTag=%d trafficStatsUid=%d
10-06 14:52:22.106  2070  3238 D CompatibilityInfo: mCompatibilityFlags - 0
10-06 14:52:22.106  2070  3238 D CompatibilityInfo: applicationDensity - 440
10-06 14:52:22.107  2070  3238 D CompatibilityInfo: applicationScale - 1.0
10-06 14:52:22.112 18848 18848 D BoundBrokerSvc: onBind: Intent { act=com.google.android.mdd.service.START dat=chimera-action: cmp=com.google.android.gms/.chimera.GmsApiService }
10-06 14:52:22.112 18848 18848 D BoundBrokerSvc: Loading bound service for intent: Intent { act=com.google.android.mdd.service.START dat=chimera-action: cmp=com.google.android.gms/.chimera.GmsApiService }
10-06 14:52:22.127 18848 18848 D BoundBrokerSvc: onBind: Intent { act=com.google.android.gms.wallet.service.BIND pkg=com.google.android.gms }
10-06 14:52:22.127 18848 18848 D BoundBrokerSvc: Loading bound service for intent: Intent { act=com.google.android.gms.wallet.service.BIND pkg=com.google.android.gms }
10-06 14:52:22.134  2289  2289 D GestureStubView: gatherTransparentRegion: need render w:30  h:1296
10-06 14:52:22.139 18848 18848 D BoundBrokerSvc: onBind: Intent { act=com.google.android.gms.chromesync.service.zeroparty.START dat=chimera-action: cmp=com.google.android.gms/.chimera.GmsApiService }
10-06 14:52:22.139 18848 18848 D BoundBrokerSvc: Loading bound service for intent: Intent { act=com.google.android.gms.chromesync.service.zeroparty.START dat=chimera-action: cmp=com.google.android.gms/.chimera.GmsApiService }
10-06 14:52:22.145  2289  2289 D GestureStubView: gatherTransparentRegion: need render w:30  h:1296
10-06 14:52:22.149 19189 19257 D ProfileInstaller: Installing profile for com.shubhlabh.order
10-06 14:52:22.151 18848 18848 D BoundBrokerSvc: onBind: Intent { act=com.google.android.gms.auth.api.phone.service.SmsRetrieverApiService.START dat=chimera-action: cmp=com.google.android.gms/.chimera.GmsApiService }
10-06 14:52:22.151 18848 18848 D BoundBrokerSvc: Loading bound service for intent: Intent { act=com.google.android.gms.auth.api.phone.service.SmsRetrieverApiService.START dat=chimera-action: cmp=com.google.android.gms/.chimera.GmsApiService }
10-06 14:52:22.175  2289  2289 D GestureStubView: gatherTransparentRegion: need render w:30  h:1296
10-06 14:52:22.208  2070  4389 V LocSvc_HIDL_Subscription_jni: battery_level_update
10-06 14:52:22.210  2681  2681 D QtiCarrierConfigHelper: WARNING, no carrier configs on phone Id: 0
10-06 14:52:22.212 18372 18372 I BatteryInfoReceiver: ACTION_BATTERY_CHANGED
10-06 14:52:22.212  2289  2289 I MiuiChargeManager: notifyBatteryStatusChanged:  status: 2 isPlugged: 1 level: 100 wireState: 11 chargeSpeed: 0 mWiredChargeType: 0 mWirelessChargeType: 0 chargeDeviceType: -1
10-06 14:52:22.212  2289  2289 D KeyguardUpdateMonitor: received broadcast android.intent.action.BATTERY_CHANGED
10-06 14:52:22.213  4666  4994 D PowerCheckerService: onBatteryChanged, mBatteryLevel = 100, status = 2, level = 100, plug = 1, scale = 100
10-06 14:52:22.213  2289  2289 D KeyguardUpdateMonitor: handleBatteryUpdate
10-06 14:52:22.213  2289  2289 I MiuiChargeController: checkBatteryStatus: chargeType 11 status 2 plugged 1 isRapidCharge false isSuperCharge false isCarMode false mChargeDeviceType -1 mChargeDeviceForAnalytic -1
10-06 14:52:22.213  2289  2289 I KeyguardIndication: updateIndication: mVisible false mDozing false mTransientIndication null mPowerPluggedIn true mUpArrowIndication Swipe up to unlock
10-06 14:52:22.214  2070  2102 E UsbDeviceManager: handle message = 9
10-06 14:52:22.214  2070  4389 V LocSvc_HIDL_Subscription_jni: [battery_level_update][931] [HC] =>> [HS]
10-06 14:52:22.214   714   714 V LocSvc_HIDL_IzatSubscription: [batteryLevelUpdate][777] [HS] <<<<= [HC]
10-06 14:52:22.215  2070  4389 V LocSvc_HIDL_Subscription_jni: Exit Result 0
10-06 14:52:22.219 21725 21725 W Settings: Setting device_provisioned has moved from android.provider.Settings.Secure to android.provider.Settings.Global.
10-06 14:52:22.220 21725 21725 W Settings: Setting device_provisioned has moved from android.provider.Settings.Secure to android.provider.Settings.Global.
10-06 14:52:22.227 21725 19261 W Settings: Setting device_provisioned has moved from android.provider.Settings.Secure to android.provider.Settings.Global.
10-06 14:52:22.228 21725 19261 W Settings: Setting device_provisioned has moved from android.provider.Settings.Secure to android.provider.Settings.Global.
10-06 14:52:22.241 18848 18823 I SyncManager: (REDACTED) Executing sync(type=%s%s)
10-06 14:52:22.252 18848 18819 W atqg    : Failed to retrieve prediction data. [CONTEXT service_id=177 ]
10-06 14:52:22.252 18848 18819 W atqg    : java.util.concurrent.ExecutionException: fpvl: No data was found for the table autofill-domain-predictions-prod-spanner.
10-06 14:52:22.252 18848 18819 W atqg    : 	at gsak.k(:com.google.android.gms@263635013@26.36.35 (100400-991383798):21)
10-06 14:52:22.252 18848 18819 W atqg    : 	at gsas.v(:com.google.android.gms@263635013@26.36.35 (100400-991383798):110)
10-06 14:52:22.252 18848 18819 W atqg    : 	at gsak.get(:com.google.android.gms@263635013@26.36.35 (100400-991383798):6)
10-06 14:52:22.252 18848 18819 W atqg    : 	at atqg.g(:com.google.android.gms@263635013@26.36.35 (100400-991383798):85)
10-06 14:52:22.252 18848 18819 W atqg    : 	at atqg.a(:com.google.android.gms@263635013@26.36.35 (100400-991383798):130)
10-06 14:52:22.252 18848 18819 W atqg    : 	at atln.call(:com.google.android.gms@263635013@26.36.35 (100400-991383798):5)
10-06 14:52:22.252 18848 18819 W atqg    : 	at java.util.concurrent.FutureTask.run(FutureTask.java:266)
10-06 14:52:22.252 18848 18819 W atqg    : 	at bnfi.d(:com.google.android.gms@263635013@26.36.35 (100400-991383798):50)
10-06 14:52:22.252 18848 18819 W atqg    : 	at bnfi.c(:com.google.android.gms@263635013@26.36.35 (100400-991383798):6)
10-06 14:52:22.252 18848 18819 W atqg    : 	at bnfi.run(:com.google.android.gms@263635013@26.36.35 (100400-991383798):33)
10-06 14:52:22.252 18848 18819 W atqg    : 	at java.util.concurrent.ThreadPoolExecutor.runWorker(ThreadPoolExecutor.java:1167)
10-06 14:52:22.252 18848 18819 W atqg    : 	at java.util.concurrent.ThreadPoolExecutor$Worker.run(ThreadPoolExecutor.java:641)
10-06 14:52:22.252 18848 18819 W atqg    : 	at bnlh.run(:com.google.android.gms@263635013@26.36.35 (100400-991383798):8)
10-06 14:52:22.252 18848 18819 W atqg    : 	at java.lang.Thread.run(Thread.java:764)
10-06 14:52:22.252 18848 18819 W atqg    : Caused by: fpvl: No data was found for the table autofill-domain-predictions-prod-spanner.
10-06 14:52:22.252 18848 18819 W atqg    : 	at fpwb.a(:com.google.android.gms@263635013@26.36.35 (100400-991383798):125)
10-06 14:52:22.252 18848 18819 W atqg    : 	at gsau.d(:com.google.android.gms@263635013@26.36.35 (100400-991383798):3)
10-06 14:52:22.252 18848 18819 W atqg    : 	at gsaw.run(:com.google.android.gms@263635013@26.36.35 (100400-991383798):47)
10-06 14:52:22.252 18848 18819 W atqg    : 	at gsck.execute(:com.google.android.gms@263635013@26.36.35 (100400-991383798):1)
10-06 14:52:22.252 18848 18819 W atqg    : 	at gsak.f(:com.google.android.gms@263635013@26.36.35 (100400-991383798):1)
10-06 14:52:22.252 18848 18819 W atqg    : 	at gsak.n(:com.google.android.gms@263635013@26.36.35 (100400-991383798):101)
10-06 14:52:22.252 18848 18819 W atqg    : 	at gsak.q(:com.google.android.gms@263635013@26.36.35 (100400-991383798):15)
10-06 14:52:22.252 18848 18819 W atqg    : 	at gsav.e(:com.google.android.gms@263635013@26.36.35 (100400-991383798):1)
10-06 14:52:22.252 18848 18819 W atqg    : 	at gsaw.run(:com.google.android.gms@263635013@26.36.35 (100400-991383798):53)
10-06 14:52:22.252 18848 18819 W atqg    : 	at gsck.execute(:com.google.android.gms@263635013@26.36.35 (100400-991383798):1)
10-06 14:52:22.252 18848 18819 W atqg    : 	at gsak.f(:com.google.android.gms@263635013@26.36.35 (100400-991383798):1)
10-06 14:52:22.252 18848 18819 W atqg    : 	at gsak.n(:com.google.android.gms@263635013@26.36.35 (100400-991383798):101)
10-06 14:52:22.252 18848 18819 W atqg    : 	at gsak.t(:com.google.android.gms@263635013@26.36.35 (100400-991383798):28)
10-06 14:52:22.252 18848 18819 W atqg    : 	at gsau.e(:com.google.android.gms@263635013@26.36.35 (100400-991383798):3)
10-06 14:52:22.252 18848 18819 W atqg    : 	at gsaw.run(:com.google.android.gms@263635013@26.36.35 (100400-991383798):53)
10-06 14:52:22.252 18848 18819 W atqg    : 	at gsck.execute(:com.google.android.gms@263635013@26.36.35 (100400-991383798):1)
10-06 14:52:22.252 18848 18819 W atqg    : 	at gsak.f(:com.google.android.gms@263635013@26.36.35 (100400-991383798):1)
10-06 14:52:22.252 18848 18819 W atqg    : 	at gsak.n(:com.google.android.gms@263635013@26.36.35 (100400-991383798):101)
10-06 14:52:22.252 18848 18819 W atqg    : 	at gsak.t(:com.google.android.gms@263635013@26.36.35 (100400-991383798):28)
10-06 14:52:22.252 18848 18819 W atqg    : 	at gsau.e(:com.google.android.gms@263635013@26.36.35 (100400-991383798):3)
10-06 14:52:22.252 18848 18819 W atqg    : 	at gsaw.run(:com.google.android.gms@263635013@26.36.35 (100400-991383798):53)
10-06 14:52:22.252 18848 18819 W atqg    : 	at gsck.execute(:com.google.android.gms@263635013@26.36.35 (100400-991383798):1)
10-06 14:52:22.252 18848 18819 W atqg    : 	at gsak.f(:com.google.android.gms@263635013@26.36.35 (100400-991383798):1)
10-06 14:52:22.252 18848 18819 W atqg    : 	at gsak.n(:com.google.android.gms@263635013@26.36.35 (100400-991383798):101)
10-06 14:52:22.252 18848 18819 W atqg    : 	at gsak.q(:com.google.android.gms@263635013@26.36.35 (100400-991383798):15)
10-06 14:52:22.252 18848 18819 W atqg    : 	at gsac.run(:com.google.android.gms@263635013@26.36.35 (100400-991383798):129)
10-06 14:52:22.252 18848 18819 W atqg    : 	at gsck.execute(:com.google.android.gms@263635013@26.36.35 (100400-991383798):1)
10-06 14:52:22.252 18848 18819 W atqg    : 	at gsak.f(:com.google.android.gms@263635013@26.36.35 (100400-991383798):1)
10-06 14:52:22.252 18848 18819 W atqg    : 	at gsak.n(:com.google.android.gms@263635013@26.36.35 (100400-991383798):101)
10-06 14:52:22.252 18848 18819 W atqg    : 	at gsak.q(:com.google.android.gms@263635013@26.36.35 (100400-991383798):15)
10-06 14:52:22.252 18848 18819 W atqg    : 	at gsav.e(:com.google.android.gms@263635013@26.36.35 (100400-991383798):1)
10-06 14:52:22.252 18848 18819 W atqg    : 	at gsaw.run(:com.google.android.gms@263635013@26.36.35 (100400-991383798):53)
10-06 14:52:22.252 18848 18819 W atqg    : 	at gsck.execute(:com.google.android.gms@263635013@26.36.35 (100400-991383798):1)
10-06 14:52:22.252 18848 18819 W atqg    : 	at gsak.f(:com.google.android.gms@263635013@26.36.35 (100400-991383798):1)
10-06 14:52:22.252 18848 18819 W atqg    : 	at gsak.n(:com.google.android.gms@263635013@26.36.35 (100400-991383798):101)
10-06 14:52:22.252 18848 18819 W atqg    : 	at gsae.run(:com.google.android.gms@263635013@26.36.35 (100400-991383798):27)
10-06 14:52:22.252 18848 18819 W atqg    : 	at gsck.execute(:com.google.android.gms@263635013@26.36.35 (100400-991383798):1)
10-06 14:52:22.252 18848 18819 W atqg    : 	at gsco.c(:com.google.android.gms@263635013@26.36.35 (100400-991383798):1)
10-06 14:52:22.252 18848 18819 W atqg    : 	at gsco.b(:com.google.android.gms@263635013@26.36.35 (100400-991383798):34)
10-06 14:52:22.252 18848 18819 W atqg    : 	at gsdz.done(:com.google.android.gms@263635013@26.36.35 (100400-991383798):3)
10-06 14:52:22.252 18848 18819 W atqg    : 	at java.util.concurrent.FutureTask.finishCompletion(FutureTask.java:383)
10-06 14:52:22.252 18848 18819 W atqg    : 	at java.util.concurrent.FutureTask.set(FutureTask.java:234)
10-06 14:52:22.252 18848 18819 W atqg    : 	at java.util.concurrent.FutureTask.run(FutureTask.java:274)
10-06 14:52:22.252 18848 18819 W atqg    : 	at gsen.run(:com.google.android.gms@263635013@26.36.35 (100400-991383798):64)
10-06 14:52:22.252 18848 18819 W atqg    : 	... 7 more
10-06 14:52:22.334  2070  4630 D CompatibilityInfo: mCompatibilityFlags - 0
10-06 14:52:22.335  2070  4630 D CompatibilityInfo: applicationDensity - 440
10-06 14:52:22.335  2070  4630 D CompatibilityInfo: applicationScale - 1.0
10-06 14:52:22.362  2070  2168 D CompatibilityInfo: mCompatibilityFlags - 0
10-06 14:52:22.362  2070  2168 D CompatibilityInfo: applicationDensity - 440
10-06 14:52:22.362  2070  2168 D CompatibilityInfo: applicationScale - 1.0
10-06 14:52:22.370  4666  4666 I PowerKeeperBackgroundService: onStartCommand()
10-06 14:52:22.371  4666  4666 I PowerKeeperService: onAlarm
10-06 14:52:22.372  2070  2168 D CompatibilityInfo: mCompatibilityFlags - 0
10-06 14:52:22.374  2070  2168 D CompatibilityInfo: applicationDensity - 440
10-06 14:52:22.374  2070  2168 D CompatibilityInfo: applicationScale - 1.0
10-06 14:52:22.392  2070  2098 D Boost   : hostingType=service, hostingName=com.google.android.gms/.chimera.UiIntentOperationService, callerPackage=com.google.android.gms, isSystem=true, isBoostNeeded=false.
10-06 14:52:22.393 18848 18269 I PasswordSaveInfoFactory: Form has a username and is not a password only form. [CONTEXT service_id=177 ]
10-06 14:52:22.393 18848 18269 I PasswordSaveInfoFactory: Form is not a password only form. [CONTEXT service_id=177 ]
10-06 14:52:22.396  2070  2219 D CompatibilityInfo: mCompatibilityFlags - 0
10-06 14:52:22.396  2070  2219 D CompatibilityInfo: applicationDensity - 440
10-06 14:52:22.396  2070  2219 D CompatibilityInfo: applicationScale - 1.0
10-06 14:52:22.397 31434 19271 D AndroidUtils: MCC MNC = 
10-06 14:52:22.400  2070  2098 I ActivityManager: Start proc 19272:com.google.android.gms.ui/u0a40 for service com.google.android.gms/.chimera.UiIntentOperationService caller=com.google.android.gms
10-06 14:52:22.419 19272 19272 E .android.gms.u: Not starting debugger since process cannot load the jdwp agent.
10-06 14:52:22.419 18848 19277 I Authzen : [DeviceStateSyncManager] The server is in sync with current state. Nothing to do
10-06 14:52:22.421 14750 14781 I TRuntime.CctTransportBackend: Making request to: https://firebaselogging.googleapis.com/v0cc/log/batch?format=json_proto3
10-06 14:52:22.422 18848 18819 W ReauthSettingManager: Successfully fetched reauth setting from DS: false [CONTEXT service_id=177 ]
10-06 14:52:22.431  2070 11940 D CompatibilityInfo: mCompatibilityFlags - 0
10-06 14:52:22.431  2070 11940 D CompatibilityInfo: applicationDensity - 440
10-06 14:52:22.431  2070 11940 D CompatibilityInfo: applicationScale - 1.0
10-06 14:52:22.438 18848 18848 D BoundBrokerSvc: onBind: Intent { act=com.google.android.gms.credential.manager.service.firstparty.START dat=chimera-action: cmp=com.google.android.gms/.chimera.GmsApiService }
10-06 14:52:22.438 18848 18848 D BoundBrokerSvc: Loading bound service for intent: Intent { act=com.google.android.gms.credential.manager.service.firstparty.START dat=chimera-action: cmp=com.google.android.gms/.chimera.GmsApiService }
10-06 14:52:22.446  2070 11940 D CompatibilityInfo: mCompatibilityFlags - 0
10-06 14:52:22.446  2070 11940 D CompatibilityInfo: applicationDensity - 440
10-06 14:52:22.446  2070 11940 D CompatibilityInfo: applicationScale - 1.0
10-06 14:52:22.448  2070 11940 D CompatibilityInfo: mCompatibilityFlags - 0
10-06 14:52:22.448  2070 11940 D CompatibilityInfo: applicationDensity - 440
10-06 14:52:22.448  2070 11940 D CompatibilityInfo: applicationScale - 1.0
10-06 14:52:22.450  2070  3238 D CompatibilityInfo: mCompatibilityFlags - 0
10-06 14:52:22.450  2070  3238 D CompatibilityInfo: applicationDensity - 440
10-06 14:52:22.450  2070  3238 D CompatibilityInfo: applicationScale - 1.0
10-06 14:52:22.468 18848 18833 W ReauthSettingManager: Successfully fetched reauth setting from GPM: false [CONTEXT service_id=177 ]
10-06 14:52:22.471 18848 18819 W ReauthSettingManager: Successfully updated reauth setting in DS and cache: false [CONTEXT service_id=177 ]
10-06 14:52:22.499 19272 19272 I .android.gms.u: The ClassLoaderContext is a special shared library.
10-06 14:52:22.528   744   813 W SurfaceFlinger: Attempting to set client state on removed layer: Surface(name=6743876 GestureStubBottom)/@0xf699a6d - animation-leash#0
10-06 14:52:22.528   744   813 W SurfaceFlinger: Attempting to destroy on removed layer: Surface(name=6743876 GestureStubBottom)/@0xf699a6d - animation-leash#0
10-06 14:52:22.564 18848 18823 I SyncManager: (REDACTED) Executing sync(type=%s) finished in %s
10-06 14:52:22.581 18848 18823 I SyncManager: (REDACTED) Executing sync(type=%s%s)
10-06 14:52:22.601 18848 18823 I SyncManager: (REDACTED) Executing sync(type=%s) finished in %s
10-06 14:52:22.610 18848 18823 I SyncManager: (REDACTED) Executing sync(type=%s%s)
10-06 14:52:22.628 18848 18823 I SyncManager: (REDACTED) Executing sync(type=%s) finished in %s
10-06 14:52:22.634 18848 18823 I SyncManager: (REDACTED) Executing sync(type=%s%s)
10-06 14:52:22.655 18848 18823 I SyncManager: (REDACTED) Executing sync(type=%s) finished in %s
10-06 14:52:22.690 19272 19272 W .android.gms.u: JIT profile information will not be recorded: profile file does not exits.
10-06 14:52:22.690 19272 19272 W .android.gms.u: JIT profile information will not be recorded: profile file does not exits.
10-06 14:52:22.692 19091 19142 I ndroid.keychai: ProcessProfilingInfo new_methods=0 is saved saved_to_disk=0 resolve_classes_delay=8000
10-06 14:52:22.693 19272 19272 W .android.gms.u: Unknown chunk type '200'.
10-06 14:52:22.693 19272 19272 I chatty  : uid=10040 com.google.android.gms.ui identical 7 lines
10-06 14:52:22.693 19272 19272 W .android.gms.u: Unknown chunk type '200'.
10-06 14:52:22.701 19272 19272 I Perf    : Connecting to perf service.
10-06 14:52:22.703 18848 18848 D BoundBrokerSvc: onBind: Intent { act=com.google.android.gms.auth.api.credentials.internal_service.START dat=chimera-action: cmp=com.google.android.gms/.chimera.GmsInternalBoundBrokerService }
10-06 14:52:22.703 18848 18848 D BoundBrokerSvc: Loading bound service for intent: Intent { act=com.google.android.gms.auth.api.credentials.internal_service.START dat=chimera-action: cmp=com.google.android.gms/.chimera.GmsInternalBoundBrokerService }
10-06 14:52:22.759 18848 19689 I cn_CronetUrlRequestContext: destroyNativeStreamLocked org.chromium.net.impl.CronetBidirectionalStream@8dd3643
10-06 14:52:22.815  2070  5929 I OpenGLRenderer: Initialized EGL, version 1.4
10-06 14:52:22.815  2070  5929 D OpenGLRenderer: Swap behavior 2
10-06 14:52:22.904 19272 19272 V NativeCrypto: Registering com/google/android/gms/org/conscrypt/NativeCrypto's 336 native methods...
10-06 14:52:22.921 14750 14781 I TRuntime.CctTransportBackend: Status Code: 200
10-06 14:52:22.944 19272 19272 D NetworkSecurityConfig: Using Network Security Config from resource network_security_config debugBuild: false
10-06 14:52:22.949 19272 19272 I ProviderInstaller: Installed default security provider GmsCore_OpenSSL
10-06 14:52:22.955 19272 19272 I .android.gms.u: Note: end time exceeds INT32_MAX: 2147483647
10-06 14:52:22.974 19272 19306 I GMS_MM_Logger: (REDACTED) Start time: %s
10-06 14:52:22.974 19272 19306 I GMS_MM_Logger: Started.
10-06 14:52:22.989 19110 19165 I aomi.misetting: ProcessProfilingInfo new_methods=0 is saved saved_to_disk=0 resolve_classes_delay=8000
10-06 14:52:23.086 19272 19314 I TracingHelper: (REDACTED) Mismatched RequestContext found for module %s. Module id from RequestContext is %s
10-06 14:52:23.166 19272 19314 I GmsCoreXrpcWrapper: (REDACTED) Returning a channel provider with trafficStatsTag=%d trafficStatsUid=%d
10-06 14:52:23.176 18848 18848 D BoundBrokerSvc: onRebind: Intent { act=com.google.android.gms.libs.gmscorelogger.service.START dat=chimera-action: cmp=com.google.android.gms/.chimera.PersistentDirectBootAwareApiService }
10-06 14:52:23.296 18848 18823 I SyncManager: (REDACTED) Executing sync(type=%s%s)
10-06 14:52:23.312 18848 18823 I SyncManager: (REDACTED) Executing sync(type=%s) finished in %s
10-06 14:52:23.870 18845 18845 D SecurityCenter: ImageLoader clear memory info
10-06 14:52:23.988 19331 19331 F linker  : CANNOT LINK EXECUTABLE "/system/bin/dpmd": "/system/lib64/libdpmframework.so" is 32-bit instead of 64-bit
10-06 14:52:24.200 19189 19218 I shubhlabh.orde: ProcessProfilingInfo new_methods=10857 is saved saved_to_disk=1 resolve_classes_delay=8000
10-06 14:52:24.299  2070  2240 W MiuiGesturePointerEventListener: onActionDown end: mGestureStatus = 0
10-06 14:52:24.306   708   708 E VibratorService: zjl vibrator on 10ms
10-06 14:52:24.402  2070  4630 D WificondControl: Scan result ready event
10-06 14:52:24.403  1382  2249 I LOWI-8.6.0.26: [LOWI-Scan] lowi_close_record:Scan done in 462047500ms, 4 APs in scan results
10-06 14:52:24.404  1382  1465 I LOWI-8.6.0.26: [LOWIController] processMeasurementResults: Results for Req 0x0.Current Req GTP-FDAL_18
10-06 14:52:24.404  1382  1465 I LOWI-8.6.0.26: [LOWIUtils] responseToOutPostcard - TO: XT-CS, FROM:   LOWI-SERVER, RESP:  LOWI_ASYNC_DISCOVERY_SCAN_RESULTS
10-06 14:52:24.481 18848 19689 I cn_CronetUrlRequestContext: destroyNativeStreamLocked org.chromium.net.impl.CronetBidirectionalStream@ed2ad7f
10-06 14:52:24.484 19204 19231 I .android.camer: ProcessProfilingInfo new_methods=0 is saved saved_to_disk=0 resolve_classes_delay=8000
10-06 14:52:24.504  2070  4630 I ActivityManager: Killing 16311:com.android.chrome:sandboxed_process0/u0a154i380 (adj 906): empty #17
10-06 14:52:24.506  2070  2099 W libprocessgroup: Failed to open process cgroup uid 99380 pid 16311: No such file or directory
10-06 14:52:24.506  2070  2099 E libprocessgroup: Error encountered killing process cgroup uid 99380 pid 16311: No such file or directory
10-06 14:52:24.526  2070  4630 W ActivityManager: Scheduling restart of crashed service com.miui.android.fashiongallery/org.chromium.content.app.SandboxedProcessService0 in 1000ms
10-06 14:52:24.530  2318  2318 I Zygote  : Process 16311 exited due to signal (9)
10-06 14:52:24.530 17402 17413 D ProcessObserverV8: onProcessDied:pid = 16311,died-uid=10154
10-06 14:52:24.537 16195 16309 W cr_ChildProcessConn: onServiceDisconnected (crash or killed by oom): pid=0 bindings:WV  
10-06 14:52:24.699   744   813 W SurfaceFlinger: Attempting to set client state on removed layer: Autofill UI#0
10-06 14:52:24.699   744   813 W SurfaceFlinger: Attempting to destroy on removed layer: Autofill UI#0
10-06 14:52:24.925  2070  4389 V LocSvc_HIDL_Subscription_jni: battery_level_update
10-06 14:52:24.925  2070  4389 V LocSvc_HIDL_Subscription_jni: [battery_level_update][931] [HC] =>> [HS]
10-06 14:52:24.926  2681  2681 D QtiCarrierConfigHelper: WARNING, no carrier configs on phone Id: 0
10-06 14:52:24.926  2070  2102 E UsbDeviceManager: handle message = 9
10-06 14:52:24.927 18372 18372 I BatteryInfoReceiver: ACTION_BATTERY_CHANGED
10-06 14:52:24.927  4666  4994 D PowerCheckerService: onBatteryChanged, mBatteryLevel = 100, status = 2, level = 100, plug = 1, scale = 100
10-06 14:52:24.928  2289  2289 D KeyguardUpdateMonitor: received broadcast android.intent.action.BATTERY_CHANGED
10-06 14:52:24.928   714   714 V LocSvc_HIDL_IzatSubscription: [batteryLevelUpdate][777] [HS] <<<<= [HC]
10-06 14:52:24.928  2070  4389 V LocSvc_HIDL_Subscription_jni: Exit Result 0
10-06 14:52:24.957  2070  2095 D CompatibilityInfo: mCompatibilityFlags - 0
10-06 14:52:24.957  2070  2095 D CompatibilityInfo: applicationDensity - 440
10-06 14:52:24.957  2070  2095 D CompatibilityInfo: applicationScale - 1.0
10-06 14:52:25.025  2070  4630 D CompatibilityInfo: mCompatibilityFlags - 0
10-06 14:52:25.025  2070  4630 D CompatibilityInfo: applicationDensity - 440
10-06 14:52:25.025  2070  4630 D CompatibilityInfo: applicationScale - 1.0
10-06 14:52:25.034 18848 19322 I NetworkScheduler.Stats: (REDACTED) Task %s/%s started execution. cause:%s exec_start_elapsed_seconds: %s
10-06 14:52:25.054 18848 18833 I PlayGamesServices[GamesSyncAdapter]: Starting sync for 4637a63f
10-06 14:52:25.057 18848 18833 I PlayGamesServices[GamesSyncAdapter]: Sync duration for 4637a63f: 2
10-06 14:52:25.067 18848 19321 I NetworkScheduler.Stats: (REDACTED) Task %s/%s finished executing. cause:%s result: %s elapsed_millis: %s uptime_millis: %s exec_start_elapsed_seconds: %s
10-06 14:52:25.067  2070  4630 D CompatibilityInfo: mCompatibilityFlags - 0
10-06 14:52:25.067  2070  4630 D CompatibilityInfo: applicationDensity - 440
10-06 14:52:25.067  2070  4630 D CompatibilityInfo: applicationScale - 1.0
10-06 14:52:25.086 18848 30504 W PlayGamesServices[UiUtils]: AppVersion: Cannot find the installed destination app.
10-06 14:52:25.090 18848 30504 I GetServiceValidatorImpl: (REDACTED) onGetService() from Client SDK version [%s], Module version [%s], PGA version [%s], Account [%s], Calling package [%s], Game package [%s]
10-06 14:52:25.093 18848 30504 I GetGamesServiceReqFacto: (REDACTED) Parsing request with ignored arguments. signInOptionsBundle [%s], isRetryingSignIn [%s], skipWelcomePopup [%s], requireGooglePlus [%s]
10-06 14:52:25.094 18848 30504 I GetGamesServiceReqFacto: Replacing request for `games` scope with `games_lite`
10-06 14:52:25.098  2070  7360 D CompatibilityInfo: mCompatibilityFlags - 0
10-06 14:52:25.098  2070  7360 D CompatibilityInfo: applicationDensity - 440
10-06 14:52:25.098  2070  7360 D CompatibilityInfo: applicationScale - 1.0
10-06 14:52:25.109 18848 19336 I SignInPerformer-6: (REDACTED) Handling request [%s], isFirstPartyCaller [%s]
10-06 14:52:25.112 18848 19336 I SignInPerformer-6: Successfully brokered first-party unauthenticated GamesService [CONTEXT service_id=1 ]
10-06 14:52:25.115 18848 19336 I GetGamesServiceV2Op: (REDACTED) Successfully brokered GamesService for request %s
10-06 14:52:25.120 18848 30504 W PlayGamesServices[UiUtils]: AppVersion: Cannot find the installed destination app.
10-06 14:52:25.121 18848 30504 W PlayGamesServices[UiUtils]: AppVersionName: Cannot find the installed destination app.
10-06 14:52:25.122  2070  7360 D CompatibilityInfo: mCompatibilityFlags - 0
10-06 14:52:25.122  2070  7360 D CompatibilityInfo: applicationDensity - 440
10-06 14:52:25.122  2070  7360 D CompatibilityInfo: applicationScale - 1.0
10-06 14:52:25.129 18848 18833 I NetworkScheduler.Stats: (REDACTED) Task %s/%s started execution. cause:%s exec_start_elapsed_seconds: %s
10-06 14:52:25.166 18848 19321 I NetworkScheduler.Stats: (REDACTED) Task %s/%s started execution. cause:%s exec_start_elapsed_seconds: %s
10-06 14:52:25.175 18848 19322 I NetworkScheduler.Stats: (REDACTED) Task %s/%s finished executing. cause:%s result: %s elapsed_millis: %s uptime_millis: %s exec_start_elapsed_seconds: %s
10-06 14:52:25.252  2070  2110 I PackageManager.DexOptimizer: Running dexopt (dexoptNeeded=-3) on: /data/app/com.shubhlabh.order-xefKiv_2dJ8JsnCojcVblQ==/base.apk pkg=com.shubhlabh.order isa=arm64 dexoptFlags=boot_complete,profile_guided,enable_hidden_api_checks targetFilter=speed-profile oatDir=/data/app/com.shubhlabh.order-xefKiv_2dJ8JsnCojcVblQ==/oat classLoaderContext=PCL[]
10-06 14:52:25.253  1221  9334 V installed: DexInv: --- BEGIN '/data/app/com.shubhlabh.order-xefKiv_2dJ8JsnCojcVblQ==/base.apk' ---
10-06 14:52:25.335  2070  2240 W MiuiGesturePointerEventListener: onActionDown end: mGestureStatus = 0
10-06 14:52:25.339   708   708 E VibratorService: zjl vibrator on 10ms
10-06 14:52:25.475 19340 19340 I dex2oat : /system/bin/dex2oat --input-vdex-fd=20 --output-vdex-fd=21 --compiler-filter=speed-profile -j6 --profile-file-fd=24 --classpath-dir=/data/app/com.shubhlabh.order-xefKiv_2dJ8JsnCojcVblQ== --class-loader-context=PCL[] --generate-mini-debug-info --compilation-reason=unknown
10-06 14:52:25.477  2070  2102 E UsbDeviceManager: handle message = 9
10-06 14:52:25.477 19340 19340 W dex2oat : Could not reserve sentinel fault page
10-06 14:52:25.478  2681  2681 D QtiCarrierConfigHelper: WARNING, no carrier configs on phone Id: 0
10-06 14:52:25.479  2070  4389 V LocSvc_HIDL_Subscription_jni: battery_level_update
10-06 14:52:25.479  2070  4389 V LocSvc_HIDL_Subscription_jni: [battery_level_update][931] [HC] =>> [HS]
10-06 14:52:25.480   714   714 V LocSvc_HIDL_IzatSubscription: [batteryLevelUpdate][777] [HS] <<<<= [HC]
10-06 14:52:25.480  2070  4389 V LocSvc_HIDL_Subscription_jni: Exit Result 0
10-06 14:52:25.480  2289  2289 D KeyguardUpdateMonitor: received broadcast android.intent.action.BATTERY_CHANGED
10-06 14:52:25.483 18372 18372 I BatteryInfoReceiver: ACTION_BATTERY_CHANGED
10-06 14:52:25.484  4666  4994 D PowerCheckerService: onBatteryChanged, mBatteryLevel = 100, status = 2, level = 100, plug = 1, scale = 100
10-06 14:52:25.550  2070  5929 I OpenGLRenderer: Initialized EGL, version 1.4
10-06 14:52:25.551  2070  5929 D OpenGLRenderer: Swap behavior 2
10-06 14:52:25.950  2070  2240 W MiuiGesturePointerEventListener: onActionDown end: mGestureStatus = 0
10-06 14:52:25.953   708   708 E VibratorService: zjl vibrator on 10ms
10-06 14:52:25.985  2070  2185 D NtpTrustedTime: currentTimeMillis() cache hit
10-06 14:52:26.018  2070  2185 D NtpTrustedTime: currentTimeMillis() cache hit
10-06 14:52:26.021 18372 18500 I TrafficManageService: mina mTrafficStatsReceiver onReceive
10-06 14:52:26.041  2643  6285 I DPMJ    : |REQ:RCVR| DPM creating socket
10-06 14:52:26.317  2070  2096 W MiuiGesturePointerEventListener: will ignore multi-touch event
10-06 14:52:26.317  2070  2240 W MiuiGesturePointerEventListener: onActionDown end: mGestureStatus = 0
10-06 14:52:26.322   708   708 E VibratorService: zjl vibrator on 10ms
10-06 14:52:26.324   708   708 E VibratorService: zjl vibrator on 10ms
10-06 14:52:26.334   744   813 W SurfaceFlinger: Attempting to set client state on removed layer: Autofill UI#0
10-06 14:52:26.334   744   813 W SurfaceFlinger: Attempting to destroy on removed layer: Autofill UI#0
10-06 14:52:26.554   708   708 E VibratorService: zjl vibrator on 10ms
10-06 14:52:26.786   708   708 E VibratorService: zjl vibrator on 10ms
10-06 14:52:26.799 21725 21725 W Choreographer: OPTS_INPUT: First frame was drawed before optimized, so skip!
10-06 14:52:26.549  2070  2240 I chatty  : uid=1000(system) MiuiGestureCont identical 1 line
10-06 14:52:26.782  2070  2240 W MiuiGesturePointerEventListener: onActionDown end: mGestureStatus = 0
10-06 14:52:27.077  2070  7832 I ActivityManager: Killing 16522:com.android.chrome:sandboxed_process0/99381 (adj 906): empty #17
10-06 14:52:27.078  2070  2099 W libprocessgroup: Failed to open process cgroup uid 99381 pid 16522: No such file or directory
10-06 14:52:27.078  2070  2099 E libprocessgroup: Error encountered killing process cgroup uid 99381 pid 16522: No such file or directory
10-06 14:52:27.066   702   702 W memtrack@1.0-se: type=1400 audit(0.0:38376): avc: denied { read } for name="mem" dev="debugfs" ino=5160852 scontext=u:r:hal_memtrack_default:s0 tcontext=u:object_r:qti_debugfs:s0 tclass=file permissive=0
10-06 14:52:27.104  2070  7832 I AutoStartManagerService: MIUILOG- Reject RestartService packageName :com.android.thememanager uid : 9801
10-06 14:52:27.066   702   702 W memtrack@1.0-se: type=1400 audit(0.0:38377): avc: denied { read } for name="mem" dev="debugfs" ino=5160852 scontext=u:r:hal_memtrack_default:s0 tcontext=u:object_r:qti_debugfs:s0 tclass=file permissive=0
10-06 14:52:27.104 16377 16520 W cr_ChildProcessConn: onServiceDisconnected (crash or killed by oom): pid=0 bindings:WV  
10-06 14:52:27.105 17402 17413 D ProcessObserverV8: onProcessDied:pid = 16522,died-uid=9801
10-06 14:52:27.116  2318  2318 I Zygote  : Process 16522 exited due to signal (9)
10-06 14:52:27.565  2070  2240 W MiuiGesturePointerEventListener: onActionDown end: mGestureStatus = 0
10-06 14:52:27.569   708   708 E VibratorService: zjl vibrator on 10ms
10-06 14:52:27.747  2070  2102 I ActivityManager: Killing 16195:com.miui.android.fashiongallery/u0a154 (adj 906): empty #17
10-06 14:52:27.748  2070  2099 W libprocessgroup: kill(-16195, 9) failed: No such process
10-06 14:52:27.765  2070  2240 W MiuiGesturePointerEventListener: onActionDown end: mGestureStatus = 0
10-06 14:52:27.760  2070  2099 I chatty  : uid=1000(system) ActivityManager identical 2 lines
10-06 14:52:27.766  2070  2099 W libprocessgroup: kill(-16195, 9) failed: No such process
10-06 14:52:27.769   708   708 E VibratorService: zjl vibrator on 10ms
10-06 14:52:27.771  2070  2099 W libprocessgroup: kill(-16195, 9) failed: No such process
10-06 14:52:27.776  2070  2099 I chatty  : uid=1000(system) ActivityManager identical 1 line
10-06 14:52:27.782  2070  2099 W libprocessgroup: kill(-16195, 9) failed: No such process
10-06 14:52:27.782 21725 21725 W Choreographer: OPTS_INPUT: First frame was drawed before optimized, so skip!
10-06 14:52:27.787  2070  2099 W libprocessgroup: kill(-16195, 9) failed: No such process
10-06 14:52:27.804  2070  7832 D ConnectivityService: ConnectivityService NetworkRequestInfo binderDied(NetworkRequest [ TRACK_DEFAULT id=3409, [ Capabilities: INTERNET&NOT_RESTRICTED&TRUSTED Unwanted:  Uid: 10154] ], android.os.BinderProxy@925fe48)
10-06 14:52:27.804  2070  3236 D ConnectivityService: ConnectivityService NetworkRequestInfo binderDied(NetworkRequest [ TRACK_DEFAULT id=3411, [ Capabilities: INTERNET&NOT_RESTRICTED&TRUSTED Unwanted:  Uid: 10154] ], android.os.BinderProxy@c5764e1)
10-06 14:52:27.804  2070  3238 D ConnectivityService: ConnectivityService NetworkRequestInfo binderDied(NetworkRequest [ LISTEN id=3412, [ Transports: WIFI Capabilities: NOT_RESTRICTED&TRUSTED&NOT_VPN&FOREGROUND Unwanted:  Uid: 10154] ], android.os.BinderProxy@8f8b206)
10-06 14:52:27.793  2070  2099 I chatty  : uid=1000(system) ActivityManager identical 1 line
10-06 14:52:27.800  2070  2099 W libprocessgroup: kill(-16195, 9) failed: No such process
10-06 14:52:27.805 17402 17413 D ProcessObserverV8: onProcessDied:pid = 16195,died-uid=10154
10-06 14:52:27.806  2070  2099 W libprocessgroup: kill(-16195, 9) failed: No such process
10-06 14:52:27.808  2824  2824 D QcrilMsgTunnelIfaceManager: handleMessage what = 1
10-06 14:52:27.810  2824  2824 I QcrilOemhookMsgTunnel: [0]invokeOemRilRequestRaw: serial=9277 length=24
10-06 14:52:27.810  1212  1212 I Zygote  : Process 16195 exited due to signal (9)
10-06 14:52:27.811  2824  2862 I QcrilOemhookMsgTunnel: [0]processOemHookResponse serial no: 9277 error: 0length=0
10-06 14:52:27.812  2824  2824 D QcrilMsgTunnelIfaceManager: handleMessage what = 2
10-06 14:52:27.812  2070  2099 W libprocessgroup: kill(-16195, 9) failed: No such process
10-06 14:52:27.812  2070  2099 I libprocessgroup: Successfully killed process cgroup uid 10154 pid 16195 in 63ms
10-06 14:52:27.813  2824  2824 D QcrilMsgTunnelIfaceManager: handleMessage what = 1
10-06 14:52:27.814  2824  2862 I QcrilOemhookMsgTunnel: [0]processOemHookIndication length=28
10-06 14:52:27.814  2824  2824 I QcrilOemhookMsgTunnel: [1]invokeOemRilRequestRaw: serial=9278 length=24
10-06 14:52:27.814  2824  2824 D QcrilMsgTunnelIfaceManager: handleMessage what = 0
10-06 14:52:27.815  2824  2862 I QcrilOemhookMsgTunnel: [1]processOemHookResponse serial no: 9278 error: 0length=0
10-06 14:52:27.816  2824  2824 D QcrilMsgTunnelIfaceManager: handleMessage what = 2
10-06 14:52:27.817  2824  2862 I QcrilOemhookMsgTunnel: [1]processOemHookIndication length=28
10-06 14:52:27.818  2824  2824 D QcrilMsgTunnelIfaceManager: handleMessage what = 0
10-06 14:52:27.821  2824  2824 D QcrilMsgTunnelIfaceManager: handleMessage what = 1
10-06 14:52:27.822  2824  2824 I QcrilOemhookMsgTunnel: [0]invokeOemRilRequestRaw: serial=9279 length=24
10-06 14:52:27.823  2824  2862 I QcrilOemhookMsgTunnel: [0]processOemHookResponse serial no: 9279 error: 0length=0
10-06 14:52:27.823  2824  2824 D QcrilMsgTunnelIfaceManager: handleMessage what = 2
10-06 14:52:27.824  2824  2862 I QcrilOemhookMsgTunnel: [0]processOemHookIndication length=28
10-06 14:52:27.824  2824  2824 D QcrilMsgTunnelIfaceManager: handleMessage what = 1
10-06 14:52:27.825  2824  2824 I QcrilOemhookMsgTunnel: [1]invokeOemRilRequestRaw: serial=9280 length=24
10-06 14:52:27.826  2824  2824 D QcrilMsgTunnelIfaceManager: handleMessage what = 0
10-06 14:52:27.827  2824  2862 I QcrilOemhookMsgTunnel: [1]processOemHookResponse serial no: 9280 error: 0length=0
10-06 14:52:27.827  2824  2824 D QcrilMsgTunnelIfaceManager: handleMessage what = 2
10-06 14:52:27.828  2824  2862 I QcrilOemhookMsgTunnel: [1]processOemHookIndication length=28
10-06 14:52:27.829  2824  2824 D QcrilMsgTunnelIfaceManager: handleMessage what = 0
10-06 14:52:27.916  2070  2240 W MiuiGesturePointerEventListener: onActionDown end: mGestureStatus = 0
10-06 14:52:27.919   708   708 E VibratorService: zjl vibrator on 10ms
10-06 14:52:28.043 18848 18848 D BoundBrokerSvc: onUnbind: Intent { act=com.google.android.gms.measurement.START pkg=com.google.android.gms }
10-06 14:52:28.922   708   708 E VibratorService: zjl vibrator on 10ms
10-06 14:52:28.992 19372 19372 F linker  : CANNOT LINK EXECUTABLE "/system/bin/dpmd": "/system/lib64/libdpmframework.so" is 32-bit instead of 64-bit
10-06 14:52:29.320   708   708 E VibratorService: zjl vibrator on 10ms
10-06 14:52:29.383 31477 19080 I .miui.analytic: Explicit concurrent copying GC freed 4710(463KB) AllocSpace objects, 4(208KB) LOS objects, 50% free, 1987KB/3MB, paused 70us total 19.360ms
10-06 14:52:29.537   739  2755 V APM_AudioPolicyManager: AudioPolicyManager:setRecordSilenced(uid:10073, silenced:0)
10-06 14:52:29.537   739  2755 V AudioFlinger: AudioFlinger::setRecordSilenced(uid:10073, silenced:0)
10-06 14:52:29.549  2070  2219 D CompatibilityInfo: mCompatibilityFlags - 0
10-06 14:52:29.549  2070  2219 D CompatibilityInfo: applicationDensity - 440
10-06 14:52:29.549  2070  2219 D CompatibilityInfo: applicationScale - 1.0
10-06 14:52:29.563 18376 18376 I Finsky  : [2] SCH: job service start with id 9747.
10-06 14:52:29.594 18376 18449 I Finsky  : [18433] SCH: Scheduling phonesky job Id: 1-1337, CT: 1791278436088, Constraints: [{ L: 43169351, D: 86369351, C: CHARGING_NONE, I: IDLE_NONE, N: NET_ANY, B: BATTERY_ANY }]
10-06 14:52:29.594 18376 18449 I Finsky  : [18433] SCH: Scheduling phonesky job Id: 12-1, CT: 1791278534702, Constraints: [{ L: 15000, D: 86400000, C: CHARGING_NONE, I: IDLE_NONE, N: NET_ANY, B: BATTERY_ANY }]
10-06 14:52:29.594 18376 18449 I Finsky  : [18433] SCH: Scheduling phonesky job Id: 34-5686, CT: 1791237883933, Constraints: [{ L: 604800000, D: 2488505117, C: CHARGING_NONE, I: IDLE_NONE, N: NET_ANY, B: BATTERY_ANY }]
10-06 14:52:29.594 18376 18449 I Finsky  : [18433] SCH: Scheduling phonesky job Id: 34-5690, CT: 1791237883934, Constraints: [{ L: 604800000, D: 2567728709, C: CHARGING_NONE, I: IDLE_NONE, N: NET_ANY, B: BATTERY_ANY }]
10-06 14:52:29.594 18376 18449 I Finsky  : [18433] SCH: Scheduling phonesky job Id: 34-5693, CT: 1791237883937, Constraints: [{ L: 54928377, D: 1350928377, C: CHARGING_NONE, I: IDLE_NONE, N: NET_ANY, B: BATTERY_ANY }]
10-06 14:52:29.599 18376 18446 I Finsky  : [18431] SCH: Scheduling 1 system job(s)
10-06 14:52:29.600 18376 18446 I Finsky  : [18431] SCH: Scheduling system job Id: 9753, L: 0, D: 86255839, C: false, I: false, N: 1
10-06 14:52:29.603 18376 18376 I Finsky  : [2] SCH: job service start with id 9753.
10-06 14:52:29.607 18376 19383 I Finsky  : [18532] SCH: job service finished with id 9747.
10-06 14:52:29.618 18376 18432 I Finsky  : [18426] SCH: Scheduling phonesky job Id: 1-1337, CT: 1791278436088, Constraints: [{ L: 43169351, D: 86369351, C: CHARGING_NONE, I: IDLE_NONE, N: NET_ANY, B: BATTERY_ANY }]
10-06 14:52:29.618 18376 18432 I Finsky  : [18426] SCH: Scheduling phonesky job Id: 12-1, CT: 1791278534702, Constraints: [{ L: 15000, D: 86400000, C: CHARGING_NONE, I: IDLE_NONE, N: NET_ANY, B: BATTERY_ANY }]
10-06 14:52:29.619 18376 18432 I Finsky  : [18426] SCH: Scheduling phonesky job Id: 34-5686, CT: 1791237883933, Constraints: [{ L: 604800000, D: 2488505117, C: CHARGING_NONE, I: IDLE_NONE, N: NET_ANY, B: BATTERY_ANY }]
10-06 14:52:29.619 18376 18432 I Finsky  : [18426] SCH: Scheduling phonesky job Id: 34-5690, CT: 1791237883934, Constraints: [{ L: 604800000, D: 2567728709, C: CHARGING_NONE, I: IDLE_NONE, N: NET_ANY, B: BATTERY_ANY }]
10-06 14:52:29.619 18376 18432 I Finsky  : [18426] SCH: Scheduling phonesky job Id: 34-5693, CT: 1791237883937, Constraints: [{ L: 54928377, D: 1350928377, C: CHARGING_NONE, I: IDLE_NONE, N: NET_ANY, B: BATTERY_ANY }]
10-06 14:52:29.628 18376 18445 I Finsky  : [18430] SCH: Scheduling 1 system job(s)
10-06 14:52:29.628 18376 18445 I Finsky  : [18430] SCH: Scheduling system job Id: 9758, L: 0, D: 86255811, C: false, I: false, N: 1
10-06 14:52:29.631 18376 18376 I Finsky  : [2] SCH: job service start with id 9758.
10-06 14:52:29.645 18376 19383 I Finsky  : [18532] SCH: job service finished with id 9753.
10-06 14:52:29.652 18376 18432 I Finsky  : [18426] SCH: Scheduling phonesky job Id: 1-1337, CT: 1791278436088, Constraints: [{ L: 43169351, D: 86369351, C: CHARGING_NONE, I: IDLE_NONE, N: NET_ANY, B: BATTERY_ANY }]
10-06 14:52:29.652 18376 18432 I Finsky  : [18426] SCH: Scheduling phonesky job Id: 12-1, CT: 1791278534702, Constraints: [{ L: 15000, D: 86400000, C: CHARGING_NONE, I: IDLE_NONE, N: NET_ANY, B: BATTERY_ANY }]
10-06 14:52:29.653 18376 18432 I Finsky  : [18426] SCH: Scheduling phonesky job Id: 34-5686, CT: 1791237883933, Constraints: [{ L: 604800000, D: 2488505117, C: CHARGING_NONE, I: IDLE_NONE, N: NET_ANY, B: BATTERY_ANY }]
10-06 14:52:29.653 18376 18432 I Finsky  : [18426] SCH: Scheduling phonesky job Id: 34-5690, CT: 1791237883934, Constraints: [{ L: 604800000, D: 2567728709, C: CHARGING_NONE, I: IDLE_NONE, N: NET_ANY, B: BATTERY_ANY }]
10-06 14:52:29.653 18376 18432 I Finsky  : [18426] SCH: Scheduling phonesky job Id: 34-5693, CT: 1791237883937, Constraints: [{ L: 54928377, D: 1350928377, C: CHARGING_NONE, I: IDLE_NONE, N: NET_ANY, B: BATTERY_ANY }]
10-06 14:52:29.658 18376 18449 I Finsky  : [18433] SCH: Scheduling 1 system job(s)
10-06 14:52:29.658 18376 18449 I Finsky  : [18433] SCH: Scheduling system job Id: 9763, L: 0, D: 86255781, C: false, I: false, N: 1
10-06 14:52:29.662 18376 18376 I Finsky  : [2] SCH: job service start with id 9763.
10-06 14:52:29.667 18376 19383 I Finsky  : [18532] SCH: job service finished with id 9758.
10-06 14:52:29.676 18376 18446 I Finsky  : [18431] SCH: Scheduling phonesky job Id: 1-1337, CT: 1791278436088, Constraints: [{ L: 43169351, D: 86369351, C: CHARGING_NONE, I: IDLE_NONE, N: NET_ANY, B: BATTERY_ANY }]
10-06 14:52:29.677 18376 18446 I Finsky  : [18431] SCH: Scheduling phonesky job Id: 12-1, CT: 1791278534702, Constraints: [{ L: 15000, D: 86400000, C: CHARGING_NONE, I: IDLE_NONE, N: NET_ANY, B: BATTERY_ANY }]
10-06 14:52:29.677 18376 18446 I Finsky  : [18431] SCH: Scheduling phonesky job Id: 34-5686, CT: 1791237883933, Constraints: [{ L: 604800000, D: 2488505117, C: CHARGING_NONE, I: IDLE_NONE, N: NET_ANY, B: BATTERY_ANY }]
10-06 14:52:29.677 18376 18446 I Finsky  : [18431] SCH: Scheduling phonesky job Id: 34-5690, CT: 1791237883934, Constraints: [{ L: 604800000, D: 2567728709, C: CHARGING_NONE, I: IDLE_NONE, N: NET_ANY, B: BATTERY_ANY }]
10-06 14:52:29.677 18376 18446 I Finsky  : [18431] SCH: Scheduling phonesky job Id: 34-5693, CT: 1791237883937, Constraints: [{ L: 54928377, D: 1350928377, C: CHARGING_NONE, I: IDLE_NONE, N: NET_ANY, B: BATTERY_ANY }]
10-06 14:52:29.683 18376 18432 I Finsky  : [18426] SCH: Scheduling 1 system job(s)
10-06 14:52:29.683 18376 18432 I Finsky  : [18426] SCH: Scheduling system job Id: 9768, L: 0, D: 86255756, C: false, I: false, N: 1
10-06 14:52:29.688 18376 18376 I Finsky  : [2] SCH: job service start with id 9768.
10-06 14:52:29.694 18376 19383 I Finsky  : [18532] SCH: job service finished with id 9763.
10-06 14:52:29.702 18376 19084 I Finsky  : [18527] SCH: Satisfied jobs for 9768 are: 12-1
10-06 14:52:29.704 18376 19383 I Finsky  : [18532] SCH: Job 12-1 starting
10-06 14:52:29.705 18376 18376 I Finsky  : [2] WM::SCH: Logging work start for 12-1
10-06 14:52:29.705 18376 18376 I Finsky  : [2] [ContentSync] job started
10-06 14:52:29.713 18376 19384 I Finsky  : [18533] PSR: Package cache is empty, setup cache.
10-06 14:52:29.781 19340 19340 W dex2oat : Accessing hidden method Landroid/content/res/Resources$Theme;->rebase()V (dark greylist, linking)
10-06 14:52:29.792 19340 19374 W dex2oat : Accessing hidden method Landroid/os/Parcel;->writeBoolean(Z)V (dark greylist, linking)
10-06 14:52:29.809 19340 19380 W dex2oat : Accessing hidden method Landroid/view/accessibility/AccessibilityNodeInfo$RangeInfo;-><init>(IFFF)V (dark greylist, linking)
10-06 14:52:29.811 19340 19377 W dex2oat : Accessing hidden method Landroid/view/accessibility/AccessibilityWindowInfo;-><init>()V (dark greylist, linking)
10-06 14:52:29.898 19340 19374 W dex2oat : Accessing hidden method Landroid/view/View;->setTransitionVisibility(I)V (dark greylist, linking)
10-06 14:52:29.900 19340 19378 W dex2oat : Accessing hidden method Landroid/view/View;->setTransitionVisibility(I)V (dark greylist, linking)
10-06 14:52:29.978 19340 19374 W dex2oat : Accessing hidden method Landroid/icu/text/DecimalFormat;->setSignAlwaysShown(Z)V (dark greylist, linking)
10-06 14:52:29.978 19340 19374 W dex2oat : Accessing hidden method Landroid/icu/text/DecimalFormat;->setSignAlwaysShown(Z)V (dark greylist, linking)
10-06 14:52:30.043  2643  6285 I DPMJ    : |REQ:RCVR| DPM creating socket
10-06 14:52:30.075 18848 18848 D BoundBrokerSvc: onUnbind: Intent { act=com.google.android.gms.feedback.internal.IFeedbackService dat=chimera-action: cmp=com.google.android.gms/.chimera.GmsBoundBrokerService }
10-06 14:52:30.127 18848 18823 I NearbyMediums: No BLE Fast/GATT advertisements found in the latest cycle.
10-06 14:52:30.127 18848 18823 I NearbyMediums: Current Tracked Scanning Clients are : {NearbyConnections.EnvironmentMonitor, NearbySharing}
10-06 14:52:30.615   708   708 E VibratorService: zjl vibrator on 10ms
10-06 14:52:31.060 18848 18833 I NetworkScheduler.Stats: (REDACTED) Task %s/%s finished executing. cause:%s result: %s elapsed_millis: %s uptime_millis: %s exec_start_elapsed_seconds: %s
10-06 14:52:31.706   708   708 E VibratorService: zjl vibrator on 10ms
10-06 14:52:31.719 19340 19378 I dex2oat : Method exceeds compiler instruction limit: 16512 in expo.modules.kotlin.modules.ModuleDefinitionData expo.modules.filesystem.FileSystemModule.definition()
10-06 14:52:31.967 19340 19378 W dex2oat : Compilation of expo.modules.kotlin.modules.ModuleDefinitionData expo.modules.filesystem.legacy.FileSystemLegacyModule.definition() took 244.121ms
10-06 14:52:31.989 19340 19374 W dex2oat : Compilation of expo.modules.kotlin.modules.ModuleDefinitionData expo.modules.location.LocationModule.definition() took 118.803ms
10-06 14:52:32.729 18376 18376 I Finsky  : [2] App states replicator found 46 unowned apps
10-06 14:52:32.753 18376 18449 I Finsky  : [18433] Completed 0 account content syncs with 0 successful.
10-06 14:52:32.753 18376 18376 I Finsky  : [2] [ContentSync] Installation state replication succeeded.
10-06 14:52:32.753 18376 18376 I Finsky  : [2] SCH: jobFinished: 12-1. TimeElapsed: 3049ms.
10-06 14:52:32.754 18376 18376 I Finsky  : [2] WM::SCH: Logging work end for 12-1
10-06 14:52:32.768   708   708 E VibratorService: zjl vibrator on 10ms
10-06 14:52:32.784 21725 21725 W Choreographer: OPTS_INPUT: First frame was drawed before optimized, so skip!
10-06 14:52:32.793 18376 18449 I Finsky  : [18433] SCH: Scheduling phonesky job Id: 1-1337, CT: 1791278436088, Constraints: [{ L: 43169351, D: 86369351, C: CHARGING_NONE, I: IDLE_NONE, N: NET_ANY, B: BATTERY_ANY }]
10-06 14:52:32.794 18376 18449 I Finsky  : [18433] SCH: Scheduling phonesky job Id: 34-5686, CT: 1791237883933, Constraints: [{ L: 604800000, D: 2488505117, C: CHARGING_NONE, I: IDLE_NONE, N: NET_ANY, B: BATTERY_ANY }]
10-06 14:52:32.794 18376 18449 I Finsky  : [18433] SCH: Scheduling phonesky job Id: 34-5690, CT: 1791237883934, Constraints: [{ L: 604800000, D: 2567728709, C: CHARGING_NONE, I: IDLE_NONE, N: NET_ANY, B: BATTERY_ANY }]
10-06 14:52:32.794 18376 18449 I Finsky  : [18433] SCH: Scheduling phonesky job Id: 34-5693, CT: 1791237883937, Constraints: [{ L: 54928377, D: 1350928377, C: CHARGING_NONE, I: IDLE_NONE, N: NET_ANY, B: BATTERY_ANY }]
10-06 14:52:32.798 18376 18445 I Finsky  : [18430] SCH: Scheduling 1 system job(s)
10-06 14:52:32.799 18376 18445 I Finsky  : [18430] SCH: Scheduling system job Id: 9773, L: 14259516, D: 86252641, C: false, I: false, N: 1
10-06 14:52:32.803 18376 19383 I Finsky  : [18532] SCH: job service finished with id 9768.
10-06 14:52:31.702  2070  2240 I chatty  : uid=1000(system) MiuiGestureCont identical 4 lines
10-06 14:52:32.766  2070  2240 W MiuiGesturePointerEventListener: onActionDown end: mGestureStatus = 0
10-06 14:52:32.810  2070  3233 I ActivityManager: Killing 16377:com.android.thememanager/9801 (adj 906): empty #17
10-06 14:52:32.814  2070  2099 W libprocessgroup: kill(-16377, 9) failed: No such process
10-06 14:52:32.859  2070  2099 I chatty  : uid=1000(system) ActivityManager identical 8 lines
10-06 14:52:32.864  2070  2099 W libprocessgroup: kill(-16377, 9) failed: No such process
10-06 14:52:32.865 17402 17413 D ProcessObserverV8: onProcessDied:pid = 16377,died-uid=9801
10-06 14:52:32.865  1212  1212 I Zygote  : Process 16377 exited due to signal (9)
10-06 14:52:32.870  2070  2099 W libprocessgroup: kill(-16377, 9) failed: No such process
10-06 14:52:32.870  2070  2099 I libprocessgroup: Successfully killed process cgroup uid 9801 pid 16377 in 56ms
10-06 14:52:33.019   739  2755 V APM_AudioPolicyManager: AudioPolicyManager:setRecordSilenced(uid:10168, silenced:1)
10-06 14:52:33.019   739  2755 V AudioFlinger: AudioFlinger::setRecordSilenced(uid:10168, silenced:1)
10-06 14:52:33.050  2070  2240 W MiuiGesturePointerEventListener: onActionDown end: mGestureStatus = 0
10-06 14:52:33.055   708   708 E VibratorService: zjl vibrator on 10ms
10-06 14:52:33.111  2070  8307 D CompatibilityInfo: mCompatibilityFlags - 0
10-06 14:52:33.111  2070  8307 D CompatibilityInfo: applicationDensity - 440
10-06 14:52:33.111  2070  8307 D CompatibilityInfo: applicationScale - 1.0
10-06 14:52:33.287   708   708 E VibratorService: zjl vibrator on 10ms
10-06 14:52:33.452   708   708 E VibratorService: zjl vibrator on 10ms
10-06 14:52:33.702 19340 19340 W dex2oat : Accessing hidden method Landroid/content/res/Resources$Theme;->rebase()V (dark greylist, linking)
10-06 14:52:33.703 19340 19340 W dex2oat : Accessing hidden method Landroid/icu/text/DecimalFormat;->setSignAlwaysShown(Z)V (dark greylist, linking)
10-06 14:52:33.703 19340 19340 W dex2oat : Accessing hidden method Landroid/os/Parcel;->writeBoolean(Z)V (dark greylist, linking)
10-06 14:52:33.705 19340 19340 W dex2oat : Accessing hidden method Landroid/view/View;->setTransitionVisibility(I)V (dark greylist, linking)
10-06 14:52:34.006 19402 19402 F linker  : CANNOT LINK EXECUTABLE "/system/bin/dpmd": "/system/lib64/libdpmframework.so" is 32-bit instead of 64-bit
10-06 14:52:34.044  2643  6285 I DPMJ    : |REQ:RCVR| DPM creating socket
10-06 14:52:34.153   708   708 E VibratorService: zjl vibrator on 10ms
10-06 14:52:34.297 19340 19340 I dex2oat : Explicit concurrent copying GC freed 86097(16MB) AllocSpace objects, 0(0B) LOS objects, 73% free, 2MB/8MB, paused 82us total 28.620ms
10-06 14:52:35.352   708   708 E VibratorService: zjl vibrator on 10ms
10-06 14:52:36.113 19340 19340 I dex2oat : dex2oat took 10.784s (20.184s cpu) (threads: 6) arena alloc=16MB (17021024B) java alloc=2MB (2297264B) native alloc=37MB (39710168B) free=13MB (13767208B)
10-06 14:52:36.168  1221  9334 V installed: DexInv: --- END '/data/app/com.shubhlabh.order-xefKiv_2dJ8JsnCojcVblQ==/base.apk' (success) ---
10-06 14:52:34.151  2070  2240 I chatty  : uid=1000(system) MiuiGestureCont identical 3 lines
10-06 14:52:35.352  2070  2240 W MiuiGesturePointerEventListener: onActionDown end: mGestureStatus = 0
10-06 14:52:36.170  2070  2110 D com.android.server.pm.PackageManagerServiceInjector: FirstUseActivity packageName = com.shubhlabh.order is compiled using filter speed-profile, success = true
10-06 14:52:36.170  2070  2110 I com.android.server.pm.PackageManagerServiceInjector: FirstUseActivity Pinning optimized code com.shubhlabh.order
10-06 14:52:36.238  2070  2240 W MiuiGesturePointerEventListener: onActionDown end: mGestureStatus = 0
10-06 14:52:36.239   708   708 E VibratorService: zjl vibrator on 10ms
10-06 14:52:36.417  2070  2240 W MiuiGesturePointerEventListener: onActionDown end: mGestureStatus = 0
10-06 14:52:36.866  2070  2102 E UsbDeviceManager: handle message = 9
10-06 14:52:36.421   708   708 E VibratorService: zjl vibrator on 10ms
10-06 14:52:36.866  2070  4389 V LocSvc_HIDL_Subscription_jni: battery_level_update
10-06 14:52:36.867  2070  4389 V LocSvc_HIDL_Subscription_jni: [battery_level_update][931] [HC] =>> [HS]
10-06 14:52:36.867   714   714 V LocSvc_HIDL_IzatSubscription: [batteryLevelUpdate][777] [HS] <<<<= [HC]
10-06 14:52:36.867  2681  2681 D QtiCarrierConfigHelper: WARNING, no carrier configs on phone Id: 0
10-06 14:52:36.867  2070  4389 V LocSvc_HIDL_Subscription_jni: Exit Result 0
10-06 14:52:36.869  4666  4994 D PowerCheckerService: onBatteryChanged, mBatteryLevel = 100, status = 2, level = 100, plug = 1, scale = 100
10-06 14:52:36.869 18372 18372 I BatteryInfoReceiver: ACTION_BATTERY_CHANGED
10-06 14:52:36.870  2289  2289 D KeyguardUpdateMonitor: received broadcast android.intent.action.BATTERY_CHANGED
10-06 14:52:37.176   702   702 W memtrack@1.0-se: type=1400 audit(0.0:38378): avc: denied { read } for name="mem" dev="debugfs" ino=5160852 scontext=u:r:hal_memtrack_default:s0 tcontext=u:object_r:qti_debugfs:s0 tclass=file permissive=0
10-06 14:52:37.176   702   702 W memtrack@1.0-se: type=1400 audit(0.0:38379): avc: denied { read } for name="mem" dev="debugfs" ino=5160852 scontext=u:r:hal_memtrack_default:s0 tcontext=u:object_r:qti_debugfs:s0 tclass=file permissive=0
10-06 14:52:37.185 18848 18848 D BoundBrokerSvc: onUnbind: Intent { act=com.google.android.gms.wallet.service.BIND pkg=com.google.android.gms }
10-06 14:52:37.191 18848 18848 D BoundBrokerSvc: onUnbind: Intent { act=com.google.android.gms.auth.api.phone.service.SmsRetrieverApiService.START dat=chimera-action: cmp=com.google.android.gms/.chimera.GmsApiService }
10-06 14:52:37.465 18848 18848 D BoundBrokerSvc: onUnbind: Intent { act=com.google.android.gms.credential.manager.service.firstparty.START dat=chimera-action: cmp=com.google.android.gms/.chimera.GmsApiService }
10-06 14:52:37.587 18648 18721 W DpmTcmClient: Couldn't find 'tcm' socket after 120times. quit trying
10-06 14:52:37.651  2070  2240 W MiuiGesturePointerEventListener: onActionDown end: mGestureStatus = 0
10-06 14:52:37.657   708   708 E VibratorService: zjl vibrator on 10ms
10-06 14:52:37.734 18848 18848 D BoundBrokerSvc: onUnbind: Intent { act=com.google.android.gms.auth.api.credentials.internal_service.START dat=chimera-action: cmp=com.google.android.gms/.chimera.GmsInternalBoundBrokerService }
10-06 14:52:37.772 18848 18848 D BoundBrokerSvc: onUnbind: Intent { act=com.google.android.mdd.service.START dat=chimera-action: cmp=com.google.android.gms/.chimera.GmsApiService }
10-06 14:52:38.046  2643  6285 I DPMJ    : |REQ:RCVR| DPM creating socket
10-06 14:52:38.188   708   708 E VibratorService: zjl vibrator on 10ms
10-06 14:52:38.236 18848 18848 D BoundBrokerSvc: onUnbind: Intent { act=com.google.android.gms.libs.gmscorelogger.service.START dat=chimera-action: cmp=com.google.android.gms/.chimera.PersistentDirectBootAwareApiService }
10-06 14:52:38.330 18848 18848 D BoundBrokerSvc: onUnbind: Intent { act=com.google.android.gms.chromesync.service.zeroparty.START dat=chimera-action: cmp=com.google.android.gms/.chimera.GmsApiService }
10-06 14:52:38.639   708   708 E VibratorService: zjl vibrator on 10ms
10-06 14:52:38.173  2070  2240 I chatty  : uid=1000(system) MiuiGestureCont identical 1 line
10-06 14:52:38.635  2070  2240 W MiuiGesturePointerEventListener: onActionDown end: mGestureStatus = 0
10-06 14:52:38.657  2070  2096 W MiuiGesturePointerEventListener: will ignore multi-touch event
10-06 14:52:38.669   708   708 E VibratorService: zjl vibrator on 10ms
10-06 14:52:38.833 18376 18654 W DpmTcmClient: Couldn't find 'tcm' socket after 120times. quit trying
10-06 14:52:38.968  2070  2240 W MiuiGesturePointerEventListener: onActionDown end: mGestureStatus = 0
10-06 14:52:38.971   708   708 E VibratorService: zjl vibrator on 10ms
10-06 14:52:39.009 19422 19422 F linker  : CANNOT LINK EXECUTABLE "/system/bin/dpmd": "/system/lib64/libdpmframework.so" is 32-bit instead of 64-bit
10-06 14:52:40.131 18848 19260 I NearbyMediums: No BLE Fast/GATT advertisements found in the latest cycle.
10-06 14:52:40.132 18848 19260 I NearbyMediums: Current Tracked Scanning Clients are : {NearbyConnections.EnvironmentMonitor, NearbySharing}
10-06 14:52:40.658 18848 18848 D BoundBrokerSvc: onUnbind: Intent { act=com.google.android.gms.auth.aang.events.services.START dat=chimera-action: cmp=com.google.android.gms/.chimera.PersistentApiService }
10-06 14:52:40.718  2070  4506 D CompatibilityInfo: mCompatibilityFlags - 0
10-06 14:52:40.718  2070  4506 D CompatibilityInfo: applicationDensity - 440
10-06 14:52:40.718  2070  4506 D CompatibilityInfo: applicationScale - 1.0
10-06 14:52:40.731 17402 17413 W PushService: [Tid:16054] mistat post. uid=1000, pid=2289
10-06 14:52:41.109  2289  2289 I MiuiChargeManager: notifyBatteryStatusChanged:  status: 5 isPlugged: 1 level: 100 wireState: 11 chargeSpeed: 0 mWiredChargeType: 0 mWirelessChargeType: 0 chargeDeviceType: -1
10-06 14:52:41.109  2289  2289 D KeyguardUpdateMonitor: received broadcast android.intent.action.BATTERY_CHANGED
10-06 14:52:41.110  2070  4389 V LocSvc_HIDL_Subscription_jni: battery_level_update
10-06 14:52:41.110  2070  4389 V LocSvc_HIDL_Subscription_jni: [battery_level_update][931] [HC] =>> [HS]
10-06 14:52:41.110  2681  2681 D QtiCarrierConfigHelper: WARNING, no carrier configs on phone Id: 0
10-06 14:52:41.110   714   714 V LocSvc_HIDL_IzatSubscription: [batteryLevelUpdate][777] [HS] <<<<= [HC]
10-06 14:52:41.111  4666  4994 D PowerCheckerService: onBatteryChanged, mBatteryLevel = 100, status = 5, level = 100, plug = 1, scale = 100
10-06 14:52:41.111  2070  2102 E UsbDeviceManager: handle message = 9
10-06 14:52:41.113  2070  4389 V LocSvc_HIDL_Subscription_jni: Exit Result 0
10-06 14:52:41.114  2289  2289 D KeyguardUpdateMonitor: handleBatteryUpdate
10-06 14:52:41.114 18372 18372 I BatteryInfoReceiver: ACTION_BATTERY_CHANGED
10-06 14:52:41.114  2289  2289 I MiuiChargeController: checkBatteryStatus: chargeType 11 status 5 plugged 1 isRapidCharge false isSuperCharge false isCarMode false mChargeDeviceType -1 mChargeDeviceForAnalytic -1
10-06 14:52:41.114  2289  2289 I KeyguardIndication: updateIndication: mVisible false mDozing false mTransientIndication null mPowerPluggedIn true mUpArrowIndication Swipe up to unlock
10-06 14:52:41.119  2070  2240 W MiuiGesturePointerEventListener: onActionDown end: mGestureStatus = 0
10-06 14:52:41.184 19189 19189 W Choreographer: OPTS_INPUT: First frame was drawed before optimized, so skip!
10-06 14:52:41.187  2070  2096 W MiuiGesturePointerEventListener: will ignore multi-touch event
10-06 14:52:41.432 21725 21725 W Settings: Setting device_provisioned has moved from android.provider.Settings.Secure to android.provider.Settings.Global.
10-06 14:52:41.443  2070  2098 D Boost   : hostingType=service, hostingName=com.facemoji.lite.xiaomi/com.preff.kb.common.statistic.StatisticService, callerPackage=com.facemoji.lite.xiaomi, isSystem=false, isBoostNeeded=false.
10-06 14:52:41.445  2070  2098 I ActivityManager: Start proc 19436:com.facemoji.lite.xiaomi:push/u0a160 for service com.facemoji.lite.xiaomi/com.preff.kb.common.statistic.StatisticService caller=com.facemoji.lite.xiaomi
10-06 14:52:41.432 21725 21725 W Settings: Setting device_provisioned has moved from android.provider.Settings.Secure to android.provider.Settings.Global.
10-06 14:52:41.455 19436 19436 E ite.xiaomi:pus: Not starting debugger since process cannot load the jdwp agent.
10-06 14:52:41.462 21725 21750 I oji.lite.xiaom: Background concurrent copying GC freed 143577(10MB) AllocSpace objects, 21(976KB) LOS objects, 49% free, 11MB/22MB, paused 1.114ms total 142.762ms
10-06 14:52:41.477  2070  8307 D CompatibilityInfo: mCompatibilityFlags - 0
10-06 14:52:41.477  2070  8307 D CompatibilityInfo: applicationDensity - 440
10-06 14:52:41.477  2070  8307 D CompatibilityInfo: applicationScale - 1.0
10-06 14:52:41.481  2070  8307 D CompatibilityInfo: mCompatibilityFlags - 0
10-06 14:52:41.481  2070  8307 D CompatibilityInfo: applicationDensity - 440
10-06 14:52:41.481  2070  8307 D CompatibilityInfo: applicationScale - 1.0
10-06 14:52:41.613 19436 19436 I ite.xiaomi:pus: Waiting for a blocking GC AddRemoveAppImageSpace
10-06 14:52:41.669 19436 19436 I Perf    : Connecting to perf service.
10-06 14:52:41.746 19436 19436 I MMKV    : <native-bridge.cpp:104::JNI_OnLoad> current API level = 28, libc++_shared=0
10-06 14:52:41.746 19436 19436 I MMKV    : <MMKV.cpp:156::initialize> version v1.2.10, page size 4096, arch arm64-v8a
10-06 14:52:41.746 19436 19436 I MMKV    : <MMKV.cpp:167::initialize> armv8 AES instructions is supported
10-06 14:52:41.746 19436 19436 I MMKV    : <MMKV.cpp:175::initialize> armv8 CRC32 instructions is supported
10-06 14:52:41.746 19436 19436 I MMKV    : <MMKV.cpp:198::initializeMMKV> root dir: /data/user/0/com.facemoji.lite.xiaomi/files/mmkv
10-06 14:52:41.760 19436 19436 I MMKV    : <MMKV_IO.cpp:81::loadFromFile> loading [mmkv.default] with 1143958 actual size, file size 2097152, InterProcess 1, meta info version:3
10-06 14:52:41.760 19436 19436 I MMKV    : <MMKV_IO.cpp:86::loadFromFile> loading [mmkv.default] with crc 2097816023 sequence 157 version 3
10-06 14:52:41.761 19436 19436 I MMKV    : <MMKV_IO.cpp:130::loadFromFile> loaded [mmkv.default] with 419 key-values
10-06 14:52:41.837  2070  8307 W AccountManagerService: insertAccountIntoDatabase: Account {name=Emoji&Font Keyboard, type=com.facemoji.lite.xiaomi.sync.account}, skipping since the account already exists
10-06 14:52:41.857 19436 19460 D NetworkSecurityConfig: No Network Security Config specified, using platform default
10-06 14:52:41.878  2070  9842 D CompatibilityInfo: mCompatibilityFlags - 0
10-06 14:52:41.879  2070  9842 D CompatibilityInfo: applicationDensity - 440
10-06 14:52:41.879  2070  9842 D CompatibilityInfo: applicationScale - 1.0
10-06 14:52:42.049  2643  6285 I DPMJ    : |REQ:RCVR| DPM creating socket
10-06 14:52:42.260  2070  8307 I ActivityManager: Killing 18307:com.google.android.apps.turbo:aab/u0a52 (adj 906): empty #17
10-06 14:52:42.261  2070  2099 W libprocessgroup: kill(-18307, 9) failed: No such process
10-06 14:52:42.278  2070  2099 I chatty  : uid=1000(system) ActivityManager identical 3 lines
10-06 14:52:42.283  2070  2099 W libprocessgroup: kill(-18307, 9) failed: No such process
10-06 14:52:42.288 17402 17413 D ProcessObserverV8: onProcessDied:pid = 18307,died-uid=10052
10-06 14:52:42.289  2070  2099 W libprocessgroup: kill(-18307, 9) failed: No such process
10-06 14:52:42.295  2070  2099 I chatty  : uid=1000(system) ActivityManager identical 1 line
10-06 14:52:42.300  2070  2099 W libprocessgroup: kill(-18307, 9) failed: No such process
10-06 14:52:42.306  1212  1212 I Zygote  : Process 18307 exited due to signal (9)
10-06 14:52:42.306  2070  2099 W libprocessgroup: kill(-18307, 9) failed: No such process
10-06 14:52:42.306  2070  2099 I libprocessgroup: Successfully killed process cgroup uid 10052 pid 18307 in 45ms
10-06 14:52:42.707  2070  2240 W MiuiGesturePointerEventListener: onActionDown end: mGestureStatus = 0
10-06 14:52:42.728  2070  2102 E UsbDeviceManager: handle message = 9
10-06 14:52:42.726  2289  2289 I MiuiChargeManager: notifyBatteryStatusChanged:  status: 2 isPlugged: 1 level: 100 wireState: 11 chargeSpeed: 0 mWiredChargeType: 0 mWirelessChargeType: 0 chargeDeviceType: -1
10-06 14:52:42.729  2289  2289 D KeyguardUpdateMonitor: received broadcast android.intent.action.BATTERY_CHANGED
10-06 14:52:42.729  2289  2289 D KeyguardUpdateMonitor: handleBatteryUpdate
10-06 14:52:42.730  2289  2289 I MiuiChargeController: checkBatteryStatus: chargeType 11 status 2 plugged 1 isRapidCharge false isSuperCharge false isCarMode false mChargeDeviceType -1 mChargeDeviceForAnalytic -1
10-06 14:52:42.730  2289  2289 I KeyguardIndication: updateIndication: mVisible false mDozing false mTransientIndication null mPowerPluggedIn true mUpArrowIndication Swipe up to unlock
10-06 14:52:42.732  2681  2681 D QtiCarrierConfigHelper: WARNING, no carrier configs on phone Id: 0
10-06 14:52:42.732  2070  4389 V LocSvc_HIDL_Subscription_jni: battery_level_update
10-06 14:52:42.733  2070  4389 V LocSvc_HIDL_Subscription_jni: [battery_level_update][931] [HC] =>> [HS]
10-06 14:52:42.735 18372 18372 I BatteryInfoReceiver: ACTION_BATTERY_CHANGED
10-06 14:52:42.735   714   714 V LocSvc_HIDL_IzatSubscription: [batteryLevelUpdate][777] [HS] <<<<= [HC]
10-06 14:52:42.735  2070  4389 V LocSvc_HIDL_Subscription_jni: Exit Result 0
10-06 14:52:42.736  4666  4994 D PowerCheckerService: onBatteryChanged, mBatteryLevel = 100, status = 2, level = 100, plug = 1, scale = 100
10-06 14:52:42.821 21725 21725 W InputEventReceiver: Slow Input: took 115ms in dispatching, now at finishInputEvent (MotionEvent: event_seq=1023, seq=91325, action=ACTION_DOWN)
10-06 14:52:42.824   708   708 E VibratorService: zjl vibrator on 10ms
10-06 14:52:43.570  2070  2240 W MiuiGesturePointerEventListener: onActionDown end: mGestureStatus = 0
10-06 14:52:43.574   708   708 E VibratorService: zjl vibrator on 10ms
10-06 14:52:43.589 21725 21725 W Choreographer: OPTS_INPUT: First frame was drawed before optimized, so skip!
10-06 14:52:44.029 19477 19477 F linker  : CANNOT LINK EXECUTABLE "/system/bin/dpmd": "/system/lib64/libdpmframework.so" is 32-bit instead of 64-bit
10-06 14:52:44.628   708   708 E VibratorService: zjl vibrator on 10ms
10-06 14:52:44.621  2070  2240 W MiuiGesturePointerEventListener: onActionDown end: mGestureStatus = 0
10-06 14:52:44.641  2070  3217 D PerfShielderService: com.facemoji.lite.xiaomi|InputMethod|162|365749862445059|162|0|1
10-06 14:52:44.642  2070  3217 D PerfShielderService: com.facemoji.lite.xiaomi|InputMethod|182|365751348766100|182|0|1
10-06 14:52:44.642  3202 30371 W MiuiPerfServiceClient: interceptAndQueuing:21725|com.facemoji.lite.xiaomi|162|162|unknown|null|InputMethod|365749862445059|Slow main thread|1
10-06 14:52:44.642  3202 30371 W MiuiPerfServiceClient: interceptAndQueuing:21725|com.facemoji.lite.xiaomi|182|182|unknown|null|InputMethod|365751348766100|Slow main thread|1
10-06 14:52:45.453  2070  2240 W MiuiGesturePointerEventListener: onActionDown end: mGestureStatus = 0
10-06 14:52:45.485  2070  2102 E UsbDeviceManager: handle message = 9
10-06 14:52:45.485  2289  2289 I MiuiChargeManager: notifyBatteryStatusChanged:  status: 5 isPlugged: 1 level: 100 wireState: 11 chargeSpeed: 0 mWiredChargeType: 0 mWirelessChargeType: 0 chargeDeviceType: -1
10-06 14:52:45.458   708   708 E VibratorService: zjl vibrator on 10ms
10-06 14:52:45.485  2289  2289 D KeyguardUpdateMonitor: handleBatteryUpdate
10-06 14:52:45.485  2289  2289 I MiuiChargeController: checkBatteryStatus: chargeType 11 status 5 plugged 1 isRapidCharge false isSuperCharge false isCarMode false mChargeDeviceType -1 mChargeDeviceForAnalytic -1
10-06 14:52:45.486  2289  2289 I KeyguardIndication: updateIndication: mVisible false mDozing false mTransientIndication null mPowerPluggedIn true mUpArrowIndication Swipe up to unlock
10-06 14:52:45.487  2289  2289 D KeyguardUpdateMonitor: received broadcast android.intent.action.BATTERY_CHANGED
10-06 14:52:45.490  4666  4994 D PowerCheckerService: onBatteryChanged, mBatteryLevel = 100, status = 5, level = 100, plug = 1, scale = 100
10-06 14:52:45.490  2070  4389 V LocSvc_HIDL_Subscription_jni: battery_level_update
10-06 14:52:45.491  2681  2681 D QtiCarrierConfigHelper: WARNING, no carrier configs on phone Id: 0
10-06 14:52:45.491 18372 18372 I BatteryInfoReceiver: ACTION_BATTERY_CHANGED
10-06 14:52:45.491  2070  4389 V LocSvc_HIDL_Subscription_jni: [battery_level_update][931] [HC] =>> [HS]
10-06 14:52:45.492   714   714 V LocSvc_HIDL_IzatSubscription: [batteryLevelUpdate][777] [HS] <<<<= [HC]
10-06 14:52:45.492  2070  4389 V LocSvc_HIDL_Subscription_jni: Exit Result 0
10-06 14:52:45.736  2070  2240 W MiuiGesturePointerEventListener: onActionDown end: mGestureStatus = 0
10-06 14:52:45.741   708   708 E VibratorService: zjl vibrator on 10ms
10-06 14:52:46.051  2643  6285 I DPMJ    : |REQ:RCVR| DPM creating socket
10-06 14:52:46.210   714  2373 E IzatSvc_PassiveLocListener: Exiting with error onLocationChanged line 154 "1"
10-06 14:52:46.210   714  2373 V LocSvc_HIDL_IzatProvider: [onLocationChanged][72] [HS] =>>>> [HC]
10-06 14:52:46.211  2070  2175 V LocSvc_HIDL_IzatProvider_jni: [onLocationChanged][208] [HC] <<= [HS]
10-06 14:52:46.558   708   708 E VibratorService: zjl vibrator on 10ms
10-06 14:52:46.553  2070  2240 W MiuiGesturePointerEventListener: onActionDown end: mGestureStatus = 0
10-06 14:52:47.065  2070  2098 D Boost   : hostingType=service, hostingName=com.google.android.partnersetup/.InstalledAppJobService, callerPackage=android, isSystem=true, isBoostNeeded=false.
10-06 14:52:47.067  2070  2098 I ActivityManager: Start proc 19483:com.google.android.partnersetup/u0a31 for service com.google.android.partnersetup/.InstalledAppJobService caller=android
10-06 14:52:47.077 19483 19483 E id.partnersetu: Not starting debugger since process cannot load the jdwp agent.
10-06 14:52:47.099  2070  3217 D CompatibilityInfo: mCompatibilityFlags - 0
10-06 14:52:47.099  2070  3217 D CompatibilityInfo: applicationDensity - 440
10-06 14:52:47.099  2070  3217 D CompatibilityInfo: applicationScale - 1.0
10-06 14:52:47.102  2070  3217 D CompatibilityInfo: mCompatibilityFlags - 0
10-06 14:52:47.102  2070  3217 D CompatibilityInfo: applicationDensity - 440
10-06 14:52:47.102  2070  3217 D CompatibilityInfo: applicationScale - 1.0
10-06 14:52:47.118  2289  2289 I MiuiChargeManager: notifyBatteryStatusChanged:  status: 2 isPlugged: 1 level: 100 wireState: 11 chargeSpeed: 0 mWiredChargeType: 0 mWirelessChargeType: 0 chargeDeviceType: -1
10-06 14:52:47.118  2070  4389 V LocSvc_HIDL_Subscription_jni: battery_level_update
10-06 14:52:47.118  2289  2289 D KeyguardUpdateMonitor: received broadcast android.intent.action.BATTERY_CHANGED
10-06 14:52:47.119  2070  2102 E UsbDeviceManager: handle message = 9
10-06 14:52:47.119  2070  4389 V LocSvc_HIDL_Subscription_jni: [battery_level_update][931] [HC] =>> [HS]
10-06 14:52:47.119   714   714 V LocSvc_HIDL_IzatSubscription: [batteryLevelUpdate][777] [HS] <<<<= [HC]
10-06 14:52:47.119  2070  4389 V LocSvc_HIDL_Subscription_jni: Exit Result 0
10-06 14:52:47.119  2289  2289 D KeyguardUpdateMonitor: handleBatteryUpdate
10-06 14:52:47.119  2289  2289 I MiuiChargeController: checkBatteryStatus: chargeType 11 status 2 plugged 1 isRapidCharge false isSuperCharge false isCarMode false mChargeDeviceType -1 mChargeDeviceForAnalytic -1
10-06 14:52:47.120  2289  2289 I KeyguardIndication: updateIndication: mVisible false mDozing false mTransientIndication null mPowerPluggedIn true mUpArrowIndication Swipe up to unlock
10-06 14:52:47.120  2681  2681 D QtiCarrierConfigHelper: WARNING, no carrier configs on phone Id: 0
10-06 14:52:47.120  4666  4994 D PowerCheckerService: onBatteryChanged, mBatteryLevel = 100, status = 2, level = 100, plug = 1, scale = 100
10-06 14:52:47.121 18372 18372 I BatteryInfoReceiver: ACTION_BATTERY_CHANGED
10-06 14:52:47.289 19483 19483 W id.partnersetu: JIT profile information will not be recorded: profile file does not exits.
10-06 14:52:47.290 19483 19483 I chatty  : uid=10031(com.google.android.partnersetup) identical 7 lines
10-06 14:52:47.290 19483 19483 W id.partnersetu: JIT profile information will not be recorded: profile file does not exits.
10-06 14:52:47.316 19483 19483 I Perf    : Connecting to perf service.
10-06 14:52:47.370  2070  2240 W MiuiGesturePointerEventListener: onActionDown end: mGestureStatus = 0
10-06 14:52:47.371 19483 19483 W id.partnersetu: Class xz failed lock verification and will run slower.
10-06 14:52:47.371 19483 19483 W id.partnersetu: Common causes for lock verification issues are non-optimized dex code
10-06 14:52:47.371 19483 19483 W id.partnersetu: and incorrect proguard optimizations.
10-06 14:52:47.374   708   708 E VibratorService: zjl vibrator on 10ms
10-06 14:52:47.486  2070  2219 D CompatibilityInfo: mCompatibilityFlags - 0
10-06 14:52:47.486  2070  2219 D CompatibilityInfo: applicationDensity - 440
10-06 14:52:47.486  2070  2219 D CompatibilityInfo: applicationScale - 1.0
10-06 14:52:47.562 19483 19483 I GooglePartnerSetup: Phenotype client.register successes
10-06 14:52:47.674  2070  2219 D CompatibilityInfo: mCompatibilityFlags - 0
10-06 14:52:47.674  2070  2219 D CompatibilityInfo: applicationDensity - 440
10-06 14:52:47.675  2070  2219 D CompatibilityInfo: applicationScale - 1.0
10-06 14:52:47.710 19483 19501 I GooglePartnerSetup: Phenotype commit successes
10-06 14:52:47.824  2070  2219 D CompatibilityInfo: mCompatibilityFlags - 0
10-06 14:52:47.824  2070  2219 D CompatibilityInfo: applicationDensity - 440
10-06 14:52:47.824  2070  2219 D CompatibilityInfo: applicationScale - 1.0
10-06 14:52:47.863  2070  3224 D CompatibilityInfo: mCompatibilityFlags - 0
10-06 14:52:47.863  2070  3224 D CompatibilityInfo: applicationDensity - 440
10-06 14:52:47.863  2070  3224 D CompatibilityInfo: applicationScale - 1.0
10-06 14:52:47.891  2070  3224 D CompatibilityInfo: mCompatibilityFlags - 0
10-06 14:52:47.891  2070  3224 D CompatibilityInfo: applicationDensity - 440
10-06 14:52:47.892  2070  3224 D CompatibilityInfo: applicationScale - 1.0
10-06 14:52:48.104   708   708 E VibratorService: zjl vibrator on 10ms
10-06 14:52:48.101  2070  2240 I chatty  : uid=1000(system) MiuiGestureCont identical 1 line
10-06 14:52:48.421  2070  2240 W MiuiGesturePointerEventListener: onActionDown end: mGestureStatus = 0
10-06 14:52:48.446  2070  2098 D Boost   : hostingType=broadcast, hostingName=com.android.chrome/com.google.android.apps.chrome.rlz.RevenueStatsConfigurationUpdateReceiver, callerPackage=com.google.android.partnersetup, isSystem=true, isBoostNeeded=false.
10-06 14:52:48.425   708   708 E VibratorService: zjl vibrator on 10ms
10-06 14:52:48.450 21725 21725 W Choreographer: OPTS_INPUT: First frame was drawed before optimized, so skip!
10-06 14:52:48.451  2070  2098 I ActivityManager: Start proc 19510:com.android.chrome/u0a127 for broadcast com.android.chrome/com.google.android.apps.chrome.rlz.RevenueStatsConfigurationUpdateReceiver caller=com.google.android.partnersetup
10-06 14:52:48.471 19510 19510 E .android.chrom: Not starting debugger since process cannot load the jdwp agent.
10-06 14:52:48.599  2070  3224 D CompatibilityInfo: mCompatibilityFlags - 0
10-06 14:52:48.599  2070  3224 D CompatibilityInfo: applicationDensity - 440
10-06 14:52:48.599  2070  3224 D CompatibilityInfo: applicationScale - 1.0
10-06 14:52:48.609  2070  3224 D CompatibilityInfo: mCompatibilityFlags - 0
10-06 14:52:48.609  2070  3224 D CompatibilityInfo: applicationDensity - 440
10-06 14:52:48.609  2070  3224 D CompatibilityInfo: applicationScale - 1.0
10-06 14:52:48.750 19510 19510 W .android.chrom: JIT profile information will not be recorded: profile file does not exits.
10-06 14:52:48.752 19510 19510 W .android.chrom: Unknown chunk type '200'.
10-06 14:52:49.046 19525 19525 F linker  : CANNOT LINK EXECUTABLE "/system/bin/dpmd": "/system/lib64/libdpmframework.so" is 32-bit instead of 64-bit
10-06 14:52:49.097 19510 19510 I Perf    : Connecting to perf service.
10-06 14:52:49.118  2070  2240 W MiuiGesturePointerEventListener: onActionDown end: mGestureStatus = 0
10-06 14:52:49.199 19510 19510 I cr_SplitCompatApp: version=138.0.7204.179 (720417921) minSdkVersion=26 isBundle=true processName=com.android.chrome isIsolatedProcess=false
10-06 14:52:49.430 18848 20738 I FontLog : (REDACTED) Received query %s, URI %s
10-06 14:52:49.430 18848 20738 I FontLog : (REDACTED) Query [%s] resolved to %s
10-06 14:52:49.432 18848 20738 I FontLog : (REDACTED) Font PFD returned from cache for %s
10-06 14:52:49.432 18848 20738 I FontLog : (REDACTED) Fetch %s end status %s
10-06 14:52:49.452 18848 20738 I FontLog : (REDACTED) Pulling font file for id = %d, cache size = %d
10-06 14:52:49.528 18848 20738 I FontLog : (REDACTED) Received query %s, URI %s
10-06 14:52:49.529 18848 20738 I FontLog : (REDACTED) Query [%s] resolved to %s
10-06 14:52:49.533 18848 20738 I FontLog : (REDACTED) Font PFD returned from cache for %s
10-06 14:52:49.533 18848 20738 I FontLog : (REDACTED) Fetch %s end status %s
10-06 14:52:49.550 18848 20738 I FontLog : (REDACTED) Pulling font file for id = %d, cache size = %d
10-06 14:52:49.589 19510 19529 I .android.chrom: Rejecting re-init on previously-failed class java.lang.Class<ES2>: java.lang.NoClassDefFoundError: Failed resolution of: Lcom/android/extensions/xr/function/Consumer;
10-06 14:52:49.589 19510 19529 I .android.chrom:   at java.lang.Object java.lang.Class.newInstance() (Class.java:-2)
10-06 14:52:49.589 19510 19529 I .android.chrom:   at void BR5.run() (chromium-Monochrome.aab-stable-720417921:15)
10-06 14:52:49.589 19510 19529 I .android.chrom:   at void android.os.Handler.handleCallback(android.os.Message) (Handler.java:873)
10-06 14:52:49.589 19510 19529 I .android.chrom:   at void android.os.Handler.dispatchMessage(android.os.Message) (Handler.java:99)
10-06 14:52:49.589 19510 19529 I .android.chrom:   at void android.os.Looper.loop() (Looper.java:201)
10-06 14:52:49.589 19510 19529 I .android.chrom:   at void android.os.HandlerThread.run() (HandlerThread.java:65)
10-06 14:52:49.589 19510 19529 I .android.chrom: Caused by: java.lang.ClassNotFoundException: Didn't find class "com.android.extensions.xr.function.Consumer" on path: DexPathList[[zip file "/data/app/com.android.chrome-W9GMAmfd1VrzCchubitDKA==/base.apk"],nativeLibraryDirectories=[/data/app/com.android.chrome-W9GMAmfd1VrzCchubitDKA==/lib/arm, /data/app/com.android.chrome-W9GMAmfd1VrzCchubitDKA==/base.apk!/lib/armeabi-v7a, /system/lib]]
10-06 14:52:49.589 19510 19529 I .android.chrom:   at java.lang.Class dalvik.system.BaseDexClassLoader.findClass(java.lang.String) (BaseDexClassLoader.java:171)
10-06 14:52:49.589 19510 19529 I .android.chrom:   at java.lang.Class java.lang.ClassLoader.loadClass(java.lang.String, boolean) (ClassLoader.java:379)
10-06 14:52:49.589 19510 19529 I .android.chrom:   at java.lang.Class java.lang.ClassLoader.loadClass(java.lang.String) (ClassLoader.java:312)
10-06 14:52:49.589 19510 19529 I .android.chrom:   at java.lang.Object java.lang.Class.newInstance() (Class.java:-2)
10-06 14:52:49.589 19510 19529 I .android.chrom:   at void BR5.run() (chromium-Monochrome.aab-stable-720417921:15)
10-06 14:52:49.589 19510 19529 I .android.chrom:   at void android.os.Handler.handleCallback(android.os.Message) (Handler.java:873)
10-06 14:52:49.589 19510 19529 I .android.chrom:   at void android.os.Handler.dispatchMessage(android.os.Message) (Handler.java:99)
10-06 14:52:49.589 19510 19529 I .android.chrom:   at void android.os.Looper.loop() (Looper.java:201)
10-06 14:52:49.589 19510 19529 I .android.chrom:   at void android.os.HandlerThread.run() (HandlerThread.java:65)
10-06 14:52:49.589 19510 19529 I .android.chrom: 
10-06 14:52:49.590 19510 19529 I .android.chrom: Rejecting re-init on previously-failed class java.lang.Class<ES2>: java.lang.NoClassDefFoundError: Failed resolution of: Lcom/android/extensions/xr/function/Consumer;
10-06 14:52:49.590 19510 19529 I .android.chrom:   at java.lang.Object java.lang.Class.newInstance() (Class.java:-2)
10-06 14:52:49.590 19510 19529 I .android.chrom:   at void BR5.run() (chromium-Monochrome.aab-stable-720417921:15)
10-06 14:52:49.590 19510 19529 I .android.chrom:   at void android.os.Handler.handleCallback(android.os.Message) (Handler.java:873)
10-06 14:52:49.590 19510 19529 I .android.chrom:   at void android.os.Handler.dispatchMessage(android.os.Message) (Handler.java:99)
10-06 14:52:49.590 19510 19529 I .android.chrom:   at void android.os.Looper.loop() (Looper.java:201)
10-06 14:52:49.590 19510 19529 I .android.chrom:   at void android.os.HandlerThread.run() (HandlerThread.java:65)
10-06 14:52:49.590 19510 19529 I .android.chrom: Caused by: java.lang.ClassNotFoundException: Didn't find class "com.android.extensions.xr.function.Consumer" on path: DexPathList[[zip file "/data/app/com.android.chrome-W9GMAmfd1VrzCchubitDKA==/base.apk"],nativeLibraryDirectories=[/data/app/com.android.chrome-W9GMAmfd1VrzCchubitDKA==/lib/arm, /data/app/com.android.chrome-W9GMAmfd1VrzCchubitDKA==/base.apk!/lib/armeabi-v7a, /system/lib]]
10-06 14:52:49.590 19510 19529 I .android.chrom:   at java.lang.Class dalvik.system.BaseDexClassLoader.findClass(java.lang.String) (BaseDexClassLoader.java:171)
10-06 14:52:49.590 19510 19529 I .android.chrom:   at java.lang.Class java.lang.ClassLoader.loadClass(java.lang.String, boolean) (ClassLoader.java:379)
10-06 14:52:49.590 19510 19529 I .android.chrom:   at java.lang.Class java.lang.ClassLoader.loadClass(java.lang.String) (ClassLoader.java:312)
10-06 14:52:49.590 19510 19529 I .android.chrom:   at java.lang.Object java.lang.Class.newInstance() (Class.java:-2)
10-06 14:52:49.590 19510 19529 I .android.chrom:   at void BR5.run() (chromium-Monochrome.aab-stable-720417921:15)
10-06 14:52:49.590 19510 19529 I .android.chrom:   at void android.os.Handler.handleCallback(android.os.Message) (Handler.java:873)
10-06 14:52:49.590 19510 19529 I .android.chrom:   at void android.os.Handler.dispatchMessage(android.os.Message) (Handler.java:99)
10-06 14:52:49.590 19510 19529 I .android.chrom:   at void android.os.Looper.loop() (Looper.java:201)
10-06 14:52:49.590 19510 19529 I .android.chrom:   at void android.os.HandlerThread.run() (HandlerThread.java:65)
10-06 14:52:49.590 19510 19529 I .android.chrom: 
10-06 14:52:49.592 19510 19529 I .android.chrom: Rejecting re-init on previously-failed class java.lang.Class<ES2>: java.lang.NoClassDefFoundError: Failed resolution of: Lcom/android/extensions/xr/function/Consumer;
10-06 14:52:49.592 19510 19529 I .android.chrom:   at java.lang.Object java.lang.Class.newInstance() (Class.java:-2)
10-06 14:52:49.592 19510 19529 I .android.chrom:   at void BR5.run() (chromium-Monochrome.aab-stable-720417921:15)
10-06 14:52:49.592 19510 19529 I .android.chrom:   at void android.os.Handler.handleCallback(android.os.Message) (Handler.java:873)
10-06 14:52:49.592 19510 19529 I .android.chrom:   at void android.os.Handler.dispatchMessage(android.os.Message) (Handler.java:99)
10-06 14:52:49.592 19510 19529 I .android.chrom:   at void android.os.Looper.loop() (Looper.java:201)
10-06 14:52:49.592 19510 19529 I .android.chrom:   at void android.os.HandlerThread.run() (HandlerThread.java:65)
10-06 14:52:49.592 19510 19529 I .android.chrom: Caused by: java.lang.ClassNotFoundException: Didn't find class "com.android.extensions.xr.function.Consumer" on path: DexPathList[[zip file "/data/app/com.android.chrome-W9GMAmfd1VrzCchubitDKA==/base.apk"],nativeLibraryDirectories=[/data/app/com.android.chrome-W9GMAmfd1VrzCchubitDKA==/lib/arm, /data/app/com.android.chrome-W9GMAmfd1VrzCchubitDKA==/base.apk!/lib/armeabi-v7a, /system/lib]]
10-06 14:52:49.592 19510 19529 I .android.chrom:   at java.lang.Class dalvik.system.BaseDexClassLoader.findClass(java.lang.String) (BaseDexClassLoader.java:171)
10-06 14:52:49.592 19510 19529 I .android.chrom:   at java.lang.Class java.lang.ClassLoader.loadClass(java.lang.String, boolean) (ClassLoader.java:379)
10-06 14:52:49.592 19510 19529 I .android.chrom:   at java.lang.Class java.lang.ClassLoader.loadClass(java.lang.String) (ClassLoader.java:312)
10-06 14:52:49.592 19510 19529 I .android.chrom:   at java.lang.Object java.lang.Class.newInstance() (Class.java:-2)
10-06 14:52:49.592 19510 19529 I .android.chrom:   at void BR5.run() (chromium-Monochrome.aab-stable-720417921:15)
10-06 14:52:49.592 19510 19529 I .android.chrom:   at void android.os.Handler.handleCallback(android.os.Message) (Handler.java:873)
10-06 14:52:49.592 19510 19529 I .android.chrom:   at void android.os.Handler.dispatchMessage(android.os.Message) (Handler.java:99)
10-06 14:52:49.592 19510 19529 I .android.chrom:   at void android.os.Looper.loop() (Looper.java:201)
10-06 14:52:49.592 19510 19529 I .android.chrom:   at void android.os.HandlerThread.run() (HandlerThread.java:65)
10-06 14:52:49.592 19510 19529 I .android.chrom: 
10-06 14:52:49.593 19510 19529 I .android.chrom: Rejecting re-init on previously-failed class java.lang.Class<ES2>: java.lang.NoClassDefFoundError: Failed resolution of: Lcom/android/extensions/xr/function/Consumer;
10-06 14:52:49.593 19510 19529 I .android.chrom:   at java.lang.Object java.lang.Class.newInstance() (Class.java:-2)
10-06 14:52:49.593 19510 19529 I .android.chrom:   at void BR5.run() (chromium-Monochrome.aab-stable-720417921:15)
10-06 14:52:49.593 19510 19529 I .android.chrom:   at void android.os.Handler.handleCallback(android.os.Message) (Handler.java:873)
10-06 14:52:49.593 19510 19529 I .android.chrom:   at void android.os.Handler.dispatchMessage(android.os.Message) (Handler.java:99)
10-06 14:52:49.593 19510 19529 I .android.chrom:   at void android.os.Looper.loop() (Looper.java:201)
10-06 14:52:49.593 19510 19529 I .android.chrom:   at void android.os.HandlerThread.run() (HandlerThread.java:65)
10-06 14:52:49.593 19510 19529 I .android.chrom: Caused by: java.lang.ClassNotFoundException: Didn't find class "com.android.extensions.xr.function.Consumer" on path: DexPathList[[zip file "/data/app/com.android.chrome-W9GMAmfd1VrzCchubitDKA==/base.apk"],nativeLibraryDirectories=[/data/app/com.android.chrome-W9GMAmfd1VrzCchubitDKA==/lib/arm, /data/app/com.android.chrome-W9GMAmfd1VrzCchubitDKA==/base.apk!/lib/armeabi-v7a, /system/lib]]
10-06 14:52:49.593 19510 19529 I .android.chrom:   at java.lang.Class dalvik.system.BaseDexClassLoader.findClass(java.lang.String) (BaseDexClassLoader.java:171)
10-06 14:52:49.593 19510 19529 I .android.chrom:   at java.lang.Class java.lang.ClassLoader.loadClass(java.lang.String, boolean) (ClassLoader.java:379)
10-06 14:52:49.593 19510 19529 I .android.chrom:   at java.lang.Class java.lang.ClassLoader.loadClass(java.lang.String) (ClassLoader.java:312)
10-06 14:52:49.593 19510 19529 I .android.chrom:   at java.lang.Object java.lang.Class.newInstance() (Class.java:-2)
10-06 14:52:49.593 19510 19529 I .android.chrom:   at void BR5.run() (chromium-Monochrome.aab-stable-720417921:15)
10-06 14:52:49.593 19510 19529 I .android.chrom:   at void android.os.Handler.handleCallback(android.os.Message) (Handler.java:873)
10-06 14:52:49.593 19510 19529 I .android.chrom:   at void android.os.Handler.dispatchMessage(android.os.Message) (Handler.java:99)
10-06 14:52:49.593 19510 19529 I .android.chrom:   at void android.os.Looper.loop() (Looper.java:201)
10-06 14:52:49.593 19510 19529 I .android.chrom:   at void android.os.HandlerThread.run() (HandlerThread.java:65)
10-06 14:52:49.593 19510 19529 I .android.chrom: 
10-06 14:52:49.593 19510 19529 I .android.chrom: Rejecting re-init on previously-failed class java.lang.Class<ES2>: java.lang.NoClassDefFoundError: Failed resolution of: Lcom/android/extensions/xr/function/Consumer;
10-06 14:52:49.593 19510 19529 I .android.chrom:   at java.lang.Object java.lang.Class.newInstance() (Class.java:-2)
10-06 14:52:49.593 19510 19529 I .android.chrom:   at void BR5.run() (chromium-Monochrome.aab-stable-720417921:15)
10-06 14:52:49.593 19510 19529 I .android.chrom:   at void android.os.Handler.handleCallback(android.os.Message) (Handler.java:873)
10-06 14:52:49.593 19510 19529 I .android.chrom:   at void android.os.Handler.dispatchMessage(android.os.Message) (Handler.java:99)
10-06 14:52:49.593 19510 19529 I .android.chrom:   at void android.os.Looper.loop() (Looper.java:201)
10-06 14:52:49.593 19510 19529 I .android.chrom:   at void android.os.HandlerThread.run() (HandlerThread.java:65)
10-06 14:52:49.593 19510 19529 I .android.chrom: Caused by: java.lang.ClassNotFoundException: Didn't find class "com.android.extensions.xr.function.Consumer" on path: DexPathList[[zip file "/data/app/com.android.chrome-W9GMAmfd1VrzCchubitDKA==/base.apk"],nativeLibraryDirectories=[/data/app/com.android.chrome-W9GMAmfd1VrzCchubitDKA==/lib/arm, /data/app/com.android.chrome-W9GMAmfd1VrzCchubitDKA==/base.apk!/lib/armeabi-v7a, /system/lib]]
10-06 14:52:49.593 19510 19529 I .android.chrom:   at java.lang.Class dalvik.system.BaseDexClassLoader.findClass(java.lang.String) (BaseDexClassLoader.java:171)
10-06 14:52:49.593 19510 19529 I .android.chrom:   at java.lang.Class java.lang.ClassLoader.loadClass(java.lang.String, boolean) (ClassLoader.java:379)
10-06 14:52:49.593 19510 19529 I .android.chrom:   at java.lang.Class java.lang.ClassLoader.loadClass(java.lang.String) (ClassLoader.java:312)
10-06 14:52:49.593 19510 19529 I .android.chrom:   at java.lang.Object java.lang.Class.newInstance() (Class.java:-2)
10-06 14:52:49.593 19510 19529 I .android.chrom:   at void BR5.run() (chromium-Monochrome.aab-stable-720417921:15)
10-06 14:52:49.593 19510 19529 I .android.chrom:   at void android.os.Handler.handleCallback(android.os.Message) (Handler.java:873)
10-06 14:52:49.593 19510 19529 I .android.chrom:   at void android.os.Handler.dispatchMessage(android.os.Message) (Handler.java:99)
10-06 14:52:49.593 19510 19529 I .android.chrom:   at void android.os.Looper.loop() (Looper.java:201)
10-06 14:52:49.593 19510 19529 I .android.chrom:   at void android.os.HandlerThread.run() (HandlerThread.java:65)
10-06 14:52:49.593 19510 19529 I .android.chrom: 
10-06 14:52:49.602 18848 20738 I FontLog : (REDACTED) Received query %s, URI %s
10-06 14:52:49.602 18848 20738 I FontLog : (REDACTED) Query [%s] resolved to %s
10-06 14:52:49.603 18848 20738 I FontLog : (REDACTED) Font PFD returned from cache for %s
10-06 14:52:49.604 18848 20738 I FontLog : (REDACTED) Fetch %s end status %s
10-06 14:52:49.616 18848 22814 I FontLog : (REDACTED) Pulling font file for id = %d, cache size = %d
10-06 14:52:49.653 19510 19531 I cr_LibraryLoader: Successfully loaded native library
10-06 14:52:49.671 19510 19531 I cr_CachingUmaRecorder: Flushed 12 samples from 11 histograms, 0 samples were dropped.
10-06 14:52:49.676 18848 22814 I FontLog : (REDACTED) Received query %s, URI %s
10-06 14:52:49.677 18848 22814 I FontLog : (REDACTED) Query [%s] resolved to %s
10-06 14:52:49.678 18848 22814 I FontLog : (REDACTED) Font PFD returned from cache for %s
10-06 14:52:49.678 18848 22814 I FontLog : (REDACTED) Fetch %s end status %s
10-06 14:52:49.682 18848 22814 I FontLog : (REDACTED) Pulling font file for id = %d, cache size = %d
10-06 14:52:49.697 18848 22814 I FontLog : (REDACTED) Received query %s, URI %s
10-06 14:52:49.697 18848 22814 I FontLog : (REDACTED) Query [%s] resolved to %s
10-06 14:52:49.699 18848 22814 I FontLog : (REDACTED) Font PFD returned from cache for %s
10-06 14:52:49.699 18848 22814 I FontLog : (REDACTED) Fetch %s end status %s
10-06 14:52:49.708 18848 20738 I FontLog : (REDACTED) Pulling font file for id = %d, cache size = %d
10-06 14:52:49.971  2070  4389 V LocSvc_HIDL_Subscription_jni: battery_level_update
10-06 14:52:49.970  2289  2289 D KeyguardUpdateMonitor: received broadcast android.intent.action.BATTERY_CHANGED
10-06 14:52:49.972 18372 18372 I BatteryInfoReceiver: ACTION_BATTERY_CHANGED
10-06 14:52:49.972  2681  2681 D QtiCarrierConfigHelper: WARNING, no carrier configs on phone Id: 0
10-06 14:52:49.976  2070  2102 E UsbDeviceManager: handle message = 9
10-06 14:52:49.977  4666  4994 D PowerCheckerService: onBatteryChanged, mBatteryLevel = 100, status = 2, level = 100, plug = 1, scale = 100
10-06 14:52:49.979  2070  4389 V LocSvc_HIDL_Subscription_jni: [battery_level_update][931] [HC] =>> [HS]
10-06 14:52:49.980   714   714 V LocSvc_HIDL_IzatSubscription: [batteryLevelUpdate][777] [HS] <<<<= [HC]
10-06 14:52:49.980  2070  4389 V LocSvc_HIDL_Subscription_jni: Exit Result 0
10-06 14:52:50.055  2643  6285 I DPMJ    : |REQ:RCVR| DPM creating socket
10-06 14:52:50.145 18848 19258 I NearbyMediums: No BLE Fast/GATT advertisements found in the latest cycle.
10-06 14:52:50.145 18848 19258 I NearbyMediums: Current Tracked Scanning Clients are : {NearbyConnections.EnvironmentMonitor, NearbySharing}
10-06 14:52:50.170  2070  2240 W MiuiGesturePointerEventListener: onActionDown end: mGestureStatus = 0
10-06 14:52:50.172   708   708 E VibratorService: zjl vibrator on 10ms
10-06 14:52:50.351  2070  3217 I WindowManager: input method visible height changed 0
10-06 14:52:50.374  2070  3991 D CompatibilityInfo: mCompatibilityFlags - 0
10-06 14:52:50.374  2070  3991 D CompatibilityInfo: applicationDensity - 440
10-06 14:52:50.374  2070  3991 D CompatibilityInfo: applicationScale - 1.0
10-06 14:52:50.657  2289  2289 D GestureStubView: resetRenderProperty: setSize
10-06 14:52:50.658  2289  2289 D GestureStubView: resetRenderProperty: setSize
10-06 14:52:50.696  2289  2289 D GestureStubView: gatherTransparentRegion: need render w:54  h:1296
10-06 14:52:50.746  2289  2289 I chatty  : uid=1000(system) com.android.systemui identical 2 lines
10-06 14:52:50.761  2289  2289 D GestureStubView: gatherTransparentRegion: need render w:54  h:1296
10-06 14:52:51.137   744   936 W SurfaceFlinger: Attempting to set client state on removed layer: Surface(name=6743876 GestureStubBottom)/@0xf699a6d - animation-leash#0
10-06 14:52:51.137   744   936 W SurfaceFlinger: Attempting to destroy on removed layer: Surface(name=6743876 GestureStubBottom)/@0xf699a6d - animation-leash#0
10-06 14:52:51.202  2070  2240 W MiuiGesturePointerEventListener: onActionDown end: mGestureStatus = 0
10-06 14:52:51.282 19189 19223 I ReactNativeJS: AUTH_START
10-06 14:52:51.389 19189 19542 W shubhlabh.orde: Unknown chunk type '200'.
10-06 14:52:51.397 19189 19542 I WebViewFactory: Loading com.android.chrome version 138.0.7204.179 (code 720417921)
10-06 14:52:51.401 19189 19542 W shubhlabh.orde: Unknown chunk type '200'.
10-06 14:52:51.426 19189 19542 W linker  : Warning: "/data/app/com.android.chrome-W9GMAmfd1VrzCchubitDKA==/base.apk!/lib/arm64-v8a/libmonochrome.so" unused DT entry: unknown processor-specific (type 0x70000001 arg 0x0) (ignoring)
10-06 14:52:51.578 19189 19542 I shubhlabh.orde: Rejecting re-init on previously-failed class java.lang.Class<P64>: java.lang.NoClassDefFoundError: Failed resolution of: Landroid/webkit/PacProcessor;
10-06 14:52:51.578 19189 19542 I shubhlabh.orde:   at java.lang.Class java.lang.Class.classForName(java.lang.String, boolean, java.lang.ClassLoader) (Class.java:-2)
10-06 14:52:51.578 19189 19542 I shubhlabh.orde:   at java.lang.Class java.lang.Class.forName(java.lang.String, boolean, java.lang.ClassLoader) (Class.java:453)
10-06 14:52:51.578 19189 19542 I shubhlabh.orde:   at java.lang.Class android.webkit.WebViewFactory.getWebViewProviderClass(java.lang.ClassLoader) (WebViewFactory.java:176)
10-06 14:52:51.578 19189 19542 I shubhlabh.orde:   at java.lang.Class android.webkit.WebViewFactory.getProviderClass() (WebViewFactory.java:459)
10-06 14:52:51.578 19189 19542 I shubhlabh.orde:   at android.webkit.WebViewFactoryProvider android.webkit.WebViewFactory.getProvider() (WebViewFactory.java:251)
10-06 14:52:51.578 19189 19542 I shubhlabh.orde:   at android.webkit.CookieManager android.webkit.CookieManager.getInstance() (CookieManager.java:40)
10-06 14:52:51.578 19189 19542 I shubhlabh.orde:   at android.webkit.CookieManager com.facebook.react.modules.network.ForwardingCookieHandler.getCookieManager() (ForwardingCookieHandler.kt:73)
10-06 14:52:51.578 19189 19542 I shubhlabh.orde:   at java.util.Map com.facebook.react.modules.network.ForwardingCookieHandler.get(java.net.URI, java.util.Map) (ForwardingCookieHandler.kt:30)
10-06 14:52:51.578 19189 19542 I shubhlabh.orde:   at java.util.List okhttp3.JavaNetCookieJar.loadForRequest(okhttp3.HttpUrl) (JavaNetCookieJar.kt:47)
10-06 14:52:51.578 19189 19542 I shubhlabh.orde:   at java.util.List com.facebook.react.modules.network.ReactCookieJarContainer.loadForRequest(okhttp3.HttpUrl) (ReactCookieJarContainer.kt:37)
10-06 14:52:51.578 19189 19542 I shubhlabh.orde:   at okhttp3.Response okhttp3.internal.http.BridgeInterceptor.intercept(okhttp3.Interceptor$Chain) (BridgeInterceptor.kt:74)
10-06 14:52:51.578 19189 19542 I shubhlabh.orde:   at okhttp3.Response okhttp3.internal.http.RealInterceptorChain.proceed(okhttp3.Request) (RealInterceptorChain.kt:109)
10-06 14:52:51.578 19189 19542 I shubhlabh.orde:   at okhttp3.Response okhttp3.internal.http.RetryAndFollowUpInterceptor.intercept(okhttp3.Interceptor$Chain) (RetryAndFollowUpInterceptor.kt:76)
10-06 14:52:51.578 19189 19542 I shubhlabh.orde:   at okhttp3.Response okhttp3.internal.http.RealInterceptorChain.proceed(okhttp3.Request) (RealInterceptorChain.kt:109)
10-06 14:52:51.578 19189 19542 I shubhlabh.orde:   at okhttp3.Response expo.modules.fetch.TransparentCompressionInterceptor.intercept(okhttp3.Interceptor$Chain) (TransparentCompressionInterceptor.kt:49)
10-06 14:52:51.578 19189 19542 I shubhlabh.orde:   at okhttp3.Response okhttp3.internal.http.RealInterceptorChain.proceed(okhttp3.Request) (RealInterceptorChain.kt:109)
10-06 14:52:51.578 19189 19542 I shubhlabh.orde:   at okhttp3.Response expo.modules.fetch.OkHttpFileUrlInterceptor.intercept(okhttp3.Interceptor$Chain) (OkHttpFileUrlInterceptor.kt:42)
10-06 14:52:51.578 19189 19542 I shubhlabh.orde:   at okhttp3.Response okhttp3.internal.http.RealInterceptorChain.proceed(okhttp3.Request) (RealInterceptorChain.kt:109)
10-06 14:52:51.578 19189 19542 I shubhlabh.orde:   at okhttp3.Response okhttp3.internal.connection.RealCall.getResponseWithInterceptorChain$okhttp() (RealCall.kt:201)
10-06 14:52:51.578 19189 19542 I shubhlabh.orde:   at void okhttp3.internal.connection.RealCall$AsyncCall.run() (RealCall.kt:517)
10-06 14:52:51.578 19189 19542 I shubhlabh.orde:   at void java.util.concurrent.ThreadPoolExecutor.runWorker(java.util.concurrent.ThreadPoolExecutor$Worker) (ThreadPoolExecutor.java:1167)
10-06 14:52:51.578 19189 19542 I shubhlabh.orde:   at void java.util.concurrent.ThreadPoolExecutor$Worker.run() (ThreadPoolExecutor.java:641)
10-06 14:52:51.578 19189 19542 I shubhlabh.orde:   at void java.lang.Thread.run() (Thread.java:764)
10-06 14:52:51.578 19189 19542 I shubhlabh.orde: Caused by: java.lang.ClassNotFoundException: Didn't find class "android.webkit.PacProcessor" on path: DexPathList[[zip file "/data/app/com.android.chrome-W9GMAmfd1VrzCchubitDKA==/base.apk"],nativeLibraryDirectories=[/data/app/com.android.chrome-W9GMAmfd1VrzCchubitDKA==/lib/arm64, /data/app/com.android.chrome-W9GMAmfd1VrzCchubitDKA==/base.apk!/lib/arm64-v8a, /system/lib64]]
10-06 14:52:51.578 19189 19542 I shubhlabh.orde:   at java.lang.Class dalvik.system.BaseDexClassLoader.findClass(java.lang.String) (BaseDexClassLoader.java:171)
10-06 14:52:51.578 19189 19542 I shubhlabh.orde:   at java.lang.Class java.lang.ClassLoader.loadClass(java.lang.String, boolean) (ClassLoader.java:379)
10-06 14:52:51.578 19189 19542 I shubhlabh.orde:   at java.lang.Class java.lang.ClassLoader.loadClass(java.lang.String) (ClassLoader.java:312)
10-06 14:52:51.578 19189 19542 I shubhlabh.orde:   at java.lang.Class java.lang.Class.classForName(java.lang.String, boolean, java.lang.ClassLoader) (Class.java:-2)
10-06 14:52:51.578 19189 19542 I shubhlabh.orde:   at java.lang.Class java.lang.Class.forName(java.lang.String, boolean, java.lang.ClassLoader) (Class.java:453)
10-06 14:52:51.578 19189 19542 I shubhlabh.orde:   at java.lang.Class android.webkit.WebViewFactory.getWebViewProviderClass(java.lang.ClassLoader) (WebViewFactory.java:176)
10-06 14:52:51.578 19189 19542 I shubhlabh.orde:   at java.lang.Class android.webkit.WebViewFactory.getProviderClass() (WebViewFactory.java:459)
10-06 14:52:51.578 19189 19542 I shubhlabh.orde:   at android.webkit.WebViewFactoryProvider android.webkit.WebViewFactory.getProvider() (WebViewFactory.java:251)
10-06 14:52:51.578 19189 19542 I shubhlabh.orde:   at android.webkit.CookieManager android.webkit.CookieManager.getInstance() (CookieManager.java:40)
10-06 14:52:51.578 19189 19542 I shubhlabh.orde:   at android.webkit.CookieManager com.facebook.react.modules.network.ForwardingCookieHandler.getCookieManager() (ForwardingCookieHandler.kt:73)
10-06 14:52:51.578 19189 19542 I shubhlabh.orde:   at java.util.Map com.facebook.react.modules.network.ForwardingCookieHandler.get(java.net.URI, java.util.Map) (ForwardingCookieHandler.kt:30)
10-06 14:52:51.578 19189 19542 I shubhlabh.orde:   at java.util.List okhttp3.JavaNetCookieJar.loadForRequest(okhttp3.HttpUrl) (JavaNetCookieJar.kt:47)
10-06 14:52:51.578 19189 19542 I shubhlabh.orde:   at java.util.List com.facebook.react.modules.network.ReactCookieJarContainer.loadForRequest(okhttp3.HttpUrl) (ReactCookieJarContainer.kt:37)
10-06 14:52:51.578 19189 19542 I shubhlabh.orde:   at okhttp3.Response okhttp3.internal.http.BridgeInterceptor.intercept(okhttp3.Interceptor$Chain) (BridgeInterceptor.kt:74)
10-06 14:52:51.578 19189 19542 I shubhlabh.orde:   at okhttp3.Response okhttp3.internal.http.RealInterceptorChain.proceed(okhttp3.Request) (RealInterceptorChain.kt:109)
10-06 14:52:51.578 19189 19542 I shubhlabh.orde:   at okhttp3.Response okhttp3.internal.http.RetryAndFollowUpInterceptor.intercept(okhttp3.Interceptor$Chain) (RetryAndFollowUpInterceptor.kt:76)
10-06 14:52:51.578 19189 19542 I shubhlabh.orde:   at okhttp3.Response okhttp3.internal.http.RealInterceptorChain.proceed(okhttp3.Request) (RealInterceptorChain.kt:109)
10-06 14:52:51.578 19189 19542 I shubhlabh.orde:   at okhttp3.Response expo.modules.fetch.TransparentCompressionInterceptor.intercept(okhttp3.Interceptor$Chain) (TransparentCompressionInterceptor.kt:49)
10-06 14:52:51.578 19189 19542 I shubhlabh.orde:   at okhttp3.Response okhttp3.internal.http.RealInterceptorChain.proceed(okhttp3.Request) (RealInterceptorChain.kt:109)
10-06 14:52:51.579 19189 19542 I shubhlabh.orde:   at okhttp3.Response expo.modules.fetch.OkHttpFileUrlInterceptor.intercept(okhttp3.Interceptor$Chain) (OkHttpFileUrlInterceptor.kt:42)
10-06 14:52:51.579 19189 19542 I shubhlabh.orde:   at okhttp3.Response okhttp3.internal.http.RealInterceptorChain.proceed(okhttp3.Request) (RealInterceptorChain.kt:109)
10-06 14:52:51.579 19189 19542 I shubhlabh.orde:   at okhttp3.Response okhttp3.internal.connection.RealCall.getResponseWithInterceptorChain$okhttp() (RealCall.kt:201)
10-06 14:52:51.579 19189 19542 I shubhlabh.orde:   at void okhttp3.internal.connection.RealCall$AsyncCall.run() (RealCall.kt:517)
10-06 14:52:51.579 19189 19542 I shubhlabh.orde:   at void java.util.concurrent.ThreadPoolExecutor.runWorker(java.util.concurrent.ThreadPoolExecutor$Worker) (ThreadPoolExecutor.java:1167)
10-06 14:52:51.579 19189 19542 I shubhlabh.orde:   at void java.util.concurrent.ThreadPoolExecutor$Worker.run() (ThreadPoolExecutor.java:641)
10-06 14:52:51.579 19189 19542 I shubhlabh.orde:   at void java.lang.Thread.run() (Thread.java:764)
10-06 14:52:51.579 19189 19542 I shubhlabh.orde: 
10-06 14:52:51.579 19189 19542 I shubhlabh.orde: Rejecting re-init on previously-failed class java.lang.Class<P64>: java.lang.NoClassDefFoundError: Failed resolution of: Landroid/webkit/PacProcessor;
10-06 14:52:51.579 19189 19542 I shubhlabh.orde:   at java.lang.Class java.lang.Class.classForName(java.lang.String, boolean, java.lang.ClassLoader) (Class.java:-2)
10-06 14:52:51.580 19189 19542 I shubhlabh.orde:   at java.lang.Class java.lang.Class.forName(java.lang.String, boolean, java.lang.ClassLoader) (Class.java:453)
10-06 14:52:51.580 19189 19542 I shubhlabh.orde:   at java.lang.Class android.webkit.WebViewFactory.getWebViewProviderClass(java.lang.ClassLoader) (WebViewFactory.java:176)
10-06 14:52:51.580 19189 19542 I shubhlabh.orde:   at java.lang.Class android.webkit.WebViewFactory.getProviderClass() (WebViewFactory.java:459)
10-06 14:52:51.580 19189 19542 I shubhlabh.orde:   at android.webkit.WebViewFactoryProvider android.webkit.WebViewFactory.getProvider() (WebViewFactory.java:251)
10-06 14:52:51.580 19189 19542 I shubhlabh.orde:   at android.webkit.CookieManager android.webkit.CookieManager.getInstance() (CookieManager.java:40)
10-06 14:52:51.580 19189 19542 I shubhlabh.orde:   at android.webkit.CookieManager com.facebook.react.modules.network.ForwardingCookieHandler.getCookieManager() (ForwardingCookieHandler.kt:73)
10-06 14:52:51.580 19189 19542 I shubhlabh.orde:   at java.util.Map com.facebook.react.modules.network.ForwardingCookieHandler.get(java.net.URI, java.util.Map) (ForwardingCookieHandler.kt:30)
10-06 14:52:51.580 19189 19542 I shubhlabh.orde:   at java.util.List okhttp3.JavaNetCookieJar.loadForRequest(okhttp3.HttpUrl) (JavaNetCookieJar.kt:47)
10-06 14:52:51.580 19189 19542 I shubhlabh.orde:   at java.util.List com.facebook.react.modules.network.ReactCookieJarContainer.loadForRequest(okhttp3.HttpUrl) (ReactCookieJarContainer.kt:37)
10-06 14:52:51.580 19189 19542 I shubhlabh.orde:   at okhttp3.Response okhttp3.internal.http.BridgeInterceptor.intercept(okhttp3.Interceptor$Chain) (BridgeInterceptor.kt:74)
10-06 14:52:51.580 19189 19542 I shubhlabh.orde:   at okhttp3.Response okhttp3.internal.http.RealInterceptorChain.proceed(okhttp3.Request) (RealInterceptorChain.kt:109)
10-06 14:52:51.582 19189 19542 I shubhlabh.orde:   at okhttp3.Response okhttp3.internal.http.RetryAndFollowUpInterceptor.intercept(okhttp3.Interceptor$Chain) (RetryAndFollowUpInterceptor.kt:76)
10-06 14:52:51.582 19189 19542 I shubhlabh.orde:   at okhttp3.Response okhttp3.internal.http.RealInterceptorChain.proceed(okhttp3.Request) (RealInterceptorChain.kt:109)
10-06 14:52:51.582 19189 19542 I shubhlabh.orde:   at okhttp3.Response expo.modules.fetch.TransparentCompressionInterceptor.intercept(okhttp3.Interceptor$Chain) (TransparentCompressionInterceptor.kt:49)
10-06 14:52:51.582 19189 19542 I shubhlabh.orde:   at okhttp3.Response okhttp3.internal.http.RealInterceptorChain.proceed(okhttp3.Request) (RealInterceptorChain.kt:109)
10-06 14:52:51.582 19189 19542 I shubhlabh.orde:   at okhttp3.Response expo.modules.fetch.OkHttpFileUrlInterceptor.intercept(okhttp3.Interceptor$Chain) (OkHttpFileUrlInterceptor.kt:42)
10-06 14:52:51.582 19189 19542 I shubhlabh.orde:   at okhttp3.Response okhttp3.internal.http.RealInterceptorChain.proceed(okhttp3.Request) (RealInterceptorChain.kt:109)
10-06 14:52:51.582 19189 19542 I shubhlabh.orde:   at okhttp3.Response okhttp3.internal.connection.RealCall.getResponseWithInterceptorChain$okhttp() (RealCall.kt:201)
10-06 14:52:51.582 19189 19542 I shubhlabh.orde:   at void okhttp3.internal.connection.RealCall$AsyncCall.run() (RealCall.kt:517)
10-06 14:52:51.582 19189 19542 I shubhlabh.orde:   at void java.util.concurrent.ThreadPoolExecutor.runWorker(java.util.concurrent.ThreadPoolExecutor$Worker) (ThreadPoolExecutor.java:1167)
10-06 14:52:51.582 19189 19542 I shubhlabh.orde:   at void java.util.concurrent.ThreadPoolExecutor$Worker.run() (ThreadPoolExecutor.java:641)
10-06 14:52:51.582 19189 19542 I shubhlabh.orde:   at void java.lang.Thread.run() (Thread.java:764)
10-06 14:52:51.582 19189 19542 I shubhlabh.orde: Caused by: java.lang.ClassNotFoundException: Didn't find class "android.webkit.PacProcessor" on path: DexPathList[[zip file "/data/app/com.android.chrome-W9GMAmfd1VrzCchubitDKA==/base.apk"],nativeLibraryDirectories=[/data/app/com.android.chrome-W9GMAmfd1VrzCchubitDKA==/lib/arm64, /data/app/com.android.chrome-W9GMAmfd1VrzCchubitDKA==/base.apk!/lib/arm64-v8a, /system/lib64]]
10-06 14:52:51.582 19189 19542 I shubhlabh.orde:   at java.lang.Class dalvik.system.BaseDexClassLoader.findClass(java.lang.String) (BaseDexClassLoader.java:171)
10-06 14:52:51.582 19189 19542 I shubhlabh.orde:   at java.lang.Class java.lang.ClassLoader.loadClass(java.lang.String, boolean) (ClassLoader.java:379)
10-06 14:52:51.582 19189 19542 I shubhlabh.orde:   at java.lang.Class java.lang.ClassLoader.loadClass(java.lang.String) (ClassLoader.java:312)
10-06 14:52:51.582 19189 19542 I shubhlabh.orde:   at java.lang.Class java.lang.Class.classForName(java.lang.String, boolean, java.lang.ClassLoader) (Class.java:-2)
10-06 14:52:51.582 19189 19542 I shubhlabh.orde:   at java.lang.Class java.lang.Class.forName(java.lang.String, boolean, java.lang.ClassLoader) (Class.java:453)
10-06 14:52:51.582 19189 19542 I shubhlabh.orde:   at java.lang.Class android.webkit.WebViewFactory.getWebViewProviderClass(java.lang.ClassLoader) (WebViewFactory.java:176)
10-06 14:52:51.582 19189 19542 I shubhlabh.orde:   at java.lang.Class android.webkit.WebViewFactory.getProviderClass() (WebViewFactory.java:459)
10-06 14:52:51.582 19189 19542 I shubhlabh.orde:   at android.webkit.WebViewFactoryProvider android.webkit.WebViewFactory.getProvider() (WebViewFactory.java:251)
10-06 14:52:51.582 19189 19542 I shubhlabh.orde:   at android.webkit.CookieManager android.webkit.CookieManager.getInstance() (CookieManager.java:40)
10-06 14:52:51.582 19189 19542 I shubhlabh.orde:   at android.webkit.CookieManager com.facebook.react.modules.network.ForwardingCookieHandler.getCookieManager() (ForwardingCookieHandler.kt:73)
10-06 14:52:51.582 19189 19542 I shubhlabh.orde:   at java.util.Map com.facebook.react.modules.network.ForwardingCookieHandler.get(java.net.URI, java.util.Map) (ForwardingCookieHandler.kt:30)
10-06 14:52:51.582 19189 19542 I shubhlabh.orde:   at java.util.List okhttp3.JavaNetCookieJar.loadForRequest(okhttp3.HttpUrl) (JavaNetCookieJar.kt:47)
10-06 14:52:51.582 19189 19542 I shubhlabh.orde:   at java.util.List com.facebook.react.modules.network.ReactCookieJarContainer.loadForRequest(okhttp3.HttpUrl) (ReactCookieJarContainer.kt:37)
10-06 14:52:51.582 19189 19542 I shubhlabh.orde:   at okhttp3.Response okhttp3.internal.http.BridgeInterceptor.intercept(okhttp3.Interceptor$Chain) (BridgeInterceptor.kt:74)
10-06 14:52:51.582 19189 19542 I shubhlabh.orde:   at okhttp3.Response okhttp3.internal.http.RealInterceptorChain.proceed(okhttp3.Request) (RealInterceptorChain.kt:109)
10-06 14:52:51.582 19189 19542 I shubhlabh.orde:   at okhttp3.Response okhttp3.internal.http.RetryAndFollowUpInterceptor.intercept(okhttp3.Interceptor$Chain) (RetryAndFollowUpInterceptor.kt:76)
10-06 14:52:51.582 19189 19542 I shubhlabh.orde:   at okhttp3.Response okhttp3.internal.http.RealInterceptorChain.proceed(okhttp3.Request) (RealInterceptorChain.kt:109)
10-06 14:52:51.582 19189 19542 I shubhlabh.orde:   at okhttp3.Response expo.modules.fetch.TransparentCompressionInterceptor.intercept(okhttp3.Interceptor$Chain) (TransparentCompressionInterceptor.kt:49)
10-06 14:52:51.582 19189 19542 I shubhlabh.orde:   at okhttp3.Response okhttp3.internal.http.RealInterceptorChain.proceed(okhttp3.Request) (RealInterceptorChain.kt:109)
10-06 14:52:51.582 19189 19542 I shubhlabh.orde:   at okhttp3.Response expo.modules.fetch.OkHttpFileUrlInterceptor.intercept(okhttp3.Interceptor$Chain) (OkHttpFileUrlInterceptor.kt:42)
10-06 14:52:51.582 19189 19542 I shubhlabh.orde:   at okhttp3.Response okhttp3.internal.http.RealInterceptorChain.proceed(okhttp3.Request) (RealInterceptorChain.kt:109)
10-06 14:52:51.582 19189 19542 I shubhlabh.orde:   at okhttp3.Response okhttp3.internal.connection.RealCall.getResponseWithInterceptorChain$okhttp() (RealCall.kt:201)
10-06 14:52:51.582 19189 19542 I shubhlabh.orde:   at void okhttp3.internal.connection.RealCall$AsyncCall.run() (RealCall.kt:517)
10-06 14:52:51.582 19189 19542 I shubhlabh.orde:   at void java.util.concurrent.ThreadPoolExecutor.runWorker(java.util.concurrent.ThreadPoolExecutor$Worker) (ThreadPoolExecutor.java:1167)
10-06 14:52:51.582 19189 19542 I shubhlabh.orde:   at void java.util.concurrent.ThreadPoolExecutor$Worker.run() (ThreadPoolExecutor.java:641)
10-06 14:52:51.582 19189 19542 I shubhlabh.orde:   at void java.lang.Thread.run() (Thread.java:764)
10-06 14:52:51.582 19189 19542 I shubhlabh.orde: 
10-06 14:52:51.587 19189 19542 I shubhlabh.orde: Rejecting re-init on previously-failed class java.lang.Class<P64>: java.lang.NoClassDefFoundError: Failed resolution of: Landroid/webkit/PacProcessor;
10-06 14:52:51.587 19189 19542 I shubhlabh.orde:   at java.lang.Class java.lang.Class.classForName(java.lang.String, boolean, java.lang.ClassLoader) (Class.java:-2)
10-06 14:52:51.587 19189 19542 I shubhlabh.orde:   at java.lang.Class java.lang.Class.forName(java.lang.String, boolean, java.lang.ClassLoader) (Class.java:453)
10-06 14:52:51.587 19189 19542 I shubhlabh.orde:   at java.lang.Class android.webkit.WebViewFactory.getWebViewProviderClass(java.lang.ClassLoader) (WebViewFactory.java:176)
10-06 14:52:51.587 19189 19542 I shubhlabh.orde:   at java.lang.Class android.webkit.WebViewFactory.getProviderClass() (WebViewFactory.java:459)
10-06 14:52:51.587 19189 19542 I shubhlabh.orde:   at android.webkit.WebViewFactoryProvider android.webkit.WebViewFactory.getProvider() (WebViewFactory.java:251)
10-06 14:52:51.587 19189 19542 I shubhlabh.orde:   at android.webkit.CookieManager android.webkit.CookieManager.getInstance() (CookieManager.java:40)
10-06 14:52:51.587 19189 19542 I shubhlabh.orde:   at android.webkit.CookieManager com.facebook.react.modules.network.ForwardingCookieHandler.getCookieManager() (ForwardingCookieHandler.kt:73)
10-06 14:52:51.587 19189 19542 I shubhlabh.orde:   at java.util.Map com.facebook.react.modules.network.ForwardingCookieHandler.get(java.net.URI, java.util.Map) (ForwardingCookieHandler.kt:30)
10-06 14:52:51.587 19189 19542 I shubhlabh.orde:   at java.util.List okhttp3.JavaNetCookieJar.loadForRequest(okhttp3.HttpUrl) (JavaNetCookieJar.kt:47)
10-06 14:52:51.587 19189 19542 I shubhlabh.orde:   at java.util.List com.facebook.react.modules.network.ReactCookieJarContainer.loadForRequest(okhttp3.HttpUrl) (ReactCookieJarContainer.kt:37)
10-06 14:52:51.587 19189 19542 I shubhlabh.orde:   at okhttp3.Response okhttp3.internal.http.BridgeInterceptor.intercept(okhttp3.Interceptor$Chain) (BridgeInterceptor.kt:74)
10-06 14:52:51.587 19189 19542 I shubhlabh.orde:   at okhttp3.Response okhttp3.internal.http.RealInterceptorChain.proceed(okhttp3.Request) (RealInterceptorChain.kt:109)
10-06 14:52:51.587 19189 19542 I shubhlabh.orde:   at okhttp3.Response okhttp3.internal.http.RetryAndFollowUpInterceptor.intercept(okhttp3.Interceptor$Chain) (RetryAndFollowUpInterceptor.kt:76)
10-06 14:52:51.587 19189 19542 I shubhlabh.orde:   at okhttp3.Response okhttp3.internal.http.RealInterceptorChain.proceed(okhttp3.Request) (RealInterceptorChain.kt:109)
10-06 14:52:51.588 19189 19542 I shubhlabh.orde:   at okhttp3.Response expo.modules.fetch.TransparentCompressionInterceptor.intercept(okhttp3.Interceptor$Chain) (TransparentCompressionInterceptor.kt:49)
10-06 14:52:51.588 19189 19542 I shubhlabh.orde:   at okhttp3.Response okhttp3.internal.http.RealInterceptorChain.proceed(okhttp3.Request) (RealInterceptorChain.kt:109)
10-06 14:52:51.588 19189 19542 I shubhlabh.orde:   at okhttp3.Response expo.modules.fetch.OkHttpFileUrlInterceptor.intercept(okhttp3.Interceptor$Chain) (OkHttpFileUrlInterceptor.kt:42)
10-06 14:52:51.588 19189 19542 I shubhlabh.orde:   at okhttp3.Response okhttp3.internal.http.RealInterceptorChain.proceed(okhttp3.Request) (RealInterceptorChain.kt:109)
10-06 14:52:51.588 19189 19542 I shubhlabh.orde:   at okhttp3.Response okhttp3.internal.connection.RealCall.getResponseWithInterceptorChain$okhttp() (RealCall.kt:201)
10-06 14:52:51.588 19189 19542 I shubhlabh.orde:   at void okhttp3.internal.connection.RealCall$AsyncCall.run() (RealCall.kt:517)
10-06 14:52:51.588 19189 19542 I shubhlabh.orde:   at void java.util.concurrent.ThreadPoolExecutor.runWorker(java.util.concurrent.ThreadPoolExecutor$Worker) (ThreadPoolExecutor.java:1167)
10-06 14:52:51.588 19189 19542 I shubhlabh.orde:   at void java.util.concurrent.ThreadPoolExecutor$Worker.run() (ThreadPoolExecutor.java:641)
10-06 14:52:51.588 19189 19542 I shubhlabh.orde:   at void java.lang.Thread.run() (Thread.java:764)
10-06 14:52:51.588 19189 19542 I shubhlabh.orde: Caused by: java.lang.ClassNotFoundException: Didn't find class "android.webkit.PacProcessor" on path: DexPathList[[zip file "/data/app/com.android.chrome-W9GMAmfd1VrzCchubitDKA==/base.apk"],nativeLibraryDirectories=[/data/app/com.android.chrome-W9GMAmfd1VrzCchubitDKA==/lib/arm64, /data/app/com.android.chrome-W9GMAmfd1VrzCchubitDKA==/base.apk!/lib/arm64-v8a, /system/lib64]]
10-06 14:52:51.588 19189 19542 I shubhlabh.orde:   at java.lang.Class dalvik.system.BaseDexClassLoader.findClass(java.lang.String) (BaseDexClassLoader.java:171)
10-06 14:52:51.588 19189 19542 I shubhlabh.orde:   at java.lang.Class java.lang.ClassLoader.loadClass(java.lang.String, boolean) (ClassLoader.java:379)
10-06 14:52:51.588 19189 19542 I shubhlabh.orde:   at java.lang.Class java.lang.ClassLoader.loadClass(java.lang.String) (ClassLoader.java:312)
10-06 14:52:51.588 19189 19542 I shubhlabh.orde:   at java.lang.Class java.lang.Class.classForName(java.lang.String, boolean, java.lang.ClassLoader) (Class.java:-2)
10-06 14:52:51.588 19189 19542 I shubhlabh.orde:   at java.lang.Class java.lang.Class.forName(java.lang.String, boolean, java.lang.ClassLoader) (Class.java:453)
10-06 14:52:51.588 19189 19542 I shubhlabh.orde:   at java.lang.Class android.webkit.WebViewFactory.getWebViewProviderClass(java.lang.ClassLoader) (WebViewFactory.java:176)
10-06 14:52:51.588 19189 19542 I shubhlabh.orde:   at java.lang.Class android.webkit.WebViewFactory.getProviderClass() (WebViewFactory.java:459)
10-06 14:52:51.588 19189 19542 I shubhlabh.orde:   at android.webkit.WebViewFactoryProvider android.webkit.WebViewFactory.getProvider() (WebViewFactory.java:251)
10-06 14:52:51.588 19189 19542 I shubhlabh.orde:   at android.webkit.CookieManager android.webkit.CookieManager.getInstance() (CookieManager.java:40)
10-06 14:52:51.588 19189 19542 I shubhlabh.orde:   at android.webkit.CookieManager com.facebook.react.modules.network.ForwardingCookieHandler.getCookieManager() (ForwardingCookieHandler.kt:73)
10-06 14:52:51.588 19189 19542 I shubhlabh.orde:   at java.util.Map com.facebook.react.modules.network.ForwardingCookieHandler.get(java.net.URI, java.util.Map) (ForwardingCookieHandler.kt:30)
10-06 14:52:51.588 19189 19542 I shubhlabh.orde:   at java.util.List okhttp3.JavaNetCookieJar.loadForRequest(okhttp3.HttpUrl) (JavaNetCookieJar.kt:47)
10-06 14:52:51.588 19189 19542 I shubhlabh.orde:   at java.util.List com.facebook.react.modules.network.ReactCookieJarContainer.loadForRequest(okhttp3.HttpUrl) (ReactCookieJarContainer.kt:37)
10-06 14:52:51.588 19189 19542 I shubhlabh.orde:   at okhttp3.Response okhttp3.internal.http.BridgeInterceptor.intercept(okhttp3.Interceptor$Chain) (BridgeInterceptor.kt:74)
10-06 14:52:51.588 19189 19542 I shubhlabh.orde:   at okhttp3.Response okhttp3.internal.http.RealInterceptorChain.proceed(okhttp3.Request) (RealInterceptorChain.kt:109)
10-06 14:52:51.588 19189 19542 I shubhlabh.orde:   at okhttp3.Response okhttp3.internal.http.RetryAndFollowUpInterceptor.intercept(okhttp3.Interceptor$Chain) (RetryAndFollowUpInterceptor.kt:76)
10-06 14:52:51.588 19189 19542 I shubhlabh.orde:   at okhttp3.Response okhttp3.internal.http.RealInterceptorChain.proceed(okhttp3.Request) (RealInterceptorChain.kt:109)
10-06 14:52:51.588 19189 19542 I shubhlabh.orde:   at okhttp3.Response expo.modules.fetch.TransparentCompressionInterceptor.intercept(okhttp3.Interceptor$Chain) (TransparentCompressionInterceptor.kt:49)
10-06 14:52:51.588 19189 19542 I shubhlabh.orde:   at okhttp3.Response okhttp3.internal.http.RealInterceptorChain.proceed(okhttp3.Request) (RealInterceptorChain.kt:109)
10-06 14:52:51.588 19189 19542 I shubhlabh.orde:   at okhttp3.Response expo.modules.fetch.OkHttpFileUrlInterceptor.intercept(okhttp3.Interceptor$Chain) (OkHttpFileUrlInterceptor.kt:42)
10-06 14:52:51.588 19189 19542 I shubhlabh.orde:   at okhttp3.Response okhttp3.internal.http.RealInterceptorChain.proceed(okhttp3.Request) (RealInterceptorChain.kt:109)
10-06 14:52:51.588 19189 19542 I shubhlabh.orde:   at okhttp3.Response okhttp3.internal.connection.RealCall.getResponseWithInterceptorChain$okhttp() (RealCall.kt:201)
10-06 14:52:51.588 19189 19542 I shubhlabh.orde:   at void okhttp3.internal.connection.RealCall$AsyncCall.run() (RealCall.kt:517)
10-06 14:52:51.588 19189 19542 I shubhlabh.orde:   at void java.util.concurrent.ThreadPoolExecutor.runWorker(java.util.concurrent.ThreadPoolExecutor$Worker) (ThreadPoolExecutor.java:1167)
10-06 14:52:51.588 19189 19542 I shubhlabh.orde:   at void java.util.concurrent.ThreadPoolExecutor$Worker.run() (ThreadPoolExecutor.java:641)
10-06 14:52:51.588 19189 19542 I shubhlabh.orde:   at void java.lang.Thread.run() (Thread.java:764)
10-06 14:52:51.588 19189 19542 I shubhlabh.orde: 
10-06 14:52:51.588 19189 19542 I shubhlabh.orde: Rejecting re-init on previously-failed class java.lang.Class<P64>: java.lang.NoClassDefFoundError: Failed resolution of: Landroid/webkit/PacProcessor;
10-06 14:52:51.588 19189 19542 I shubhlabh.orde:   at java.lang.Class java.lang.Class.classForName(java.lang.String, boolean, java.lang.ClassLoader) (Class.java:-2)
10-06 14:52:51.589 19189 19542 I shubhlabh.orde:   at java.lang.Class java.lang.Class.forName(java.lang.String, boolean, java.lang.ClassLoader) (Class.java:453)
10-06 14:52:51.589 19189 19542 I shubhlabh.orde:   at java.lang.Class android.webkit.WebViewFactory.getWebViewProviderClass(java.lang.ClassLoader) (WebViewFactory.java:176)
10-06 14:52:51.589 19189 19542 I shubhlabh.orde:   at java.lang.Class android.webkit.WebViewFactory.getProviderClass() (WebViewFactory.java:459)
10-06 14:52:51.589 19189 19542 I shubhlabh.orde:   at android.webkit.WebViewFactoryProvider android.webkit.WebViewFactory.getProvider() (WebViewFactory.java:251)
10-06 14:52:51.589 19189 19542 I shubhlabh.orde:   at android.webkit.CookieManager android.webkit.CookieManager.getInstance() (CookieManager.java:40)
10-06 14:52:51.589 19189 19542 I shubhlabh.orde:   at android.webkit.CookieManager com.facebook.react.modules.network.ForwardingCookieHandler.getCookieManager() (ForwardingCookieHandler.kt:73)
10-06 14:52:51.589 19189 19542 I shubhlabh.orde:   at java.util.Map com.facebook.react.modules.network.ForwardingCookieHandler.get(java.net.URI, java.util.Map) (ForwardingCookieHandler.kt:30)
10-06 14:52:51.589 19189 19542 I shubhlabh.orde:   at java.util.List okhttp3.JavaNetCookieJar.loadForRequest(okhttp3.HttpUrl) (JavaNetCookieJar.kt:47)
10-06 14:52:51.589 19189 19542 I shubhlabh.orde:   at java.util.List com.facebook.react.modules.network.ReactCookieJarContainer.loadForRequest(okhttp3.HttpUrl) (ReactCookieJarContainer.kt:37)
10-06 14:52:51.589 19189 19542 I shubhlabh.orde:   at okhttp3.Response okhttp3.internal.http.BridgeInterceptor.intercept(okhttp3.Interceptor$Chain) (BridgeInterceptor.kt:74)
10-06 14:52:51.589 19189 19542 I shubhlabh.orde:   at okhttp3.Response okhttp3.internal.http.RealInterceptorChain.proceed(okhttp3.Request) (RealInterceptorChain.kt:109)
10-06 14:52:51.589 19189 19542 I shubhlabh.orde:   at okhttp3.Response okhttp3.internal.http.RetryAndFollowUpInterceptor.intercept(okhttp3.Interceptor$Chain) (RetryAndFollowUpInterceptor.kt:76)
10-06 14:52:51.589 19189 19542 I shubhlabh.orde:   at okhttp3.Response okhttp3.internal.http.RealInterceptorChain.proceed(okhttp3.Request) (RealInterceptorChain.kt:109)
10-06 14:52:51.589 19189 19542 I shubhlabh.orde:   at okhttp3.Response expo.modules.fetch.TransparentCompressionInterceptor.intercept(okhttp3.Interceptor$Chain) (TransparentCompressionInterceptor.kt:49)
10-06 14:52:51.589 19189 19542 I shubhlabh.orde:   at okhttp3.Response okhttp3.internal.http.RealInterceptorChain.proceed(okhttp3.Request) (RealInterceptorChain.kt:109)
10-06 14:52:51.589 19189 19542 I shubhlabh.orde:   at okhttp3.Response expo.modules.fetch.OkHttpFileUrlInterceptor.intercept(okhttp3.Interceptor$Chain) (OkHttpFileUrlInterceptor.kt:42)
10-06 14:52:51.589 19189 19542 I shubhlabh.orde:   at okhttp3.Response okhttp3.internal.http.RealInterceptorChain.proceed(okhttp3.Request) (RealInterceptorChain.kt:109)
10-06 14:52:51.589 19189 19542 I shubhlabh.orde:   at okhttp3.Response okhttp3.internal.connection.RealCall.getResponseWithInterceptorChain$okhttp() (RealCall.kt:201)
10-06 14:52:51.589 19189 19542 I shubhlabh.orde:   at void okhttp3.internal.connection.RealCall$AsyncCall.run() (RealCall.kt:517)
10-06 14:52:51.589 19189 19542 I shubhlabh.orde:   at void java.util.concurrent.ThreadPoolExecutor.runWorker(java.util.concurrent.ThreadPoolExecutor$Worker) (ThreadPoolExecutor.java:1167)
10-06 14:52:51.589 19189 19542 I shubhlabh.orde:   at void java.util.concurrent.ThreadPoolExecutor$Worker.run() (ThreadPoolExecutor.java:641)
10-06 14:52:51.589 19189 19542 I shubhlabh.orde:   at void java.lang.Thread.run() (Thread.java:764)
10-06 14:52:51.589 19189 19542 I shubhlabh.orde: Caused by: java.lang.ClassNotFoundException: Didn't find class "android.webkit.PacProcessor" on path: DexPathList[[zip file "/data/app/com.android.chrome-W9GMAmfd1VrzCchubitDKA==/base.apk"],nativeLibraryDirectories=[/data/app/com.android.chrome-W9GMAmfd1VrzCchubitDKA==/lib/arm64, /data/app/com.android.chrome-W9GMAmfd1VrzCchubitDKA==/base.apk!/lib/arm64-v8a, /system/lib64]]
10-06 14:52:51.589 19189 19542 I shubhlabh.orde:   at java.lang.Class dalvik.system.BaseDexClassLoader.findClass(java.lang.String) (BaseDexClassLoader.java:171)
10-06 14:52:51.589 19189 19542 I shubhlabh.orde:   at java.lang.Class java.lang.ClassLoader.loadClass(java.lang.String, boolean) (ClassLoader.java:379)
10-06 14:52:51.589 19189 19542 I shubhlabh.orde:   at java.lang.Class java.lang.ClassLoader.loadClass(java.lang.String) (ClassLoader.java:312)
10-06 14:52:51.589 19189 19542 I shubhlabh.orde:   at java.lang.Class java.lang.Class.classForName(java.lang.String, boolean, java.lang.ClassLoader) (Class.java:-2)
10-06 14:52:51.589 19189 19542 I shubhlabh.orde:   at java.lang.Class java.lang.Class.forName(java.lang.String, boolean, java.lang.ClassLoader) (Class.java:453)
10-06 14:52:51.589 19189 19542 I shubhlabh.orde:   at java.lang.Class android.webkit.WebViewFactory.getWebViewProviderClass(java.lang.ClassLoader) (WebViewFactory.java:176)
10-06 14:52:51.589 19189 19542 I shubhlabh.orde:   at java.lang.Class android.webkit.WebViewFactory.getProviderClass() (WebViewFactory.java:459)
10-06 14:52:51.589 19189 19542 I shubhlabh.orde:   at android.webkit.WebViewFactoryProvider android.webkit.WebViewFactory.getProvider() (WebViewFactory.java:251)
10-06 14:52:51.589 19189 19542 I shubhlabh.orde:   at android.webkit.CookieManager android.webkit.CookieManager.getInstance() (CookieManager.java:40)
10-06 14:52:51.589 19189 19542 I shubhlabh.orde:   at android.webkit.CookieManager com.facebook.react.modules.network.ForwardingCookieHandler.getCookieManager() (ForwardingCookieHandler.kt:73)
10-06 14:52:51.589 19189 19542 I shubhlabh.orde:   at java.util.Map com.facebook.react.modules.network.ForwardingCookieHandler.get(java.net.URI, java.util.Map) (ForwardingCookieHandler.kt:30)
10-06 14:52:51.589 19189 19542 I shubhlabh.orde:   at java.util.List okhttp3.JavaNetCookieJar.loadForRequest(okhttp3.HttpUrl) (JavaNetCookieJar.kt:47)
10-06 14:52:51.589 19189 19542 I shubhlabh.orde:   at java.util.List com.facebook.react.modules.network.ReactCookieJarContainer.loadForRequest(okhttp3.HttpUrl) (ReactCookieJarContainer.kt:37)
10-06 14:52:51.589 19189 19542 I shubhlabh.orde:   at okhttp3.Response okhttp3.internal.http.BridgeInterceptor.intercept(okhttp3.Interceptor$Chain) (BridgeInterceptor.kt:74)
10-06 14:52:51.589 19189 19542 I shubhlabh.orde:   at okhttp3.Response okhttp3.internal.http.RealInterceptorChain.proceed(okhttp3.Request) (RealInterceptorChain.kt:109)
10-06 14:52:51.589 19189 19542 I shubhlabh.orde:   at okhttp3.Response okhttp3.internal.http.RetryAndFollowUpInterceptor.intercept(okhttp3.Interceptor$Chain) (RetryAndFollowUpInterceptor.kt:76)
10-06 14:52:51.589 19189 19542 I shubhlabh.orde:   at okhttp3.Response okhttp3.internal.http.RealInterceptorChain.proceed(okhttp3.Request) (RealInterceptorChain.kt:109)
10-06 14:52:51.589 19189 19542 I shubhlabh.orde:   at okhttp3.Response expo.modules.fetch.TransparentCompressionInterceptor.intercept(okhttp3.Interceptor$Chain) (TransparentCompressionInterceptor.kt:49)
10-06 14:52:51.589 19189 19542 I shubhlabh.orde:   at okhttp3.Response okhttp3.internal.http.RealInterceptorChain.proceed(okhttp3.Request) (RealInterceptorChain.kt:109)
10-06 14:52:51.589 19189 19542 I shubhlabh.orde:   at okhttp3.Response expo.modules.fetch.OkHttpFileUrlInterceptor.intercept(okhttp3.Interceptor$Chain) (OkHttpFileUrlInterceptor.kt:42)
10-06 14:52:51.589 19189 19542 I shubhlabh.orde:   at okhttp3.Response okhttp3.internal.http.RealInterceptorChain.proceed(okhttp3.Request) (RealInterceptorChain.kt:109)
10-06 14:52:51.589 19189 19542 I shubhlabh.orde:   at okhttp3.Response okhttp3.internal.connection.RealCall.getResponseWithInterceptorChain$okhttp() (RealCall.kt:201)
10-06 14:52:51.589 19189 19542 I shubhlabh.orde:   at void okhttp3.internal.connection.RealCall$AsyncCall.run() (RealCall.kt:517)
10-06 14:52:51.589 19189 19542 I shubhlabh.orde:   at void java.util.concurrent.ThreadPoolExecutor.runWorker(java.util.concurrent.ThreadPoolExecutor$Worker) (ThreadPoolExecutor.java:1167)
10-06 14:52:51.589 19189 19542 I shubhlabh.orde:   at void java.util.concurrent.ThreadPoolExecutor$Worker.run() (ThreadPoolExecutor.java:641)
10-06 14:52:51.589 19189 19542 I shubhlabh.orde:   at void java.lang.Thread.run() (Thread.java:764)
10-06 14:52:51.589 19189 19542 I shubhlabh.orde: 
10-06 14:52:51.626 19189 19542 I cr_WVCFactoryProvider: version=138.0.7204.179 (720417921) minSdkVersion=26 isBundle=false multiprocess=true packageId=2
10-06 14:52:51.650 19189 19542 I cr_LibraryLoader: Successfully loaded native library
10-06 14:52:51.652 19189 19542 I cr_CachingUmaRecorder: Flushed 7 samples from 7 histograms, 0 samples were dropped.
10-06 14:52:51.800  2070  2185 D NtpTrustedTime: currentTimeMillis() cache hit
10-06 14:52:51.828  2070  3217 D CompatibilityInfo: mCompatibilityFlags - 0
10-06 14:52:51.828  2070  3217 D CompatibilityInfo: applicationDensity - 440
10-06 14:52:51.828  2070  3217 D CompatibilityInfo: applicationScale - 1.0
10-06 14:52:51.842  2070  2185 D NtpTrustedTime: currentTimeMillis() cache hit
10-06 14:52:51.847 18372 18500 I TrafficManageService: mina mTrafficStatsReceiver onReceive
10-06 14:52:51.975 19189 19200 I shubhlabh.orde: Background concurrent copying GC freed 90296(4MB) AllocSpace objects, 11(244KB) LOS objects, 49% free, 6MB/12MB, paused 675us total 111.264ms
10-06 14:52:52.615 19189 19223 I ReactNativeJS: 'AUTH_ERROR:', { [AuthApiError: Invalid login credentials]
10-06 14:52:52.615 19189 19223 I ReactNativeJS:   __isAuthError: true,
10-06 14:52:52.615 19189 19223 I ReactNativeJS:   name: 'AuthApiError',
10-06 14:52:52.615 19189 19223 I ReactNativeJS:   status: 400,
10-06 14:52:52.615 19189 19223 I ReactNativeJS:   code: 'invalid_credentials' }
10-06 14:52:52.699   744   744 D SurfaceFlinger: duplicate layer name: changing com.shubhlabh.order/com.shubhlabh.order.MainActivity to com.shubhlabh.order/com.shubhlabh.order.MainActivity#1
10-06 14:52:52.800  2289  2289 D StatusBar: disable<e i a s b h r c s > disable2<q i n g r >
10-06 14:52:52.801  2289  2289 D PhoneStatusBar/NavigationBarView: setDisabledFlags back:false home:false recent:false
10-06 14:52:52.802  2289  2289 D StatusBarClock:  isNormalMode= true clock visible=true
10-06 14:52:54.058  2643  6285 I DPMJ    : |REQ:RCVR| DPM creating socket
10-06 14:52:54.072 19560 19560 F linker  : CANNOT LINK EXECUTABLE "/system/bin/dpmd": "/system/lib64/libdpmframework.so" is 32-bit instead of 64-bit
10-06 14:52:54.286  2070  2102 E UsbDeviceManager: handle message = 9
10-06 14:52:54.287  2681  2681 D QtiCarrierConfigHelper: WARNING, no carrier configs on phone Id: 0
10-06 14:52:54.289  4666  4994 D PowerCheckerService: onBatteryChanged, mBatteryLevel = 100, status = 5, level = 100, plug = 1, scale = 100
10-06 14:52:54.289  2070  4389 V LocSvc_HIDL_Subscription_jni: battery_level_update
10-06 14:52:54.291 18372 18372 I BatteryInfoReceiver: ACTION_BATTERY_CHANGED
10-06 14:52:54.291  2289  2289 I MiuiChargeManager: notifyBatteryStatusChanged:  status: 5 isPlugged: 1 level: 100 wireState: 11 chargeSpeed: 0 mWiredChargeType: 0 mWirelessChargeType: 0 chargeDeviceType: -1
10-06 14:52:54.292  2289  2289 D KeyguardUpdateMonitor: received broadcast android.intent.action.BATTERY_CHANGED
10-06 14:52:54.294  2289  2289 D KeyguardUpdateMonitor: handleBatteryUpdate
10-06 14:52:54.294  2289  2289 I MiuiChargeController: checkBatteryStatus: chargeType 11 status 5 plugged 1 isRapidCharge false isSuperCharge false isCarMode false mChargeDeviceType -1 mChargeDeviceForAnalytic -1
10-06 14:52:54.294  2289  2289 I KeyguardIndication: updateIndication: mVisible false mDozing false mTransientIndication null mPowerPluggedIn true mUpArrowIndication Swipe up to unlock
10-06 14:52:54.296  2070  4389 V LocSvc_HIDL_Subscription_jni: [battery_level_update][931] [HC] =>> [HS]
10-06 14:52:54.296   714   714 V LocSvc_HIDL_IzatSubscription: [batteryLevelUpdate][777] [HS] <<<<= [HC]
10-06 14:52:54.297  2070  4389 V LocSvc_HIDL_Subscription_jni: Exit Result 0
10-06 14:52:54.601 19483 19495 V ClearcutMetricXmitter: Transmission is done.
10-06 14:52:55.058   689 28652 I vendor.qti.bluetooth@1.0-ibs_handler: ProcessIbsCmd: Received IBS_WAKE_IND: 0xFD
10-06 14:52:55.059   689 28652 D vendor.qti.bluetooth@1.0-ibs_handler: SerialClockVote: vote for UART CLK ON
10-06 14:52:55.062   689 28652 D vendor.qti.bluetooth@1.0-wake_lock: Acquire wakelock is acquired 
10-06 14:52:55.062   689 28652 I vendor.qti.bluetooth@1.0-ibs_handler: ProcessIbsCmd: Writing IBS_WAKE_ACK
10-06 14:52:55.086  2070  2240 W MiuiGesturePointerEventListener: onActionDown end: mGestureStatus = 0
10-06 14:52:55.103   689 28652 I vendor.qti.bluetooth@1.0-ibs_handler: ProcessIbsCmd: Received IBS_SLEEP_IND: 0xFE
10-06 14:52:55.103   689 28652 D vendor.qti.bluetooth@1.0-ibs_handler: SerialClockVote: vote for UART CLK OFF
10-06 14:52:55.116 18848 19258 I NearbyMediums: This GATT advertisement BleAdvertisement { version=2, socketVersion=2, isFast=true, serviceIdHash=null, data=[ 0x23 0x58 0x49 0x31 0x36 0x11 0x32 0x1c 0x61 0x2e 0xd3 0x37 0x34 0xff 0x08 0xbc 0x13 0x5e 0x6b 0xc3 0x2e 0x05 0x62 ], deviceToken=[ 0x7c 0x5f ], rxAdvertisement=null } is a Fast Advertisement and matched UUID 0000fef3-0000-1000-8000-00805f9b34fb in fastAdvertisementServiceUuids map with serviceID NearbySharing
10-06 14:52:55.159 18848 18823 I NearbyConnections: Found BleAdvertisement [ 0x23 0x58 0x49 0x31 0x36 0x11 0x32 0x1c 0x61 0x2e 0xd3 0x37 0x34 0xff 0x08 0xbc 0x13 0x5e 0x6b 0xc3 0x2e 0x05 0x62 ] (with EndpointId XI16 and EndpointInfo [ 0x32 0x1c 0x61 0x2e 0xd3 0x37 0x34 0xff 0x08 0xbc 0x13 0x5e 0x6b 0xc3 0x2e 0x05 0x62 ])
10-06 14:52:55.169 18848 18823 I NearbyConnections: ClientProxy(15640046 0p:com.google.android.gms.nearby.sharing) reporting onEndpointFound(XI16)
10-06 14:52:55.176 18848 18823 I NearbyConnections: ClientProxy(15640046) reporting onEndpointDistanceChanged(XI16, UNKNOWN)
10-06 14:52:55.181 18848 19260 I NearbySharing: NearbySharing Internal event EndpointDiscovered(endpointId=XI16)
10-06 14:52:55.250 19189 19227 D OpenGLRenderer: endAllActiveAnimators on 0x7233a89800 (RippleDrawable) with handle 0x723743ede0
10-06 14:52:55.253   689 28645 D vendor.qti.bluetooth@1.0-wake_lock: Release wakelock is released 
10-06 14:52:55.264  2289  2289 D StatusBar: disable<e i a s b h r c s > disable2<q i n g r >
10-06 14:52:55.266  2289  2289 D PhoneStatusBar/NavigationBarView: setDisabledFlags back:false home:false recent:false
10-06 14:52:55.266  2289  2289 D StatusBarClock:  isNormalMode= true clock visible=true
10-06 14:52:55.344 19483 19497 I id.partnersetu: ProcessProfilingInfo new_methods=0 is saved saved_to_disk=0 resolve_classes_delay=8000
10-06 14:52:55.433   744   936 W SurfaceFlinger: Attempting to set client state on removed layer: com.shubhlabh.order/com.shubhlabh.order.MainActivity#1
10-06 14:52:55.433   744   936 W SurfaceFlinger: Attempting to destroy on removed layer: com.shubhlabh.order/com.shubhlabh.order.MainActivity#1
10-06 14:52:55.446   744  2954 W SurfaceFlinger: Attempting to set client state on removed layer: Dim Layer for - Task=442#0
10-06 14:52:55.446   744  2954 W SurfaceFlinger: Attempting to destroy on removed layer: Dim Layer for - Task=442#0
10-06 14:52:55.527 18848 18868 I gle.android.gm: Background concurrent copying GC freed 446433(21MB) AllocSpace objects, 42(1808KB) LOS objects, 40% free, 34MB/58MB, paused 1.231ms total 319.965ms
10-06 14:52:55.916  2289  2289 I MiuiChargeManager: notifyBatteryStatusChanged:  status: 2 isPlugged: 1 level: 100 wireState: 11 chargeSpeed: 0 mWiredChargeType: 0 mWirelessChargeType: 0 chargeDeviceType: -1
10-06 14:52:55.916  2289  2289 D KeyguardUpdateMonitor: received broadcast android.intent.action.BATTERY_CHANGED
10-06 14:52:55.918  2070  4389 V LocSvc_HIDL_Subscription_jni: battery_level_update
10-06 14:52:55.918  2681  2681 D QtiCarrierConfigHelper: WARNING, no carrier configs on phone Id: 0
10-06 14:52:55.919  2070  4389 V LocSvc_HIDL_Subscription_jni: [battery_level_update][931] [HC] =>> [HS]
10-06 14:52:55.919   714   714 V LocSvc_HIDL_IzatSubscription: [batteryLevelUpdate][777] [HS] <<<<= [HC]
10-06 14:52:55.920  2070  4389 V LocSvc_HIDL_Subscription_jni: Exit Result 0
10-06 14:52:55.920  4666  4994 D PowerCheckerService: onBatteryChanged, mBatteryLevel = 100, status = 2, level = 100, plug = 1, scale = 100
10-06 14:52:55.920 18372 18372 I BatteryInfoReceiver: ACTION_BATTERY_CHANGED
10-06 14:52:55.922  2070  2102 E UsbDeviceManager: handle message = 9
10-06 14:52:55.924  2289  2289 D KeyguardUpdateMonitor: handleBatteryUpdate
10-06 14:52:55.925  2289  2289 I MiuiChargeController: checkBatteryStatus: chargeType 11 status 2 plugged 1 isRapidCharge false isSuperCharge false isCarMode false mChargeDeviceType -1 mChargeDeviceForAnalytic -1
10-06 14:52:55.925  2289  2289 I KeyguardIndication: updateIndication: mVisible false mDozing false mTransientIndication null mPowerPluggedIn true mUpArrowIndication Swipe up to unlock
10-06 14:52:56.212  2681  2681 D QtiCarrierConfigHelper: WARNING, no carrier configs on phone Id: 0
10-06 14:52:56.213  2289  2289 D KeyguardUpdateMonitor: received broadcast android.intent.action.BATTERY_CHANGED
10-06 14:52:56.214  4666  4994 D PowerCheckerService: onBatteryChanged, mBatteryLevel = 100, status = 2, level = 100, plug = 1, scale = 100
10-06 14:52:56.214 18372 18372 I BatteryInfoReceiver: ACTION_BATTERY_CHANGED
10-06 14:52:56.214  2070  4389 V LocSvc_HIDL_Subscription_jni: battery_level_update
10-06 14:52:56.215  2070  4389 V LocSvc_HIDL_Subscription_jni: [battery_level_update][931] [HC] =>> [HS]
10-06 14:52:56.215   714   714 V LocSvc_HIDL_IzatSubscription: [batteryLevelUpdate][777] [HS] <<<<= [HC]
10-06 14:52:56.216  2070  4389 V LocSvc_HIDL_Subscription_jni: Exit Result 0
10-06 14:52:56.802 19510 19524 I .android.chrom: ProcessProfilingInfo new_methods=0 is saved saved_to_disk=0 resolve_classes_delay=8000
10-06 14:52:56.215  2070  2102 E UsbDeviceManager: handle message = 9
10-06 14:52:57.210  2289  2289 I MiuiChargeManager: notifyBatteryStatusChanged:  status: 5 isPlugged: 1 level: 100 wireState: 11 chargeSpeed: 0 mWiredChargeType: 0 mWirelessChargeType: 0 chargeDeviceType: -1
10-06 14:52:57.211  2289  2289 D KeyguardUpdateMonitor: handleBatteryUpdate
10-06 14:52:57.211  2289  2289 I MiuiChargeController: checkBatteryStatus: chargeType 11 status 5 plugged 1 isRapidCharge false isSuperCharge false isCarMode false mChargeDeviceType -1 mChargeDeviceForAnalytic -1
10-06 14:52:57.211  2289  2289 I KeyguardIndication: updateIndication: mVisible false mDozing false mTransientIndication null mPowerPluggedIn true mUpArrowIndication Swipe up to unlock
10-06 14:52:57.212  2289  2289 D KeyguardUpdateMonitor: received broadcast android.intent.action.BATTERY_CHANGED
10-06 14:52:57.214  4666  4994 D PowerCheckerService: onBatteryChanged, mBatteryLevel = 100, status = 5, level = 100, plug = 1, scale = 100
10-06 14:52:57.215  2070  2102 E UsbDeviceManager: handle message = 9
10-06 14:52:57.215  2070  4389 V LocSvc_HIDL_Subscription_jni: battery_level_update
10-06 14:52:57.216  2681  2681 D QtiCarrierConfigHelper: WARNING, no carrier configs on phone Id: 0
10-06 14:52:57.216 18372 18372 I BatteryInfoReceiver: ACTION_BATTERY_CHANGED
10-06 14:52:57.216  2070  4389 V LocSvc_HIDL_Subscription_jni: [battery_level_update][931] [HC] =>> [HS]
10-06 14:52:57.216   714   714 V LocSvc_HIDL_IzatSubscription: [batteryLevelUpdate][777] [HS] <<<<= [HC]
10-06 14:52:57.218  2070  4389 V LocSvc_HIDL_Subscription_jni: Exit Result 0
10-06 14:52:57.874  2070  2240 W MiuiGesturePointerEventListener: onActionDown end: mGestureStatus = 0
10-06 14:52:57.951 19189 19223 I ReactNativeJS: AUTH_START
10-06 14:52:58.061  2643  6285 I DPMJ    : |REQ:RCVR| DPM creating socket
10-06 14:52:58.244 19189 19223 I ReactNativeJS: 'AUTH_ERROR:', { [AuthApiError: Invalid login credentials]
10-06 14:52:58.244 19189 19223 I ReactNativeJS:   __isAuthError: true,
10-06 14:52:58.244 19189 19223 I ReactNativeJS:   name: 'AuthApiError',
10-06 14:52:58.244 19189 19223 I ReactNativeJS:   status: 400,
10-06 14:52:58.244 19189 19223 I ReactNativeJS:   code: 'invalid_credentials' }
10-06 14:52:58.308   744   744 D SurfaceFlinger: duplicate layer name: changing com.shubhlabh.order/com.shubhlabh.order.MainActivity to com.shubhlabh.order/com.shubhlabh.order.MainActivity#1
10-06 14:52:58.400  2289  2289 D StatusBar: disable<e i a s b h r c s > disable2<q i n g r >
10-06 14:52:58.401  2289  2289 D PhoneStatusBar/NavigationBarView: setDisabledFlags back:false home:false recent:false
10-06 14:52:58.401  2289  2289 D StatusBarClock:  isNormalMode= true clock visible=true
10-06 14:52:58.850  2289  2289 I MiuiChargeManager: notifyBatteryStatusChanged:  status: 2 isPlugged: 1 level: 100 wireState: 11 chargeSpeed: 0 mWiredChargeType: 0 mWirelessChargeType: 0 chargeDeviceType: -1
10-06 14:52:58.851  2289  2289 D KeyguardUpdateMonitor: received broadcast android.intent.action.BATTERY_CHANGED
10-06 14:52:58.851  2070  4389 V LocSvc_HIDL_Subscription_jni: battery_level_update
10-06 14:52:58.853  2070  4389 V LocSvc_HIDL_Subscription_jni: [battery_level_update][931] [HC] =>> [HS]
10-06 14:52:58.853   714   714 V LocSvc_HIDL_IzatSubscription: [batteryLevelUpdate][777] [HS] <<<<= [HC]
10-06 14:52:58.853  2070  4389 V LocSvc_HIDL_Subscription_jni: Exit Result 0
10-06 14:52:58.853  4666  4994 D PowerCheckerService: onBatteryChanged, mBatteryLevel = 100, status = 2, level = 100, plug = 1, scale = 100
10-06 14:52:58.853 18372 18372 I BatteryInfoReceiver: ACTION_BATTERY_CHANGED
10-06 14:52:58.854  2070  2102 E UsbDeviceManager: handle message = 9
10-06 14:52:58.855  2681  2681 D QtiCarrierConfigHelper: WARNING, no carrier configs on phone Id: 0
10-06 14:52:58.855  2289  2289 D KeyguardUpdateMonitor: handleBatteryUpdate
10-06 14:52:58.855  2289  2289 I MiuiChargeController: checkBatteryStatus: chargeType 11 status 2 plugged 1 isRapidCharge false isSuperCharge false isCarMode false mChargeDeviceType -1 mChargeDeviceForAnalytic -1
10-06 14:52:58.856  2289  2289 I KeyguardIndication: updateIndication: mVisible false mDozing false mTransientIndication null mPowerPluggedIn true mUpArrowIndication Swipe up to unlock
10-06 14:52:59.077 19575 19575 F linker  : CANNOT LINK EXECUTABLE "/system/bin/dpmd": "/system/lib64/libdpmframework.so" is 32-bit instead of 64-bit
10-06 14:52:59.237  2070  2240 W MiuiGesturePointerEventListener: onActionDown end: mGestureStatus = 0
10-06 14:52:59.281  2289  2289 D KeyguardUpdateMonitor: received broadcast android.intent.action.BATTERY_CHANGED
10-06 14:52:59.282 18372 18372 I BatteryInfoReceiver: ACTION_BATTERY_CHANGED
10-06 14:52:59.282  2681  2681 D QtiCarrierConfigHelper: WARNING, no carrier configs on phone Id: 0
10-06 14:52:59.282  2070  2102 E UsbDeviceManager: handle message = 9
10-06 14:52:59.283  2070  4389 V LocSvc_HIDL_Subscription_jni: battery_level_update
10-06 14:52:59.283  4666  4994 D PowerCheckerService: onBatteryChanged, mBatteryLevel = 100, status = 2, level = 100, plug = 1, scale = 100
10-06 14:52:59.284  2070  4389 V LocSvc_HIDL_Subscription_jni: [battery_level_update][931] [HC] =>> [HS]
10-06 14:52:59.284   714   714 V LocSvc_HIDL_IzatSubscription: [batteryLevelUpdate][777] [HS] <<<<= [HC]
10-06 14:52:59.284  2070  4389 V LocSvc_HIDL_Subscription_jni: Exit Result 0
10-06 14:52:59.353 19189 19227 D OpenGLRenderer: endAllActiveAnimators on 0x7233b2f600 (RippleDrawable) with handle 0x7237755060
10-06 14:52:59.390  2289  2289 D StatusBar: disable<e i a s b h r c s > disable2<q i n g r >
10-06 14:52:59.395  2289  2289 D PhoneStatusBar/NavigationBarView: setDisabledFlags back:false home:false recent:false
10-06 14:52:59.396  2289  2289 D StatusBarClock:  isNormalMode= true clock visible=true
10-06 14:52:59.554   744   814 W SurfaceFlinger: Attempting to set client state on removed layer: com.shubhlabh.order/com.shubhlabh.order.MainActivity#1
10-06 14:52:59.555   744   814 W SurfaceFlinger: Attempting to set client state on removed layer: Dim Layer for - Task=442#0
10-06 14:52:59.555   744   814 W SurfaceFlinger: Attempting to destroy on removed layer: com.shubhlabh.order/com.shubhlabh.order.MainActivity#1
10-06 14:52:59.555   744   814 W SurfaceFlinger: Attempting to destroy on removed layer: Dim Layer for - Task=442#0
10-06 14:53:00.004  2289  2289 D KeyguardUpdateMonitor: handleTimeUpdate
10-06 14:53:00.148 18848 19570 I NearbyMediums: No BLE Fast/GATT advertisements found in the latest cycle.
10-06 14:53:00.148 18848 19570 I NearbyMediums: Current Tracked Scanning Clients are : {NearbyConnections.EnvironmentMonitor, NearbySharing}
10-06 14:53:00.360  2070  4172 D CompatibilityInfo: mCompatibilityFlags - 0
10-06 14:53:00.360  2070  4172 D CompatibilityInfo: applicationDensity - 440
10-06 14:53:00.360  2070  4172 D CompatibilityInfo: applicationScale - 1.0
10-06 14:53:01.601  2681  2681 D QtiCarrierConfigHelper: WARNING, no carrier configs on phone Id: 0
10-06 14:53:01.601  2070  4389 V LocSvc_HIDL_Subscription_jni: battery_level_update
10-06 14:53:01.604 18372 18372 I BatteryInfoReceiver: ACTION_BATTERY_CHANGED
10-06 14:53:01.604  2070  4389 V LocSvc_HIDL_Subscription_jni: [battery_level_update][931] [HC] =>> [HS]
10-06 14:53:01.600  2070  2102 E UsbDeviceManager: handle message = 9
10-06 14:53:01.604  2289  2289 I MiuiChargeManager: notifyBatteryStatusChanged:  status: 5 isPlugged: 1 level: 100 wireState: 11 chargeSpeed: 0 mWiredChargeType: 0 mWirelessChargeType: 0 chargeDeviceType: -1
10-06 14:53:01.604   714   714 V LocSvc_HIDL_IzatSubscription: [batteryLevelUpdate][777] [HS] <<<<= [HC]
10-06 14:53:01.604  2289  2289 D KeyguardUpdateMonitor: received broadcast android.intent.action.BATTERY_CHANGED
10-06 14:53:01.604  2289  2289 D KeyguardUpdateMonitor: handleBatteryUpdate
10-06 14:53:01.604  2289  2289 I MiuiChargeController: checkBatteryStatus: chargeType 11 status 5 plugged 1 isRapidCharge false isSuperCharge false isCarMode false mChargeDeviceType -1 mChargeDeviceForAnalytic -1
10-06 14:53:01.604  2289  2289 I KeyguardIndication: updateIndication: mVisible false mDozing false mTransientIndication null mPowerPluggedIn true mUpArrowIndication Swipe up to unlock
10-06 14:53:01.604  2070  4389 V LocSvc_HIDL_Subscription_jni: Exit Result 0
10-06 14:53:01.605  4666  4994 D PowerCheckerService: onBatteryChanged, mBatteryLevel = 100, status = 5, level = 100, plug = 1, scale = 100
10-06 14:53:02.064  2643  6285 I DPMJ    : |REQ:RCVR| DPM creating socket
10-06 14:53:03.234  2681  2681 D QtiCarrierConfigHelper: WARNING, no carrier configs on phone Id: 0
10-06 14:53:03.235  2289  2289 I MiuiChargeManager: notifyBatteryStatusChanged:  status: 2 isPlugged: 1 level: 100 wireState: 11 chargeSpeed: 0 mWiredChargeType: 0 mWirelessChargeType: 0 chargeDeviceType: -1
10-06 14:53:03.235  2289  2289 D KeyguardUpdateMonitor: received broadcast android.intent.action.BATTERY_CHANGED
10-06 14:53:03.237  2289  2289 D KeyguardUpdateMonitor: handleBatteryUpdate
10-06 14:53:03.237  2289  2289 I MiuiChargeController: checkBatteryStatus: chargeType 11 status 2 plugged 1 isRapidCharge false isSuperCharge false isCarMode false mChargeDeviceType -1 mChargeDeviceForAnalytic -1
10-06 14:53:03.237  2289  2289 I KeyguardIndication: updateIndication: mVisible false mDozing false mTransientIndication null mPowerPluggedIn true mUpArrowIndication Swipe up to unlock
10-06 14:53:03.237 18372 18372 I BatteryInfoReceiver: ACTION_BATTERY_CHANGED
10-06 14:53:03.237  2070  4389 V LocSvc_HIDL_Subscription_jni: battery_level_update
10-06 14:53:03.237  4666  4994 D PowerCheckerService: onBatteryChanged, mBatteryLevel = 100, status = 2, level = 100, plug = 1, scale = 100
10-06 14:53:03.239  2070  4389 V LocSvc_HIDL_Subscription_jni: [battery_level_update][931] [HC] =>> [HS]
10-06 14:53:03.239   714   714 V LocSvc_HIDL_IzatSubscription: [batteryLevelUpdate][777] [HS] <<<<= [HC]
10-06 14:53:03.239  2070  4389 V LocSvc_HIDL_Subscription_jni: Exit Result 0
10-06 14:53:03.240  2070  2102 E UsbDeviceManager: handle message = 9
10-06 14:53:03.853   739  2755 V APM_AudioPolicyManager: AudioPolicyManager:setRecordSilenced(uid:10129, silenced:1)
10-06 14:53:03.853   739  2755 V AudioFlinger: AudioFlinger::setRecordSilenced(uid:10129, silenced:1)
10-06 14:53:04.069 19578 19578 F linker  : CANNOT LINK EXECUTABLE "/system/bin/dpmd": "/system/lib64/libdpmframework.so" is 32-bit instead of 64-bit
10-06 14:53:04.180  2070  2613 D WificondControl: Scan result ready event
10-06 14:53:04.182  1382  2249 I LOWI-8.6.0.26: [LOWI-Scan] lowi_close_record:Scan done in 462087279ms, 2 APs in scan results
10-06 14:53:04.182  1382  1465 I LOWI-8.6.0.26: [LOWIController] processMeasurementResults: Results for Req 0x0.Current Req GTP-FDAL_18
10-06 14:53:04.182  1382  1465 I LOWI-8.6.0.26: [LOWIUtils] responseToOutPostcard - TO: XT-CS, FROM:   LOWI-SERVER, RESP:  LOWI_ASYNC_DISCOVERY_SCAN_RESULTS
10-06 14:53:06.002  2070  4389 V LocSvc_HIDL_Subscription_jni: battery_level_update
10-06 14:53:06.003  2681  2681 D QtiCarrierConfigHelper: WARNING, no carrier configs on phone Id: 0
10-06 14:53:06.003  2070  4389 V LocSvc_HIDL_Subscription_jni: [battery_level_update][931] [HC] =>> [HS]
10-06 14:53:06.004   714   714 V LocSvc_HIDL_IzatSubscription: [batteryLevelUpdate][777] [HS] <<<<= [HC]
10-06 14:53:06.004  2070  4389 V LocSvc_HIDL_Subscription_jni: Exit Result 0
10-06 14:53:06.005  4666  4994 D PowerCheckerService: onBatteryChanged, mBatteryLevel = 100, status = 5, level = 100, plug = 1, scale = 100
10-06 14:53:06.005 18372 18372 I BatteryInfoReceiver: ACTION_BATTERY_CHANGED
10-06 14:53:06.001  2070  2102 E UsbDeviceManager: handle message = 9
10-06 14:53:06.006  2289  2289 I MiuiChargeManager: notifyBatteryStatusChanged:  status: 5 isPlugged: 1 level: 100 wireState: 11 chargeSpeed: 0 mWiredChargeType: 0 mWirelessChargeType: 0 chargeDeviceType: -1
10-06 14:53:06.006  2289  2289 D KeyguardUpdateMonitor: received broadcast android.intent.action.BATTERY_CHANGED
10-06 14:53:06.008  2289  2289 D KeyguardUpdateMonitor: handleBatteryUpdate
10-06 14:53:06.008  2289  2289 I MiuiChargeController: checkBatteryStatus: chargeType 11 status 5 plugged 1 isRapidCharge false isSuperCharge false isCarMode false mChargeDeviceType -1 mChargeDeviceForAnalytic -1
10-06 14:53:06.008  2289  2289 I KeyguardIndication: updateIndication: mVisible false mDozing false mTransientIndication null mPowerPluggedIn true mUpArrowIndication Swipe up to unlock
10-06 14:53:06.067  2643  6285 I DPMJ    : |REQ:RCVR| DPM creating socket
10-06 14:53:07.565   739  2755 V APM_AudioPolicyManager: AudioPolicyManager:setRecordSilenced(uid:10065, silenced:1)
10-06 14:53:07.565   739  2755 V AudioFlinger: AudioFlinger::setRecordSilenced(uid:10065, silenced:1)
10-06 14:53:07.637  2070  2102 E UsbDeviceManager: handle message = 9
10-06 14:53:07.638  2070  4389 V LocSvc_HIDL_Subscription_jni: battery_level_update
10-06 14:53:07.638  2681  2681 D QtiCarrierConfigHelper: WARNING, no carrier configs on phone Id: 0
10-06 14:53:07.639  2070  4389 V LocSvc_HIDL_Subscription_jni: [battery_level_update][931] [HC] =>> [HS]
10-06 14:53:07.640   714   714 V LocSvc_HIDL_IzatSubscription: [batteryLevelUpdate][777] [HS] <<<<= [HC]
10-06 14:53:07.641  2070  4389 V LocSvc_HIDL_Subscription_jni: Exit Result 0
10-06 14:53:07.641 18372 18372 I BatteryInfoReceiver: ACTION_BATTERY_CHANGED
10-06 14:53:07.642  2289  2289 I MiuiChargeManager: notifyBatteryStatusChanged:  status: 2 isPlugged: 1 level: 100 wireState: 11 chargeSpeed: 0 mWiredChargeType: 0 mWirelessChargeType: 0 chargeDeviceType: -1
10-06 14:53:07.642  2289  2289 D KeyguardUpdateMonitor: received broadcast android.intent.action.BATTERY_CHANGED
10-06 14:53:07.642  4666  4994 D PowerCheckerService: onBatteryChanged, mBatteryLevel = 100, status = 2, level = 100, plug = 1, scale = 100
10-06 14:53:07.644  2289  2289 D KeyguardUpdateMonitor: handleBatteryUpdate
10-06 14:53:07.645  2289  2289 I MiuiChargeController: checkBatteryStatus: chargeType 11 status 2 plugged 1 isRapidCharge false isSuperCharge false isCarMode false mChargeDeviceType -1 mChargeDeviceForAnalytic -1
10-06 14:53:07.645  2289  2289 I KeyguardIndication: updateIndication: mVisible false mDozing false mTransientIndication null mPowerPluggedIn true mUpArrowIndication Swipe up to unlock
10-06 14:53:08.930  2681  2681 D QtiCarrierConfigHelper: WARNING, no carrier configs on phone Id: 0
10-06 14:53:08.930  2070  4389 V LocSvc_HIDL_Subscription_jni: battery_level_update
10-06 14:53:08.932  2070  4389 V LocSvc_HIDL_Subscription_jni: [battery_level_update][931] [HC] =>> [HS]
10-06 14:53:08.932  4666  4994 D PowerCheckerService: onBatteryChanged, mBatteryLevel = 100, status = 5, level = 100, plug = 1, scale = 100
10-06 14:53:08.933  2070  2102 E UsbDeviceManager: handle message = 9
10-06 14:53:08.933 18372 18372 I BatteryInfoReceiver: ACTION_BATTERY_CHANGED
10-06 14:53:08.935   714   714 V LocSvc_HIDL_IzatSubscription: [batteryLevelUpdate][777] [HS] <<<<= [HC]
10-06 14:53:08.936  2070  4389 V LocSvc_HIDL_Subscription_jni: Exit Result 0
10-06 14:53:08.936  2289  2289 I MiuiChargeManager: notifyBatteryStatusChanged:  status: 5 isPlugged: 1 level: 100 wireState: 11 chargeSpeed: 0 mWiredChargeType: 0 mWirelessChargeType: 0 chargeDeviceType: -1
10-06 14:53:08.936  2289  2289 D KeyguardUpdateMonitor: received broadcast android.intent.action.BATTERY_CHANGED
10-06 14:53:08.939  2289  2289 D KeyguardUpdateMonitor: handleBatteryUpdate
10-06 14:53:08.939  2289  2289 I MiuiChargeController: checkBatteryStatus: chargeType 11 status 5 plugged 1 isRapidCharge false isSuperCharge false isCarMode false mChargeDeviceType -1 mChargeDeviceForAnalytic -1
10-06 14:53:08.939  2289  2289 I KeyguardIndication: updateIndication: mVisible false mDozing false mTransientIndication null mPowerPluggedIn true mUpArrowIndication Swipe up to unlock
10-06 14:53:09.087 19581 19581 F linker  : CANNOT LINK EXECUTABLE "/system/bin/dpmd": "/system/lib64/libdpmframework.so" is 32-bit instead of 64-bit
10-06 14:53:09.562  2070  4172 I ActivityManager: Killing 18845:com.miui.securitycenter/1000 (adj 906): empty #17
10-06 14:53:09.564  2070  4172 I ActivityManager: Killing 18648:com.android.vending:quick_launch/u0a38 (adj 906): empty #18
10-06 14:53:09.564  2070  2099 W libprocessgroup: kill(-18845, 9) failed: No such process
10-06 14:53:09.614  2070  2099 I chatty  : uid=1000(system) ActivityManager identical 9 lines
10-06 14:53:09.620  2070  2099 W libprocessgroup: kill(-18845, 9) failed: No such process
10-06 14:53:09.620  2070  2099 I libprocessgroup: Successfully killed process cgroup uid 1000 pid 18845 in 55ms
10-06 14:53:09.620  2070  2099 W libprocessgroup: kill(-18648, 9) failed: No such process
10-06 14:53:09.620  1212  1212 I Zygote  : Process 18845 exited due to signal (9)
10-06 14:53:09.621 17402 17413 D ProcessObserverV8: onProcessDied:pid = 18845,died-uid=1000
10-06 14:53:09.625  2070  2099 W libprocessgroup: kill(-18648, 9) failed: No such process
10-06 14:53:09.648  2070  2099 I chatty  : uid=1000(system) ActivityManager identical 4 lines
10-06 14:53:09.654  2070  2099 W libprocessgroup: kill(-18648, 9) failed: No such process
10-06 14:53:09.659  1212  1212 I Zygote  : Process 18648 exited due to signal (9)
10-06 14:53:09.659  2070  2099 W libprocessgroup: kill(-18648, 9) failed: No such process
10-06 14:53:09.659  2070  2099 I libprocessgroup: Successfully killed process cgroup uid 10038 pid 18648 in 39ms
10-06 14:53:09.659 17402 17413 D ProcessObserverV8: onProcessDied:pid = 18648,died-uid=10038
10-06 14:53:10.071  2643  6285 I DPMJ    : |REQ:RCVR| DPM creating socket
10-06 14:53:10.152 18848 19260 I NearbyMediums: No BLE Fast/GATT advertisements found in the latest cycle.
10-06 14:53:10.152 18848 19260 I NearbyMediums: Current Tracked Scanning Clients are : {NearbyConnections.EnvironmentMonitor, NearbySharing}
10-06 14:53:10.156 18848 19570 I NearbyConnections: Processing lost BlePeripheral BlePeripheral{advertisement=BleAdvertisement { version=2, socketVersion=2, isFast=true, serviceIdHash=null, data=[ 0x23 0x58 0x49 0x31 0x36 0x11 0x32 0x1c 0x61 0x2e 0xd3 0x37 0x34 0xff 0x08 0xbc 0x13 0x5e 0x6b 0xc3 0x2e 0x05 0x62 ], deviceToken=[ 0x7c 0x5f ], rxAdvertisement=null }, dctAdvertisement=null, address=null, psm=0, deviceToken=<ByteString@4063167 size=2 contents="|_">, isSecondProfile=false, rxInstantConnectionAdv=null}.
10-06 14:53:10.157 18848 19570 I NearbyConnections: Lost BleEndpoint for BlePeripheral BlePeripheral{advertisement=BleAdvertisement { version=2, socketVersion=2, isFast=true, serviceIdHash=null, data=[ 0x23 0x58 0x49 0x31 0x36 0x11 0x32 0x1c 0x61 0x2e 0xd3 0x37 0x34 0xff 0x08 0xbc 0x13 0x5e 0x6b 0xc3 0x2e 0x05 0x62 ], deviceToken=[ 0x7c 0x5f ], rxAdvertisement=null }, dctAdvertisement=null, address=null, psm=0, deviceToken=<ByteString@4063167 size=2 contents="|_">, isSecondProfile=false, rxInstantConnectionAdv=null} (with EndpointId XI16 and EndpointInfo [ 0x32 0x1c 0x61 0x2e 0xd3 0x37 0x34 0xff 0x08 0xbc 0x13 0x5e 0x6b 0xc3 0x2e 0x05 0x62 ]).
10-06 14:53:10.158 18848 19570 I NearbyConnections: ClientProxy(15640046) reporting onEndpointLost(XI16)
10-06 14:53:10.161 18848 19260 I NearbySharing: NearbySharing Internal event EndpointLost(endpointId=XI16)
10-06 14:53:10.235 18848 18931 W gle.android.gm: Profile data size exceeds 500000 bytes
10-06 14:53:10.563  2289  2289 I MiuiChargeManager: notifyBatteryStatusChanged:  status: 2 isPlugged: 1 level: 100 wireState: 11 chargeSpeed: 0 mWiredChargeType: 0 mWirelessChargeType: 0 chargeDeviceType: -1
10-06 14:53:10.563  2289  2289 D KeyguardUpdateMonitor: received broadcast android.intent.action.BATTERY_CHANGED
10-06 14:53:10.563  2070  4389 V LocSvc_HIDL_Subscription_jni: battery_level_update
10-06 14:53:10.564  2681  2681 D QtiCarrierConfigHelper: WARNING, no carrier configs on phone Id: 0
10-06 14:53:10.565  2070  4389 V LocSvc_HIDL_Subscription_jni: [battery_level_update][931] [HC] =>> [HS]
10-06 14:53:10.565   714   714 V LocSvc_HIDL_IzatSubscription: [batteryLevelUpdate][777] [HS] <<<<= [HC]
10-06 14:53:10.566  2070  4389 V LocSvc_HIDL_Subscription_jni: Exit Result 0
10-06 14:53:10.566  4666  4994 D PowerCheckerService: onBatteryChanged, mBatteryLevel = 100, status = 2, level = 100, plug = 1, scale = 100
10-06 14:53:10.567  2070  2102 E UsbDeviceManager: handle message = 9
10-06 14:53:10.566 18372 18372 I BatteryInfoReceiver: ACTION_BATTERY_CHANGED
10-06 14:53:10.569  2289  2289 D KeyguardUpdateMonitor: handleBatteryUpdate
10-06 14:53:10.569  2289  2289 I MiuiChargeController: checkBatteryStatus: chargeType 11 status 2 plugged 1 isRapidCharge false isSuperCharge false isCarMode false mChargeDeviceType -1 mChargeDeviceForAnalytic -1
10-06 14:53:10.569  2289  2289 I KeyguardIndication: updateIndication: mVisible false mDozing false mTransientIndication null mPowerPluggedIn true mUpArrowIndication Swipe up to unlock
10-06 14:53:11.858  2070  4389 V LocSvc_HIDL_Subscription_jni: battery_level_update
10-06 14:53:11.859  2070  4389 V LocSvc_HIDL_Subscription_jni: [battery_level_update][931] [HC] =>> [HS]
10-06 14:53:11.860   714   714 V LocSvc_HIDL_IzatSubscription: [batteryLevelUpdate][777] [HS] <<<<= [HC]
10-06 14:53:11.860  2070  4389 V LocSvc_HIDL_Subscription_jni: Exit Result 0
10-06 14:53:11.860 18372 18372 I BatteryInfoReceiver: ACTION_BATTERY_CHANGED
10-06 14:53:11.861  2681  2681 D QtiCarrierConfigHelper: WARNING, no carrier configs on phone Id: 0
10-06 14:53:11.862  4666  4994 D PowerCheckerService: onBatteryChanged, mBatteryLevel = 100, status = 5, level = 100, plug = 1, scale = 100
10-06 14:53:11.861  2070  2102 E UsbDeviceManager: handle message = 9
10-06 14:53:11.858  2289  2289 I MiuiChargeManager: notifyBatteryStatusChanged:  status: 5 isPlugged: 1 level: 100 wireState: 11 chargeSpeed: 0 mWiredChargeType: 0 mWirelessChargeType: 0 chargeDeviceType: -1
10-06 14:53:11.865  2289  2289 D KeyguardUpdateMonitor: received broadcast android.intent.action.BATTERY_CHANGED
10-06 14:53:11.866  2289  2289 D KeyguardUpdateMonitor: handleBatteryUpdate
10-06 14:53:11.866  2289  2289 I MiuiChargeController: checkBatteryStatus: chargeType 11 status 5 plugged 1 isRapidCharge false isSuperCharge false isCarMode false mChargeDeviceType -1 mChargeDeviceForAnalytic -1
10-06 14:53:11.866  2289  2289 I KeyguardIndication: updateIndication: mVisible false mDozing false mTransientIndication null mPowerPluggedIn true mUpArrowIndication Swipe up to unlock
10-06 14:53:13.491  2070  2102 E UsbDeviceManager: handle message = 9
10-06 14:53:13.494  2681  2681 D QtiCarrierConfigHelper: WARNING, no carrier configs on phone Id: 0
10-06 14:53:13.496  4666  4994 D PowerCheckerService: onBatteryChanged, mBatteryLevel = 100, status = 2, level = 100, plug = 1, scale = 100
10-06 14:53:13.496 18372 18372 I BatteryInfoReceiver: ACTION_BATTERY_CHANGED
10-06 14:53:13.498  2289  2289 I MiuiChargeManager: notifyBatteryStatusChanged:  status: 2 isPlugged: 1 level: 100 wireState: 11 chargeSpeed: 0 mWiredChargeType: 0 mWirelessChargeType: 0 chargeDeviceType: -1
10-06 14:53:13.498  2070  4389 V LocSvc_HIDL_Subscription_jni: battery_level_update
10-06 14:53:13.498  2289  2289 D KeyguardUpdateMonitor: received broadcast android.intent.action.BATTERY_CHANGED
10-06 14:53:13.499  2070  4389 V LocSvc_HIDL_Subscription_jni: [battery_level_update][931] [HC] =>> [HS]
10-06 14:53:13.499   714   714 V LocSvc_HIDL_IzatSubscription: [batteryLevelUpdate][777] [HS] <<<<= [HC]
10-06 14:53:13.499  2070  4389 V LocSvc_HIDL_Subscription_jni: Exit Result 0
10-06 14:53:13.501  2289  2289 D KeyguardUpdateMonitor: handleBatteryUpdate
10-06 14:53:13.502  2289  2289 I MiuiChargeController: checkBatteryStatus: chargeType 11 status 2 plugged 1 isRapidCharge false isSuperCharge false isCarMode false mChargeDeviceType -1 mChargeDeviceForAnalytic -1
10-06 14:53:13.503  2289  2289 I KeyguardIndication: updateIndication: mVisible false mDozing false mTransientIndication null mPowerPluggedIn true mUpArrowIndication Swipe up to unlock
10-06 14:53:13.910   739  2755 V APM_AudioPolicyManager: AudioPolicyManager:setRecordSilenced(uid:10068, silenced:1)
10-06 14:53:13.910   739  2755 V AudioFlinger: AudioFlinger::setRecordSilenced(uid:10068, silenced:1)
10-06 14:53:14.074  2643  6285 I DPMJ    : |REQ:RCVR| DPM creating socket
10-06 14:53:14.097 19584 19584 F linker  : CANNOT LINK EXECUTABLE "/system/bin/dpmd": "/system/lib64/libdpmframework.so" is 32-bit instead of 64-bit
10-06 14:53:14.894 18848 18848 D BoundBrokerSvc: onUnbind: Intent { act=com.google.android.gms.common.BIND_SHARED_PREFS pkg=com.google.android.gms }
